ID,Text,Comment
IgorZ.CustomTools.ToolGroup.Main.DisplayName,Nástroje,-
IgorZ.CustomTools.LockSelectTool.DescriptionHint,"Držte <i>SHIFT</i>, abyste vybírali pouze položky jednoho typu.",-
IgorZ.CustomTools.LockSelectTool.SelectingNObjects,Výběr: {0} (x{1}),-
IgorZ.CustomTools.LockSelectTool.SelectingObject,""" Výběr: {0}""",-
IgorZ.CustomTools.LockSelectTool.StartObjectSelectingPrompt,Klikněte pro zahájení výběru: {0},-
IgorZ.CustomTools.LockSelectTool.StartSelectingPrompt,NamTargethe entity a klikněte pro začátek výběru,-
IgorZ.CustomTools.DebugFinishNowTool.Description,Okamžitě dokončí vybrané stavby.,-
IgorZ.CustomTools.DebugFinishNowTool.Title,Nástroj pro okamžité dokončení ladění,-
IgorZ.CustomTools.PauseTool.Description,Použijte tento nástroj k pozastavení budov a stavebních míst.,-
IgorZ.CustomTools.PauseTool.Title,Pausovat budovy,-
IgorZ.CustomTools.ResumeTool.Description,Použijte tento nástroj k obnovení činnosti budov a stavebních míst.,-
IgorZ.CustomTools.ResumeTool.Title,Obnovit budovy,-
IgorZ.CustomTools.KeyBindingGroup,Mod CustomTools,-
