ID,Text,Comment
LV.TI.EnableFreeCamera,Povolit volnou kameru,-
LV.TI.EnableFreeCameraDesc,Odstraňte omezení kamery ve hře.,-
LV.TI.FreeCameraLockAngle,Zamknout úhel volné kamery,-
LV.TI.FreeCameraLockAngleDesc,Při zapnuté volné kameře je vertikální úhel stále uzamčen.,-
LV.TI.DisableFog,Vypnout mlhu,-
LV.TI.DisableFogDesc,Odeberte mlhu ve hře.,-
LV.TI.ShowCoords,Zobrazit souřadnice,-
LV.TI.ShowCoordsDesc,Zobrazit blokové souřadnice v pravém horním rohu. Z je výška.,-
LV.TI.CoordsLabel,"(X, Y, Z): ({0}, {1}, {2})",-
LV.TI.HeightLabel,Výška: {0},-
LV.TI.OnlyShowHeight,- Zobrazit pouze výšku,-
LV.TI.OnlyShowHeightDesc,Zobrazit pouze výšku místo plných souřadnic.,-
LV.TI.PrioritizeRubbles,Prioritizovat sutě,-
LV.TI.PrioritizeRubblesDesc,Automaticky nastavit prioritu sutin na Vysokou.,-
LV.TI.ShowGameTime,Zobrazit herní čas,-
LV.TI.ShowGameTimeDesc,Zobrazit aktuální herní čas v pravém horním rohu.,-
LV.TI.EnableSpeedS25,"Povolit rychlost 0,25x [Shift+1]",-
LV.TI.EnableSpeedS25Desc,"Odblokujte možnost rychlosti 0,25x ve hře stisknutím Shift+1. Obvykle je to k dispozici pouze v režimu vývojáře.",-
LV.TI.EnableSpeed4,Zapnout rychlost 30x [4],-
LV.TI.EnableSpeed4Desc,"Odemkněte 4. rychlost 30x v hře stisknutím 4.
Obvykle je to k dispozici pouze v režimu vývojáře.",-
LV.TI.EnableSpeed5,Povolit 99x rychlost [5] (!),-
LV.TI.EnableSpeed5Desc,"Odemkněte 5. možnost rychlosti 99x ve hře stisknutím 5. Normálně je to k dispozici pouze v režimu vývojáře. <RedHighlight>Buďte upozorněni, že tato rychlost je nestabilní a může způsobit problémy se hrou. Někdo řekl, že bobři mohou zůstat hladoví a žízniví.</RedHighlight>",-
LV.TI.StaticLight,Statické nebe a sluneční světlo,-
LV.TI.StaticLightDesc,Pouze vizuální/uživatelské rozhraní. Toto světlo a pozice pro slunce a oblohu zůstanou po celou dobu stejné.,-
LV.TI.LightNone,Žádný,-
LV.TI.LightSunrise,Východ slunce,-
LV.TI.LightDay,Den,-
LV.TI.LightSunset,Západ slunce,-
LV.TI.LightNight,Noc,-
LV.TI.QuickQuit,Rychlý/Násilný odchod [Ctrl + Shift + Q] (!),-
LV.TI.QuickQuitDesc,Stiskněte Ctrl + Shift + Q pro okamžité nucené ukončení hry zabitím proces hry. ŽÁDNÉ ULOŽENÍ ani úklid stavu hry. Buďte opatrní!,-
LV.TI.BiggerBuildDragArea,Větší oblast pro táhnutí stavby (!),-
LV.TI.BiggerBuildDragAreaDesc,"Zvyšte oblast přetahování staveb pro stavby jako jsou hráze (výchozí 10x10) nebo silnice (25).
To výrazně zvyšuje načítací čas a využití paměti, takže to používejte opatrně.
Příklad: nastavení na 5 způsobí, že oblast přetahování bude 15x15 hráze nebo 30 silnic.
Může být změněno kdykoliv <b>ale je nutné znovu načíst uloženou hru, aby změna nabyla účinnosti.</b>",-
LV.TI.AutoClearDeadTrees,Automaticky odstraňovat mrtvé pařezy,-
LV.TI.AutoClearDeadTreesDesc,"Automaticky odstraňte mrtvé pařezy nebo keře (ty, které byste mohli okamžitě zničit stavbou přes ně).",-
LV.TI.AddRealTimeClock,Přidat reálný časový ukazatel,-
LV.TI.AddRealTimeClockDesc,"Přidejte hodiny v reálném čase do pravého horního rohu. To je užitečné pro hráče, kteří chtějí sledovat čas během hraní.",-
LV.TI.Clock24,- Použít 24hodinový formát,-
LV.TI.Clock24Desc,Použijte 24hodinový formát pro reálné časové hodiny (17:30 místo 05:30).,-
LV.TI.AutoSpped,Auto-rýchlost,-
LV.TI.NewDayAction,Na nový den,-
LV.TI.NewDayActionDesc,"Vyberte, co dělat v novém dni:  
- Nic: nic nedělat  
- Pauza: pozastavit hru  
- Rychlost 1: nastavit rychlost hry na 1x",-
LV.TI.NewDayActionNone,Žádný,-
LV.TI.NewDayActionPause,Pauza,-
LV.TI.NewDayActionSpeed1,Rychlost 1,-
LV.TI.NewDayAll,Každý den,-
LV.TI.NewDayWarning,V dny varování před počasím,-
LV.TI.NewDayHazard,Na nebezpečné počasí začínají dny,-
LV.TI.NewDayNewCycle,V nové cyklické dny,-
LV.TI.SpeedOnShiftEnd,Na konci směny,-
LV.TI.SpeedOnShiftEndDesc,"Změnit rychlost hry, když každý den končí směna (práce)",-
LV.TI.Nothing,Nedělat nic,-
LV.TI.SetSpeed,Nastavit na rychlost {0} (x{1}),-
LV.TI.AutoSpeed,Automatická rychlost,-
