ID,Text,Comment
LV.SGT.SamplingFreq,Frekvence vzorkování (hodina),-
LV.SGT.SamplingFreqDesc,Jak často je zaznamenávána hloubka úrovně toku.,-
LV.SGT.SamplingCount,Počet vzorků,-
LV.SGT.SamplingCountDesc,Kolik vzorků je uchováno.,-
LV.SGT.SamplesPerBar,Vzorky na bar,-
LV.SGT.SamplesPerBarDesc,Kolik vzorků je reprezentováno každým sloupcem v grafu.,-
LV.SGT.LowestDepth,Nejnižší hloubka: {0:0.00},-
LV.SGT.TooltipNoData,Žádná data,-
LV.SGT.TooltipLine,• {1:0.00} ({0:0.00}d zpět),-
LV.SGT.TooltipAvg,Průměr: {0:0.00},-
LV.SGT.DataHighest,Sledovaná nejvyšší hodnota: {0:0.00},-
Name_StreamGaugeTrackerFragment,Tracker hladiny potoka,-
