ID,Text,Comment
Cordial.Good.Fertilizer.DisplayName,Hnojivo pro stromy,-
Cordial.Good.Fertilizer.PluralDisplayName,Hnojiva pro stromy,-
Cordial.Fertilizer.Mild,Hnojivo pro stromy,-
Cordial.Fertilizer.Strong,Hnojivo pro stromy,-
Cordial.Building.Chemist.Description,Vaří chemické směsi,-
Cordial.Building.Chemist.DisplayName,Chemik,-
Cordial.Building.Chemist.FlavorDescription,Fantastický přístroj uvnitř se používá výhradně pro vědecké účely.,-
Cordial.Building.FertilizerDump.Description,Distribuuje hnojivo na zasazené stromy,-
Cordial.Building.FertilizerDump.DisplayName,Hnojivová skládka,-
Cordial.Building.FertilizerDump.FlavorDescription,Hnojivo pro stromy zlepšuje růst a výnos.,-
Cordial.Building.FertilizerDump.Consumption,Spotřeba hnojiva,-
Cordial.Building.FertilizerDump.TreeCount,Stromy ovlivněné,-
Cordial.Building.FertilizerDump.FertilizeYield,Aplikovat hnojivo na sběratelské stromy,-
Cordial.TreeFragment.Title,Růst je ovlivněn hnojivem.,-
Cordial.TreeFragment.GrowthDaily,Počet denního růstu se zvýšil o,-
Cordial.TreeFragment.GrowthAverage,Průměrný růst klesl o,-
Cordial.TreeFragment.YieldAverage,Průměrný nárůst výnosu se snížil o,-
Cordial.Unit.Days,dny,-
Cordial.Unit.PerHour,/h,-
