ID,Text,Comment
ToolGroups.Platforms,Platformy a přesahující části,-
Building.Overhang7x1.DisplayName,Výčnělek 7x1,-
Building.Overhang3x1.Centered.DisplayName,Úložný převis 3x1 středový,-
Building.Overhang5x1.Centered.DisplayName,Overhang 5x1 středově,-
Building.Overhang7x1.Centered.DisplayName,„Převis 7x1 na střed“,-
Building.MetalPlatform7x7.DisplayName,Železná platforma 7x7,-
Building.MetalPlatform7x7.Ladder.DisplayName,Metalová platforma 7x7 s žebříkem,-
Building.SuspensionBridge7x1.DisplayName,Visutý most 7x1,-
Building.SuspensionBridge8x1.DisplayName,Nákladní most 8x1,-
