ID,Text,Comment
OldGopher.Building.PipeBox.DisplayName,Krabice s trubkou,-
OldGopher.Building.PipeStraight.DisplayName,Rovná trubka,-
OldGopher.Building.PipeTurn.DisplayName,Zákruta Trubky,-
OldGopher.Building.PipeTIntersection.DisplayName,Rourkový T průsečík,-
OldGopher.Building.PipeXIntersection.DisplayName,Trubkový křížení X,-
OldGopher.Building.PipeUpward.DisplayName,Stoupající potrubí,-
OldGopher.Building.PipeVertical.DisplayName,Vertikální potrubí,-
OldGopher.Building.PipeDownward.DisplayName,Sestupná trubka,-
OldGopher.Building.PipeBox.Description,Trubka v nepromokrém bloku.,-
OldGopher.Building.PipeValve.DisplayName,Ventil potrubí,-
OldGopher.Building.PipeValve.Description,"Vypusťte vodu, když není ponořená.",-
OldGopher.Building.PipeWaterPump.DisplayName,Štěrbina s vodní pumpou,-
OldGopher.Building.PipeWaterPump.Description,Přenáší vodu pomocí energie až do maximální hloubky 6.,-
OldGopher.Building.PipeWaterPump.TakeToPipe,Vezměte vodu do potrubí.,-
OldGopher.Building.PipeWaterPump.TakeFromPipe,Ber vodu z trubek.,-
OldGopher.Building.PipeGeneric.Description,Přenáší vodu.,-
OldGopher.Building.PipeGeneric.Blocked.Short,trubka zablokována,-
OldGopher.Building.PipeGeneric.Blocked,Některý vstup do potrubí je blokován jinou budovou nebo terénem. Připojujte pouze k jinému potrubí.,-
OldGopher.Building.WaterShield.DisplayName,Vodní štít,-
OldGopher.Building.WaterShield.Description,"„Výkonný stroj, který odpuzuje vodu, když je napájen. Dbejte na to, abyste se kvůli nedostatku energie nezatopili.“",-
