ID,Text,Comment
LV.EQ.Earthquake,Erdbeben,-
LV.EQ.EarthquakeDesc,"Gefährliches Wetter: Während dieses Wetters treten gelegentlich Erdbeben auf. Jedes Beben trifft:
Ein zufälliges Gebiet und verursacht:
- Schäden an Gebäuden und kann bestimmte Funktionen für eine Weile blockieren
- Der Bau wird zurückgesetzt (Materialien gehen nicht verloren)
- Explosive Stoffe detonieren
- Gegenstände können aus Lagergebäuden herausfallen. Wenn das Gebäude explosive Stoffe enthält, geht der gesamte Inhalt verloren und das Gebäude wird zerstört.
- Biber und Bots im betroffenen Bereich können verletzt/geschädigt werden.
Auf der Karte:
- Alle Wasserflächen erweitern sich um einen bestimmten Prozentsatz.",-
LV.EQ.MinStr,Minimale Stärke,-
LV.EQ.MinStrDesc,"Der Mindeststärke des Erdbebens. Die Menge an HP, die es Gebäuden zufügen kann. Beeinflusst durch Handicap.",-
LV.EQ.MaxStr,Maximale Stärke,-
LV.EQ.MaxStrDesc,"Der maximale Stärke des Erdbebens. Die Menge an HP, die es Gebäuden zufügen kann. Beeinflusst durch Handicap.",-
LV.EQ.SurgeStr,Wasserwellenstärke,-
LV.EQ.SurgeStrDesc,Bei einem Erdbebenanstieg 'dehnt' sich das gesamte Wasser um diesen Betrag (%) aus.,-
LV.EQ.MinFreq,Minimale Frequenz (Tage),-
LV.EQ.MinFreqDesc,"Die minimale Zeit zwischen Erdbeben schlägen, in Tagen",-
LV.EQ.MaxFreq,Maximale Frequenz (Tage),-
LV.EQ.MaxFreqDesc,"Die maximale Zeit zwischen Erdbebenanschlägen, in Tagen",-
LV.EQ.DamageStatus,Das Gebäude wurde kürzlich durch ein Erdbeben beschädigt und ist blockiert.,-
LV.EQ.DamageStatusShort,Durch ein Erdbeben beschädigt,-
LV.EQ.ResultNotification,"Ein Erdbeben hat gerade deine Kolonie in der Nähe von ({0}, {1}) getroffen: {2}",-
LV.EQ.BuildingDamageNotf,• {0} Gebäude beschädigt.,-
LV.EQ.ConstructionDamageNotf,„• {0} Bauwerke zurückgesetzt.“,-
LV.EQ.ExplosivesNotf,• {0} Sprengstoffe detoniert.,-
LV.EQ.ExplosiveStorageNotf,• {0} explosivespeicher zerstört.,-
LV.EQ.ItemsLostNotf,• Aus Lager gefallene Gegenstände:,-
LV.EQ.ItemLostNotf,• {0} {1} wurde aus dem Lager verloren.,-
LV.EQ.BeaversInjuredNotf,• {0} Biber verletzt.,-
LV.EQ.BotsDamagedNotf,• {0} Bots beschädigt.,-
LV.EQ.RenoEqGroup,Erdbeben,-
LV.EQ.EqDamageReduction,Verstärkte Fundamente,-
LV.EQ.EqDamageReductionDesc,Reduziert Erdbebenschaden dauerhaft um {0:0%}.,-
LV.EQ.EqDamageReductionFlavor,"Die Fußbodenbalken sind verzahnt und kreuzweise abgestützt, wodurch seismische Belastungen gleichmäßig auf die Struktur verteilt werden.",-
LV.EQ.EqImmunity,Stoßdämpfende Struktur,-
LV.EQ.EqImmunityDesc,Immune gegen Erdbebenschaden für die nächsten {0} Treffer.,-
LV.EQ.EqImmunityFlavor,"Wie Federn verkeilte Stämme lassen den ganzen Ort wackeln, wenn der Boden bebt. Spaßig, aber sicher!",-
LV.EQ.EqDurability,Seismische Symbiose,-
LV.EQ.EqDurabilityDesc,"Wenn das nächste Erdbeben eintritt, erhöht sich die Haltbarkeit dieses Gebäudes dauerhaft um {0:+0%}. Kann nur einmal angewendet werden. Gewährt außerdem Immunität gegen diesen Schlag.",-
LV.EQ.EqDurabilityFlavor,"Die Bauherren prahlen, dass ihre Arbeit nur stärker wird, wenn der Boden unruhig wird.",-
LV.EQ.EqPileReinforced,Verstärkter Speicher,-
LV.EQ.EqPileReinforcedDesc,"Verhindert, dass gelagerte Waren während Erdbeben verschüttet werden.",-
LV.EQ.EqPileReinforcedFlavor,"Schwere Versteifungen und engere Bindungen verhindern, dass Vorräte bei Erschütterungen locker werden.",-
LV.EQ.EqPileReinforcedErr,Diese Renovierung kann nur auf Lagergebäude angewendet werden.,-
LV.EQ.EqImmunityStatus,Die nächsten {0} Erdbeben werden dieses Gebäude nicht beeinträchtigen.,-
LV.EQ.EqDurabilityDormant,{0} (Ruhemodus),-
LV.EQ.EqDurabilityActive,{0} (Aktiv),-
LV.EQ.EqDurabilityActiveDesc,Dauerhaftigkeit um {0:+0%} erhöht.,-
LV.EQ.InjuryChance,Verletzungswahrscheinlichkeit (%),-
LV.EQ.InjuryChanceDesc,"Die Wahrscheinlichkeit, dass Biber verletzt und Bots beschädigt werden, wenn sie sich im Erdbebenbereich befinden.",-
LV.EQ.BotDurabilityLoss,Roboter-Haltbarkeitverlust (%),-
LV.EQ.BotDurabilityLossDesc,"Die Menge an Haltbarkeit, die Bots bei Erdbebenverlusten erleiden.",-
LV.EQ.EqBlocked,Durch Erdbeben blockiert,-
LV.EQ.EqBlockedDesc,Was für ein Durcheinander! Dieses Gebäude wurde kürzlich durch ein Erdbeben beschädigt und muss gereinigt werden. Bestimmte Funktionen könnten bis dahin blockiert sein.,-
