ID,Text,Comment
beestingconfiguration.settings.mode,Bienenstich-Modus,-
beestingconfiguration.settings.mode.tooltip,Bestimmt das Verhalten von Bienengiften.,-
beestingconfiguration.settings.mode.off,Aus (Keine Bienenstiche),-
beestingconfiguration.settings.mode.vanilla,Vanille (Standard),-
beestingconfiguration.settings.mode.morestings,Biber <3 Bienennstiche. (Bienen stechen häufiger),-
beestingconfiguration.settings.mode.stackingstings,Schnelles Stapeln von Stichen,-
beestingconfiguration.settings.mode.beneficialstings,Nützliche Stiche (+1 statt -1 Modifikator),-
beestingconfiguration.settings.stackcount,Maximale Stapel,-
beestingconfiguration.settings.stackcount.tooltip,Maximale Anzahl der Bienenstich-Stapel (gewährt auch 10% Geschwindigkeit pro Stapel).,-
