ID,Text,Comment
Knatte.PowerLevee.DisplayName,Angetriebene Ärmeln,-
Knatte.PowerLevee.Description,"Damm mit Welle, um Pumpen anzutreiben. Sowohl horizontal als auch vertikal.",-
Knatte.UPowerLevee.DisplayName,Universelle angetriebene Hülse,-
Knatte.UPowerLevee.Description,"Damm, der eine Welle hat, um Pumpen anzutreiben. An allen Seiten verbunden.",-
Knatte.LargeWaterWheelLevee.DisplayName,Großes Wasserrad mit Deich,-
Knatte.LargeWaterWheelLevee.Description,"Wasserrad, das auch einen geneigten Damm hat, um zu helfen, das Wasser in den Kanälen zu halten und ein Überlaufen zu verhindern.",-
Knatte.TurbineSmall.DisplayName,Turbine Klein,-
Knatte.TurbineSmall.Description,"Eine kleine Turbine, die Energie in derselben Richtung wie die Welle erzeugt.",-
Knatte.TurbineSmall.FlavorDescription,Danke 99Cent und Ymerzeru für die Inspiration.,-
Knatte.TurbineBig.DisplayName,Große Turbine,-
Knatte.TurbineBig.Description,"Eine große Turbine, die Energie in der gleichen Richtung wie die Welle erzeugt",-
Knatte.TurbineBig.FlavorDescription,Alles oder nichts,-
