ID,Text,Comment
KyP.PumpExtender.GlobalSettingsHeader,Globaler Pumpenmodifier,-
KyP.PumpExtender.UseGlobalModifier,Globalen Pumpenmodifikator verwenden,-
KyP.PumpExtender.UseGlobalModifierToolTip,Erhöht/Verringert alle Pumpeneinstellungen,-
KyP.PumpExtender.GlobalModifier,Globaler Pumpenmodifikator,-
KyP.PumpExtender.IndividualPumpSettings,Einzelne Pumpeneinstellungen,-
KyP.Use.IndividualPumpSettings,Individuelle Pumpeneinstellungen verwenden,-
KyP.Use.IndividualPumpSettingsTooltip,"Wenn Sie dies aktivieren, erhalten Sie Einstellungen für alle Pumpen beim nächsten Laden. Es kann das Laden des Spiels um einige Sekunden verlangsamen.",-
