ID,Text,Comment
LV.MWRS.Redsurge,Rotschwellen,-
LV.MWRS.RedsurgeMultiplier,Redsurge maximaler Multiplikator,-
LV.MWRS.RedsurgeMultiplierDesc,"Der maximale zusätzliche Multiplikator für das Redsurge-Wetter bei maximaler Stufe (ohne Handicap). 
Dieser Wert wird durch Handicap wie Dauer beeinflusst. 
Standardwert: 2,5 (250%), was bedeutet, dass bei nicht angewendetem Handicap (Standardzyklus 5) alle Wasserquellenstärken bei 350% liegen.",-
LV.MWRS.RedsurgeDesc,Gefährliches Wetter: Kombinierte Auswirkungen von Monsun und Badrückgang.,-
