ID,Text,Comment
KyP.PumpExtender.GlobalSettingsHeader,Globaler Pumpenmodifikator,-
KyP.PumpExtender.UseGlobalModifier,Globale Pumpenmodifikation verwenden,-
KyP.PumpExtender.UseGlobalModifierToolTip,Erhöht/Reduziert alle Pumpeneinstellungen,-
KyP.PumpExtender.GlobalModifier,Globaler Pumpenmodifikator,-
KyP.PumpExtender.IndividualPumpSettings,Individuelle Pumpeneinstellungen,-
KyP.Use.IndividualPumpSettings,Individuelle Pumpeneinstellungen verwenden,-
KyP.Use.IndividualPumpSettingsTooltip,Durch Aktivieren dieser Option erhalten Sie Einstellungen für alle Pumpen beim nächsten Laden. Dies kann das Laden des Spiels um einige Sekunden verlangsamen.,-
