ID,Text,Comment
LV.StC.StableCoreName,Stabiles Kern,-
LV.StC.StableCoreDesc,"Ein stabilisierter Kern, der jederzeit bewaffnet werden kann und nach einer langen Verzögerung detoniert.",-
LV.StC.StableCoreFlavor,"„Es verblüfft mich immer noch, wie die Menschen dachten, ‚instabil‘ sei ein Feature.“ — Beaverton",-
LV.StC.Arm,Arm,-
LV.StC.ArmDesc,"Nachdem sie bewaffnet wurde, wird der Stabilitätskern in {0:0.0} Tagen explodieren. Sobald sie bewaffnet ist, kann der Countdown nicht gestoppt werden.",-
LV.StC.NoDelete,Kann einen Stabilen Kern nicht vernichten,-
LV.StC.Armed,Kern bewaffnet,-
Name_StableCoreFragment,Stabiler Kern,-
