ID,Text,Comment
ToolGroups.Nadca.ThoseMetalOverhangs,Diese Überhänge,-
ToolGroups.Nadca.ThosePlatforms,Diese Plattformen,-
Nadca.Subgroup_SomeMetalPlatforms.DisplayName,Einige Metallplattformen,-
Nadca.Subgroup_SomeMetalOverhangs.DisplayName,Einige Metallüberhänge,-
Nadca.Subgroup_SomePlatforms.DisplayName,Einige Plattformen,-
Nadca.Overhang8x1.DisplayName,Überhang 8x1,-
Nadca.Overhang9x1.DisplayName,Überhang 9x1,-
Nadca.Overhang10x1.DisplayName,Überhang 10x1,-
Nadca.Overhang11x1.DisplayName,Überhang 11x1,-
Nadca.Overhang12x1.DisplayName,Überstand 12x1,-
Nadca.Overhang13x1.DisplayName,Überhang 13x1,-
Nadca.Overhang10x5.DisplayName,Überhang 10x5,-
Nadca.Overhang.T.5x1.DisplayName,T Überhang 5x1,-
Nadca.Overhang.T.10x1.DisplayName,T Überhang 10x1,-
Nadca.Overhang3x3+22.DisplayName,Groß Lang 3x3+22,-
Nadca.Platform3x3x3.DisplayName,Große Plattform 3x3x3,-
Nadca.Platform3x3x3.FlavorDescription,Eine solide Grundlage für jede wachsende Lodge.,-
Nadca.Platform4x4x3.DisplayName,Größere Plattform 4x4x3,-
Nadca.Platform4x4x3.FlavorDescription,Größer werden! Mehr Platz für Blaupausen (oder einfach nur für Spritzer).,-
Nadca.Platform5x5x3.DisplayName,Mega Plattform 5x5x3,-
Nadca.Platform5x5x3.FlavorDescription,"Wahrhaft majestätisch! Eine Plattform, die für einen Biberkönig... oder eine sehr große Familie geeignet ist.",-
Nadca.Platform5x5x3.Access.DisplayName,Mega-Plattform 5x5x3 mit Klappe,-
Nadca.Platform5x5x3.Access.FlavorDescription,Selbst die größten Plattformen benötigen eine praktische Notausstieg für schnelle Sprünge.,-
Nadca.Platform10x10.DisplayName,Giga-Plattform 10x10,-
Nadca.Platform10x10.Description,"Eine einzelne hohe Plattform, die auf vier Ecken eines gebauten Fundaments ruhen muss.",-
Nadca.Platform10x10.FlavorDescription,Eine große Bühne für großartige Biberpläne.,-
Nadca.RustedPlatform20x20.FlavorDescription,Lass dich nicht schneiden!,-
Nadca.RustedPlatform20x20.DisplayName,Rostige Plattform 20x20,-
Nadca.PlatformMetalBlock.DisplayName,Rostiger Plattformblock,-
Nadca.PlatformMetalBlock.Description,Wasser-durchlässiger Block für Plattformfundamente,-
Nadca.PlatformMetalBlock.FlavorDescription,"Fester Stand, selbst wenn die Dinge feucht werden.",-
Nadca.PlatformMetalBase20x20.DisplayName,20x20 Rostige Basis,-
Nadca.PlatformMetalBase20x20.Description,Wasserdurchlässiger Untergrund für rostige Plattform 20x20,-
Nadca.PlatformMetalBase20x20.FlavorDescription,"Hält die großen Plattformen davon ab, matschige Böden zu bekommen.",-
Nadca.PlatformWoodBlock.DisplayName,Holzplattformblock,-
Nadca.PlatformWoodBlock.Description,Wasserbarrierestein für einige Giga-Plattformen. Kann als Deich verwendet werden.,-
Nadca.PlatformWoodBlock.FlavorDescription,"Richtiges Holz hält das Wasser dort, wo es hingehört.",-
Nadca.MetalPlatform1x1.DisplayName,Metallplattform 1x1,-
Nadca.MetalPlatform1x1.Description,Ideal zum Füllen von Lücken in ausgelegten Plattformen,-
Nadca.MetalPlatform1x1.FlavorDescription,"Verschließt die kleinen Lücken, die Biber manchmal vergessen.",-
Nadca.MetalPlatform3x3.Corner.DisplayName,Eck-Metallplattform 3x3,-
Nadca.MetalPlatform3x3.Corner.Description,Die besten Plattformen stehen in der Ecke.,-
Nadca.MetalPlatform3x3.Corner.FlavorDescription,"Schön verstaut, robust und stark.",-
Nadca.MetalPlatform4x4.Corner.DisplayName,Eckmetallplattform 4x4,-
Nadca.MetalPlatform4x4.Corner.Description,Eckplattformen stehen nicht alleine.,-
Nadca.MetalPlatform4x4.Corner.FlavorDescription,Wesentlich für diese ehrgeizigen Eckbauten.,-
Nadca.MetalPlatform4x4.Access.DisplayName,Metallplattform 4x4 mit Luke,-
Nadca.MetalPlatform4x4.Access.Description,Metallplattform mit entferntem Eck für den Zugang,-
Nadca.MetalPlatform4x4.Access.FlavorDescription,Eine praktische Abkürzung für beschäftigte Pfoten.,-
Nadca.MetalPlatform5x10.DisplayName,Großer Überhang 10x5,-
Nadca.MetalPlatform5x10.FlavorDescription,"Groß genug, damit zwei Biber die Weltherrschaft planen können. Oder einfach nur ein Nickerchen machen.",-
Nadca.MetalPlatform5x10.Description,"Eine Plattform, die den Bedürfnissen von zwei entspricht.",-
Nadca.MetalPlatform15x15.DisplayName,Größte Metallplattform 15x15,-
Nadca.MetalPlatform15x15.Description,Ein solides Fundament,-
Nadca.MetalPlatform15x15.FlavorDescription,Der Grundstein (oder vielleicht Holzstein?) einer ernsthaften Bieberkolonie.,-
Nadca.MetalPlatform5x5.Lip.DisplayName,Metallplattform 5x5 Kante A,-
Nadca.MetalPlatform5x5.Lip.Description,Die Erweiterung Ihrer Plattformen war noch nie einfacher!,-
Nadca.MetalPlatform5x5.Lip.FlavorDescription,Macht das Klettern nur ein wenig einfacher.,-
Nadca.MetalPlatform5x5.Lip2.DisplayName,Metallplattform 5x5 Vorsprung B,-
Nadca.MetalPlatform5x5.Lip2.Description,Perfekt für nahtlosen Zugang zu Ihrem oberen Niveau.,-
Nadca.MetalPlatform5x5.Lip2.FlavorDescription,"Mach weiter, kleiner Biber, mach weiter!",-
Nadca.MetalPlatform5x5.Lip2b.DisplayName,Metallplattform 5x5 Ledge B Lang,-
Nadca.MetalPlatform5x5.Lip2b.Description,Erstellen Sie ein Netzwerk unter Ihren Plattformen.,-
Nadca.MetalPlatform5x5.Lip2b.FlavorDescription,"Für den Fall, dass du dich heimlich darunter bewegen musst.",-
Nadca.MetalPlatform5x5.Lip3.DisplayName,Metallplattform 5x5 Kante C,-
Nadca.MetalPlatform5x5.Lip3.Description,Machen Sie Ihre Plattformen jetzt zukunftssicher!,-
Nadca.MetalPlatform5x5.Lip3.FlavorDescription,"Bauen für die Staudämme von morgen, heute!",-
Nadca.MetalPlatform5x5.Access.DisplayName,Metallplattform 5x5 mit Luke,-
Nadca.MetalPlatform5x5.Access.Description,Metallplattform 5x5 mit einem Zugangsloch für noch nahtlosere Konstruktionen,-
Nadca.MetalPlatform5x5.Access.FlavorDescription,"Poppe genau dort auf, wo du sein musst!",-
Nadca.TunnelPlatform.DisplayName,Wasserbarrierter Tunnelplatz,-
Nadca.TunnelPlatform.Description,"Plattform, die verhindert, dass Wasser eindringt.",-
Nadca.TunnelPlatform.FlavorDescription,"Trockene Pfoten garantiert, sogar unter Wasser. Biberzauber!",-
Nadca.WBTunnel.DisplayName,Wasserbarrieren-Tunnel,-
Nadca.WBTunnel.Description,"Ein magischer Tunnel, der sich von den Grenzen der bekannten Physik befreit und Wasser von allen Seiten abstößt.",-
Nadca.WBTunnel.Description.FlavorDescription,Es ist nicht nass drinnen. Frag nicht wie.,-
