ID,Text,Comment
battery.DirtyMouths.WashStation.DisplayName,Mundspülstation,-
battery.DirtyMouths.WashStation.Description,"Eine hübsche kleine Station für Biber mit SCHMUTZIGEN MÄULERN, um eine dringend benötigte Reinigung durchzuführen.",-
battery.DirtyMouths.WashStation.FlavorDescription,Ich lese das nicht.,-
battery.DirtyMouths.UI.Button,UNREIN!!!,-
battery.DirtyMouths.Need.DisplayName,Schmutziger Mund,-
battery.DirtyMouths.CriticalNeed.Text,Der Biber hat einen SCHMUTZIGEN Mund.,-
