ID,Text,Comment
LV.Pkg.BuildPackager,Build Packager Mod,-
LV.Pkg.BuiltDone,"'Packager' Mod erstellt. Bitte starten Sie das Spiel neu und aktivieren Sie den erstellten Mod.
<RoteMarkierung>Deaktivieren Sie diesen Mod nicht.</RoteMarkierung>
Wenn Sie den Mod erneut erstellen möchten (zum Beispiel nach dem Ändern von Mods, die Gegenstände hinzufügen/entfernen), deaktivieren Sie einfach den erstellten Mod und die Schaltfläche wird wieder angezeigt.",-
LV.Pkg.Restart,Neustart,-
LV.Pkg.PackagedName,{0} ×10,-
LV.Pkg.PackagedNamePlural,{0} ×10,-
LV.Pkg.Packager,Packager,-
LV.Pkg.PackagerDesc,Verpackt 10× eines beliebigen unterstützten Gutes in ein einzelnes Paket,-
LV.Pkg.PackagerFlavor,"Aus der Not geboren, von Pedanten perfektioniert. Wo Unordnung herrscht, ist ein Bündler zu finden.",-
LV.Pkg.Unpacker,Entpacker,-
LV.Pkg.UnpackerDesc,Entpackt ein Paket zurück in 10× einzelne Waren.,-
LV.Pkg.UnpackerFlavor,"Nichts erfreut einen Biber mehr, als das Umpacken des Unerwarteten.",-
LV.Pkg.RecipePack,Pack {0},-
LV.Pkg.RecipeUnpack,Entpacken {0},-
LV.Pkg.BulkCrate,Großpackung,-
LV.Pkg.BulkCratePlural,Großladungskisten,-
LV.Pkg.LiquidBarrel,Flüssigkeitsfass,-
LV.Pkg.LiquidBarrelPlural,Flüssigkeitsfässer,-
LV.Pkg.Option10,10× Verpackung aktivieren,-
LV.Pkg.Option10Desc,Ermöglicht das Packen von 10× Waren in einen einzelnen Gegenstand,-
LV.Pkg.OptionCrate,Großkisten aktivieren (Haufen → Lager),-
LV.Pkg.OptionCrateDesc,Ermöglicht das Verpacken von Haufenwaren in Großkisten zur Lagerung in Lagerhäusern.,-
LV.Pkg.OptionBarrel,Flüssigkeitsfässer aktivieren (Tank → Lager),-
LV.Pkg.OptionBarrelDesc,Ermöglicht das Verpacken von Tankflüssigkeiten in Flüssigkeitsfässern zur Lagerung in Lagerräumen.,-
LV.Pkg.PackagedCrateName,{0} ×10 Verpackt,-
LV.Pkg.PackagedCrateNamePlural,{0} ×10 Kisten,-
LV.Pkg.PackagedBarrelName,{0} ×10 Fässer,-
LV.Pkg.PackagedBarrelNamePlural,{0} ×10 Fässer,-
LV.Pkg.RecipePackCrate,Pack & Kiste {0},-
LV.Pkg.RecipeUnpackCrate,Auspacken {0},-
LV.Pkg.RecipePackBarrel,Pack & Fass {0},-
LV.Pkg.RecipeUnpackBarrel,Fass entpacken {0},-
LV.Pkg.TransformedGoodGroup,Produkte in Kisten und Fässern,-
LV.Pkg.Update710,"Schlüsselname: LV.Pkg.Update710 - Neuer zu übersetzender Text: ""Dieses Update bietet Ihnen zwei neue zusätzliche Optionen: Großkisten und Flüssigkeitsfässer, mit denen Sie Stapel- und Tankwaren in Lagerhäusern lagern können. Überprüfen Sie die Mod-Beschreibung auf Steam oder Mod.io für weitere Details.""",-
