ID,Text,Comment
LV.CTB.Ungrouped,Ungruppiert,-
LV.CTB.Id,Id:,-
LV.CTB.Name,Name:,-
LV.CTB.Icon,Symbol:,-
LV.CTB.GoodList,Waren:,-
LV.CTB.SelectIcon,Wähle Symbol,-
LV.CTB.GroupHeader,Gruppe: {0} ({1}),-
LV.CTB.GoodGroups,Gute Gruppen,-
LV.CTB.Goods,Waren,-
LV.CTB.Filter,Filter,-
LV.CTB.AddGroup,Gruppe hinzufügen,-
LV.CTB.DeleteGroup,Gruppe löschen,-
LV.CTB.MoveHere,Bewege die ausgewählten Waren hierher,-
LV.CTB.NewGroup,Unbenannte Gruppe,-
LV.CTB.DeleteConfirm,"Bist du sicher, dass du die Gruppe '{0}' löschen möchtest? Alle Waren in dieser Gruppe werden nach 'Ungeordnet' verschoben.",-
LV.CTB.ResetNotice,"Die Einstellungen wurden zurückgesetzt. Bitte starten Sie das Spiel neu, damit das Mod ordnungsgemäß neu initialisiert werden kann.",-
