ID,Text,Comment
IgorZ.TimberCommons.WaterTower.Utilization,Genutztes Potenzial: {0:0.#}%,-
IgorZ.TimberCommons.WaterTower.IrrigatedArea,Bedeckte Fläche: {0},-
IgorZ.TimberCommons.WaterTower.EffectiveRange,Effektive Reichweite: {0},-
IgorZ.TimberCommons.WaterTower.NoTilesToIrrigate,Keine erreichbaren Fliesen zum Bewässern,-
IgorZ.TimberCommons.GrowthRateModifier.BoostPercentile,Wachstumssteigerung: <GreenHighlight>🡅</GreenHighlight>{0:0.#}%,-
IgorZ.TimberCommons.GrowthRateModifier.SlowdownPercentile,Wachstumsverlangsamung: <RedHighlight>🡇</RedHighlight>{0:0.#}%,-
IgorZ.TimberCommons.AdjustableWaterOutput.StopAboveDownstream,Schließe oberhalb der Tiefe am Überlauf: {0},-
IgorZ.TimberCommons.InjuryProbability,Verletzungswahrscheinlichkeit: {0} jede Stunde,-
IgorZ.TimberCommons.InjuryProbabilityDaily,Verletzungswahrscheinlichkeit: {0} tagsüber,-
IgorZ.TimberCommons.Settings.TimeAndDurationSection,Zeit- und Dauerdarstellung,-
IgorZ.TimberCommons.Settings.TimeAndDuration.DaysHoursSupplyLeft,"""Solange der Vorrat reicht"" als Tage/Stunden anzeigen",-
IgorZ.TimberCommons.Settings.TimeAndDuration.DaysHoursGrowingTime,Wachstumszeit als Tage/Stunden anzeigen,-
IgorZ.TimberCommons.Settings.TimeAndDuration.DaysHoursForRecipeDuration,Rezeptzeiten anzeigen als Tage/Stunden,-
IgorZ.TimberCommons.Settings.TimeAndDuration.HigherPrecisionForFuelConsumingRecipes,Zeigen Sie den Kraftstoffverbrauch des Rezepts mit höherer Präzision an.,-
IgorZ.TimberCommons.Settings.IrrigationSystemSection,Bewässerungssystem,-
IgorZ.TimberCommons.Settings.IrrigationSystem.OverrideDesertLevelsForWaterTowers,Zeigen Sie bewässerte Fliesen sowie gut befeuchtete.,-
IgorZ.TimberCommons.Settings.IrrigationSystem.OverrideDesertLevelsForWaterTowersTooltip,"Gibt an, ob die Fliesen glänzend grün (gut befeuchtet) aussehen sollen. Andernfalls zeigt die Standardlogik sie als 'kaum befeuchtet', da die Bewässerungstürme nur das Basisfeuchtigkeitsniveau liefern.",-
IgorZ.TimberCommons.Settings.WaterBuildingsSection,Wassergebäude,-
IgorZ.TimberCommons.Settings.WaterBuildings.AdjustWaterDepthAtSpillwayOnMechanicalPumps,Erlauben Sie das Festlegen des maximalen Wasserspiegels am Überlauf der mechanischen Pumpen.,-
IgorZ.TimberCommons.Settings.WaterBuildings.AdjustWaterDepthAtSpillwayOnFluidDumps,Erlauben Sie die Einstellung des maximalen Wasserspiegels am Überlauf der Flüssigkeitstropfen.,-
IgorZ.TimberCommons.Settings.WaterBuildings.ShowCurrentStrengthInSluice,Aktuelle Stärke im Schacht anzeigen,-
IgorZ.TimberCommons.Settings.InjuryProbabilitySection,Verletzungswahrscheinlichkeit,-
IgorZ.TimberCommons.Settings.InjuryProbability.ShowInFragment,Zeigen Sie die Verletzungswahrscheinlichkeit im rechten Bereich an.,-
IgorZ.TimberCommons.Settings.InjuryProbability.ShowAvatarHint,Zeigen Sie das Zeichen auf dem Gebäude-Avatar an.,-
IgorZ.TimberCommons.Settings.InjuryProbability.ShowAvatarHintTooltip,"Fahren Sie mit der Maus über den Indikator, um die Verletzungswahrscheinlichkeit zu sehen.",-
IgorZ.TimberCommons.Settings.InjuryProbability.ShowAsDailyProbability,Tägliche Wahrscheinlichkeiten anzeigen,-
IgorZ.TimberCommons.Settings.DebugSection,Fehlerbehebung und Problemlösung,-
IgorZ.TimberCommons.Settings.Debug.VerboseLogging,Ausführliches Protokollieren,-
IgorZ.TimberCommons.Settings.Debug.VerboseLoggingTooltip,"Protokolle enthalten nützlichere Details, können jedoch die Spielleistung beeinträchtigen.",-
