ID,Text,Comment
Knatte.WE_IrrigationExtractFuel.DisplayName,Bewässerung mit Tree Boost,-
Knatte.WE_IrrigationFuel.DisplayName,Bewässerung,-
Knatte.IrrigationTower.DisplayName,Bewässerungsturm,-
Knatte.IrrigationTower.Description,"Bewässert das Land um sich herum. Verwendet kein Wasser für Fliesen, die es nicht bewässern kann.",-
Knatte.IrrigationTower.Header,Bewässerungsmodus:,-
Knatte.IrrigationTower.FlavorDescription,"Mit weniger als einem Drittel der Erde, das mit Wasser bedeckt ist, wurde Bewässerung notwendig.",-
Knatte.IrrigationTowerV2_FT.DisplayName,Effizienter Bewässerungsturm,-
Knatte.IrrigationTowerV2_FT.Description,"Bewässert mehr Land um sich herum und kann das Baumwachstum mit Extrakt steigern. Verwendet kein Wasser für Fliesen, die es nicht bewässern kann.",-
Knatte.IrrigationTowerV2_IT.DisplayName,Betriebener Bewässerungsturm,-
Knatte.IrrigationTowerV2_IT.Description,"Bewässert die Umgebung ohne benötigte Arbeiter. Für einen höheren Wasserverbrauch blockiert es auch die Kontamination. Verwendet kein Wasser für Fliesen, die es nicht bewässern kann.",-
Knatte.IrrigationTowerV2.FlavorDescription,"Bei weniger als einem Drittel der Erdoberfläche, die mit Wasser bedeckt ist, wurde Bewässerung notwendig.",-
Knatte.BigIrrigationTower.DisplayName,Großer Bewässerungsturm,-
Knatte.BigIrrigationTowerIT.Description,"Bewässert sogar noch mehr Land darum für weniger Wasser.  
Der blaue Rohr zeigt den Ausgangspunkt der Bewässerung an.  
Verwendet kein Wasser für Fliesen, die es nicht bewässern kann.",-
Knatte.BigIrrigationTowerFT.Description,"Bewässert sogar mehr Land um sich herum mit weniger Wasser. 
Gelbe Rohre zeigen den Startpunkt der Bewässerung an. 
Verwendet kein Wasser für Fliesen, die es nicht bewässern kann.",-
Knatte.BigIrrigationTower.FlavorDescription,Tropf Tropf Tropfen.,-
