ID,Text,Comment
LV.TI.EnableFreeCamera,Kostenlose Kamera aktivieren,-
LV.TI.EnableFreeCameraDesc,Entferne die Kameraeinschränkungen im Spiel.,-
LV.TI.FreeCameraLockAngle,Freie Kameraausrichtung sperren,-
LV.TI.FreeCameraLockAngleDesc,"Wenn die Freikamera aktiviert ist, bleibt der vertikale Winkel weiterhin gesperrt.",-
LV.TI.DisableFog,Nebel deaktivieren,-
LV.TI.DisableFogDesc,Entferne den Nebel im Spiel.,-
LV.TI.ShowCoords,Koordinaten anzeigen,-
LV.TI.ShowCoordsDesc,Zeigen Sie die Blockkoordinaten in der oberen rechten Ecke an. Z ist die Höhe.,-
LV.TI.CoordsLabel,"(X, Y, Z): ({0}, {1}, {2})",-
LV.TI.HeightLabel,Höhe: {0},-
LV.TI.OnlyShowHeight,- Nur die Höhe anzeigen,-
LV.TI.OnlyShowHeightDesc,Zeige nur die Höhe anstelle der gesamten Koordinaten.,-
LV.TI.PrioritizeRubbles,Priorisieren Sie Trümmer,-
LV.TI.PrioritizeRubblesDesc,Setze die Priorität von Trümmern automatisch auf Hoch.,-
LV.TI.ShowGameTime,Spielzeit anzeigen,-
LV.TI.ShowGameTimeDesc,Zeige die aktuelle Spielzeit oben rechts an.,-
LV.TI.EnableSpeedS25,"Aktivieren Sie 0,25x Geschwindigkeit [Shift+1]",-
LV.TI.EnableSpeedS25Desc,"Entsperren Sie die 0,25-fache Geschwindigkeitsoption im Spiel, indem Sie Shift+1 drücken. Normalerweise ist dies nur im Entwicklermodus verfügbar.",-
LV.TI.EnableSpeed4,Aktivieren Sie 30-fache Geschwindigkeit [4],-
LV.TI.EnableSpeed4Desc,"Schalte die 4. Geschwindigkeitsoption 30x im Spiel frei, indem du die 4 drückst. Normalerweise ist dies nur im Entwicklermodus verfügbar.",-
LV.TI.EnableSpeed5,Aktivieren Sie 99-fache Geschwindigkeit [5] (!),-
LV.TI.EnableSpeed5Desc,"Schalte die 5. Geschwindigkeitsoption 99x im Spiel frei, indem du die 5 drückst. Normalerweise ist dies nur im Entwicklermodus verfügbar. <RedHighlight>Sei gewarnt, dass diese Geschwindigkeit instabil ist und Probleme mit dem Spiel verursachen kann. Jemand hat gesagt, dass Biber hungrig und durstig bleiben könnten.</RedHighlight>",-
LV.TI.StaticLight,Statisches Himmel- und Sonnenlicht,-
LV.TI.StaticLightDesc,Visuell/UI nur. Dieses Licht und die Position für Sonne und Himmel bleibt immer gleich.,-
LV.TI.LightNone,Keine,-
LV.TI.LightSunrise,Sonnenaufgang,-
LV.TI.LightDay,Tag,-
LV.TI.LightSunset,Sonnenuntergang,-
LV.TI.LightNight,Nacht,-
LV.TI.QuickQuit,Schnell/Erzwingen Beenden [Strg + Umschalt + Q] (!),-
LV.TI.QuickQuitDesc,"Drücken Sie Strg + Shift + Q, um das Spiel sofort durch Beenden des Spielprozesses zwangsweise zu beenden. KEIN SPIELSTAND oder Bereinigung des Spielstatus. Seien Sie vorsichtig!",-
LV.TI.BiggerBuildDragArea,Größere Baufläche zum Ziehen (!),-
LV.TI.BiggerBuildDragAreaDesc,"Erhöhen Sie die Ziehfläche für Gebäude wie Dämme (Standard 10x10) oder Straßen (25). Dies erhöht signifikant die Ladezeit und den Speicherbedarf, daher sollte es mit Vorsicht verwendet werden. Beispiel: Wenn Sie dies auf 5 setzen, wird die Ziehfläche 15x15 Dämme oder 30 Straßen. Kann jederzeit geändert werden <b>muss jedoch gespeichert werden, um wirksam zu werden.</b>",-
LV.TI.AutoClearDeadTrees,Automatisches Entfernen abgestorbener Baumstümpfe.,-
LV.TI.AutoClearDeadTreesDesc,Tote Baumstümpfe oder Büsche automatisch entfernen (diese hätten Sie sofort durch Überbauen zerstören können).,-
LV.TI.AddRealTimeClock,Echtzeituhr hinzufügen,-
LV.TI.AddRealTimeClockDesc,"Fügen Sie eine Echtzeituhr oben rechts ein. Dies ist nützlich für Spieler, die die Zeit beim Spielen im Auge behalten möchten.",-
LV.TI.Clock24,- 24-Stunden-Format verwenden,-
LV.TI.Clock24Desc,Verwende das 24-Stunden-Format für die Echtzeituhr (17:30 statt 05:30).,-
LV.TI.AutoSpped,Automatische Geschwindigkeit,-
LV.TI.NewDayAction,An einem neuen Tag,-
LV.TI.NewDayActionDesc,"Wählen Sie, was Sie an einem neuen Tag tun möchten:
- Nichts: tun Sie nichts
- Pause: pausieren Sie das Spiel
- Geschwindigkeit 1: setzen Sie die Spielgeschwindigkeit auf 1x",-
LV.TI.NewDayActionNone,Keine,-
LV.TI.NewDayActionPause,Pause,-
LV.TI.NewDayActionSpeed1,Geschwindigkeit 1,-
LV.TI.NewDayAll,Jeden Tag,-
LV.TI.NewDayWarning,An Tagen mit Wetterwarnungen,-
LV.TI.NewDayHazard,An Tagen mit gefährlichem Wetter beginnen,-
LV.TI.NewDayNewCycle,An neuen Zyklustagen,-
LV.TI.SpeedOnShiftEnd,Am Ende der Schicht,-
LV.TI.SpeedOnShiftEndDesc,"Ändere die Spielgeschwindigkeit, wenn die Schicht (Arbeits-)Zeit jeden Tag endet.",-
LV.TI.Nothing,Tu nichts,-
LV.TI.SetSpeed,Auf Geschwindigkeit {0} (x{1}) einstellen,-
LV.TI.AutoSpeed,Automatische Geschwindigkeit,-
