ID,Text,Comment
Building.Dispensary.DisplayName,Apotheke,-
Building.Dispensary.Description,„Willst du high werden?“,-
Building.Dispensary.FlavorDescription,"„Hä? Was? Alter, wo ist mein Auto?“",-
Building.Creamery.DisplayName,Käserei,-
Building.Creamery.Description,"Ein Ort, an dem Butter hergestellt wird.",-
Building.Creamery.FlavorDescription,Creeeeeeamy,-
Good.Dabs.DisplayName,Konzentrat,-
Good.Dabs.PluralDisplayName,Konzentrat,-
Good.Marijuana.DisplayName,Marijuana,-
Good.Marijuana.PluralDisplayName,Marijuana,-
Good.Weed.DisplayName,Grasjoint,-
Good.Weed.PluralDisplayName,Marijuana-Joints,-
Good.WeedBrownies.DisplayName,Marijuana Brownie,-
Good.WeedBrownies.PluralDisplayName,Marijuana Brownies,-
Good.WeedButter.DisplayName,Marijuana-Butter,-
Good.WeedButter.PluralDisplayName,Marijuana-Butter,-
NatrualResources.Marijuana.DisplayName,Marijuana,-
NatrualResources.Marijuana.Description,Süßes Blatt,-
NatrualResources.Marijuana.FlavorDescription,""" Süßes Blatt""",-
Need.Weed.DisplayName,High werden,-
Recipe.Dabs.DisplayName,Konzentrat,-
Recipe.Weed.DisplayName,Marijuana-Joint,-
Recipe.WeedBrownies.DisplayName,Marijuana Brownies,-
Recipe.WeedButter.DisplayName,Marijuana-Butter,-
