ID,Text,Comment
LV.CLt.BeaverLifeMul,Biber Alterungsmultiplikator,-
LV.CLt.BeaverLifeMulDesc,"Das Altern von erwachsenen Bibern wird mit diesem Wert multipliziert, ähnlich einem ""Lebenshaltungskosten""-Bonus. 
Hinweis: Höhere Werte bedeuten, dass es schwieriger wird, da die Biber schneller altern. 
Eine Einstellung auf 0 bedeutet, dass Biber niemals altern werden.",-
LV.CLt.ChildhoodDaysMul,Kindheitswachstumsfaktor,-
LV.CLt.ChildhoodDaysMulDesc,"Die Kindheit von Bibern wird mit diesem Wert multipliziert, ähnlich einem ""Wachstumsgeschwindigkeits""-Bonus. Hinweis: Höhere Werte erleichtern es, da junge Biber schneller wachsen. Eine Einstellung auf 0 bedeutet, dass Kinder niemals wachsen werden.",-
LV.CLt.BotLifeMul,Bot-Verschlechterungs-Multiplikator,-
LV.CLt.BotLifeMulDesc,"Die Verschlechterung der Bots wird mit diesem Wert multipliziert, ähnlich einem ""Lebensdauer""-Bonus. Hinweis: Höher bedeutet schwieriger, da die Bots schneller deteriorieren. Eine Einstellung auf 0 bedeutet, dass die Bots sich niemals verschlechtern werden.",-
