ID,Text,Comment
evaporation.settings.enablemod,Mod aktivieren,-
evaporation.settings.enablemod.desc,Schaltet das gesamte Mod ein oder aus.,-
evaporation.settings.coveredevaporationrate,Bedeckte Verdunstungsrate,-
evaporation.settings.coveredevaporationrate.desc,"Wie langsam oder schnell Wasser im Vergleich zu Vanille verdampft. 100% = Vanille, 1% ist 100x langsamer.",-
evaporation.settings.maxsearchheight,Abdeckungs-Suchhöhe,-
evaporation.settings.maxsearchheight.desc,"Wie hoch über dem Wasser man nach Deckung suchen soll. Höhere Werte erkennen höhere Strukturen, können jedoch die Leistung auf großen Karten beeinträchtigen.",-
evaporation.settings.updateinterval,Überprüfen Sie die Frequenz,-
evaporation.settings.updateinterval.desc,"Wie oft die Abdeckungsdetektion aktualisiert werden soll (1=schneller, 10=langsamer). Ungefähr: 1≈halb Tag, 5≈2 Tage, 10≈Woche.",-
