ID,Text,Comment
UI.TW.SimpleWorkshopControl.Blocked,Multiple control conditions unmet,-
UI.TW.SimpleWorkshopControl.BlockedInput,Auto Ingredients condition unmet,-
UI.TW.SimpleWorkshopControl.BlockedProduct,Auto Products condition unmet,-
UI.TW.SimpleWorkshopControl.BlockedUser,User control condition unmet,-
UI.TW.SimpleWorkshopControl.SciencePoints,Science Points,-
UI.TW.SimpleWorkshopControl.BotPopulation,Bot Population,-
UI.TW.SimpleWorkshopControl.BeaverPopulation,Beaver Population,-
UI.TW.SimpleWorkshopControl.WorkshopControls,Workshop Controls,-
UI.TW.SimpleWorkshopControl.Hide,Hide,-
UI.TW.SimpleWorkshopControl.RequireInputs,Auto Ingredients,-
UI.TW.SimpleWorkshopControl.UseAutoProducts,Auto Products,-
UI.TW.SimpleWorkshopControl.Controller,User Control,-
UI.TW.SimpleWorkshopControl.RangeType,Scale,-
UI.TW.SimpleWorkshopControl.Start,Start,-
UI.TW.SimpleWorkshopControl.Stop,Stop,-
UI.TW.SimpleWorkshopControl.NullGoodId,None,-
UI.TW.SimpleWorkshopControl.Percent,Percent,-
UI.TW.SimpleWorkshopControl.Value,Value,-
ModSetting.TWSimpleWorkshopControl.ShowStatusIcons,Show status icons,-
ModSetting.TWSimpleWorkshopControl.ShowStatusIconsDesc,A status icon will appear above blocked buildings,-
ModSetting.TWSimpleWorkshopControl.RequireInputsDefault,Auto ingredients default,-
ModSetting.TWSimpleWorkshopControl.RequireInputsDefaultDesc,Newly constructed buildings will start with Auto Ingredients enabled,-
ModSetting.TWSimpleWorkshopControl.AutoProductsDefault,Auto products default,-
ModSetting.TWSimpleWorkshopControl.AutoProductsDefaultDesc,Newly constructed buildings will start with Auto Products enabled,-
ModSetting.TWSimpleWorkshopControl.RecipeRequirementStart,Auto ingredient Start default,-
ModSetting.TWSimpleWorkshopControl.RecipeRequirementStartDesc,Auto Ingredient buildings will start when all ingredients have reached this percent of global capacity,-
ModSetting.TWSimpleWorkshopControl.RecipeRequirementStop,Auto ingredient Stop default,-
ModSetting.TWSimpleWorkshopControl.RecipeRequirementStopDesc,Auto Ingredient buildings will stop when any ingredient falls below this percent of global capacity,-
ModSetting.TWSimpleWorkshopControl.AutoProductStart,Auto product Start default,-
ModSetting.TWSimpleWorkshopControl.AutoProductStartDesc,Auto product buildings will start when all products have been below this percent of global capacity,-
ModSetting.TWSimpleWorkshopControl.AutoProductStop,Auto product Stop default,-
ModSetting.TWSimpleWorkshopControl.AutoProductStopDesc,Auto product buidlings will stop when any product is above this percent of global capacity,-
ModSetting.TWSimpleWorkshopControl.UIMinHeight,Min UI height,-
ModSetting.TWSimpleWorkshopControl.UIMinHeightDesc,Controls how much room the control fragment can use in the entity panel,-
ModSetting.TWSimpleWorkshopControl.UIMaxHeight,Max UI height,-
ModSetting.TWSimpleWorkshopControl.UIMaxHeightDesc,Controls how much room the control fragment can use in the entity panel,-
ModSetting.TWSimpleWorkshopControl.PerBuildingAutoSliders,Per-building auto sliders,-
ModSetting.TWSimpleWorkshopControl.PerBuildingAutoSlidersDesc,"When checked, the start/stop values for each building can be chosen in-game. When unchecked, all buildings will use the mod-setting defaults.",-
