ID,Text,Comment
ToolGroups.Platforms,Platforms and Overhangs,-
Building.Overhang7x1.DisplayName,Overhang 7x1,-
Building.Overhang3x1.Centered.DisplayName,Overhang 3x1 Centered,-
Building.Overhang5x1.Centered.DisplayName,Overhang 5x1 Centered,-
Building.Overhang7x1.Centered.DisplayName,Overhang 7x1 Centered,-
Building.MetalPlatform7x7.DisplayName,Metal Platform 7x7,-
Building.MetalPlatform7x7.Ladder.DisplayName,Metal Platform 7x7 with Ladder,-
Building.SuspensionBridge7x1.DisplayName,Suspension Bridge 7x1,-
Building.SuspensionBridge8x1.DisplayName,Suspension Bridge 8x1,-
