ID,Text,Comment
GreedyCoats.biofuel,Biofuel,-
GreedyCoats.displayname,Greedy Coats,-
GreedyCoats.description,"These Leafcoats were so greedy for veriety, they learned to love water and joined a split in the GreedyBuilders...who promptly changed their name to GreedyCoats :D",-
GreedyBots,GreedyBot #,-
GreedyCoats.WonderCompletion.Message,Well done!,-
GreedyCoats.WonderCompletion.Flavour,That was quite the effort wasn't it? :D,-
GreedyCoats.GameOver.Message,...How did you?,-
GreedyCoats.GameOver.Flavour,"Come on, you can do better than that!",-
GreedyCoatBots,Greedy CoatBot #,-
