ID,Text,Comment
GreedyNation.biofuel,Biofuel,-
GreedyNation.displayname,Greedy Nation,-
GreedyNation.description,"When Greedy cologny meets Greedy cologny, chaos insues :D",-
GreedyBots,GreedyBot #,-
GreedyNation.WonderCompletion.Message,Well done!,-
GreedyNation.WonderCompletion.Flavour,That was quite the effort wasn't it? :D,-
GreedyNation.GameOver.Message,...How did you?,-
GreedyNation.GameOver.Flavour,"Come on, you can do better than that!",-
GreedyNationBots,Greedy Nation Bot #,-
