ID,Text,Comment
ModSetting.TWMarket.ShowStatusIcons,Show status icons,-
ModSetting.TWMarket.ShowStatusIconsDesc,Markets will show a status icon if their buy/sell conditions are unmet,-
UI.TW.Market.BuyWhen,Buy when,-
UI.TW.Market.SellWhen,Sell when,-
UI.TW.Market.BuyControl.Always,Always,-
UI.TW.Market.SellControl.Always,Always,-
UI.TW.Market.BuyControl.LessThanHalf,Less than half,-
UI.TW.Market.SellControl.MoreThanHalf,More than half,-
UI.TW.Market.BuyControl.LessThanValue,Less than setpoint,-
UI.TW.Market.SellControl.MoreThanValue,More than setpoint,-
UI.TW.Market.BuySlider,Setpoint:,-
UI.TW.Market.SellSlider,Setpoint:,-
UI.TW.Market.ControlBlocked,Buy / Sell condition unmet,-
Good.TWShiny.DisplayName,Shiny,-
Good.TWShiny.PluralDisplayName,Shinies,-
Good.TWAlmondBark.DisplayName,Almond Bark,-
Good.TWAlmondBark.PluralDisplayName,Almond Bark,-
Building.TWMarketBuy.DisplayName,Import Market,-
Building.TWMarketBuy.Description,Buy from cat merchants. Cats are sneaky; their caravans only arrive when the player isn’t looking.,-
Building.TWMarketBuy.FlavorDescription,“Never let them see how many shinies you have.”,-
Building.TWMarketSell.DisplayName,Export Market,-
Building.TWMarketSell.Description,Sell to cat merchants. Cats are sneaky; they only leave when the player isn’t looking.,-
Building.TWMarketSell.FlavorDescription,“The things we do for a few shinies...”,-
Building.TWMarketBuyFood.DisplayName,Food Import Market,-
Building.TWMarketBuyFood.Description,Buy food from cat merchants. Cats are sneaky; their caravans only arrive when the player isn’t looking.,-
Building.TWMarketBuyFood.FlavorDescription,"“Tastes better than gold, but not as pretty.”",-
Recipe.TWBuyWater,Buy Water,-
Recipe.TWBuyLog,Buy Logs,-
Recipe.TWBuyPineResin,Buy Pine Resin,-
Recipe.TWBuyExplosives,Buy Explosives,-
Recipe.TWBuyCarrot,Buy Carrots,-
Recipe.TWBuyBerries,Buy Berries,-
Recipe.TWSellBerries,Sell Berries,-
Recipe.TWBuyCorn,Buy Corn,-
Recipe.TWSellCornRation,Sell Corn Rations,-
Recipe.TWBuyWheatFlour,Buy Wheat Flour,-
Recipe.TWBuyAntidote,Buy Antidote,-
Recipe.TWBuyAlmondBark,Buy Almond Bark,-
Recipe.TWBuyCoffeeBean,Buy Coffee Beans,-
Recipe.TWBuyKohlrabi,Buy Kohlrabies,-
Recipe.TWBuyScrapMetal,Buy Scrap Metal,-
Recipe.TWSellAntidote,Sell Antidote,-
Recipe.TWSellExplosives,Sell Explosives,-
Recipe.TWSellExtract,Sell Extract,-
Recipe.TWSellMetalBlock,Sell Metal Blocks,-
Recipe.TWSellTreatedPlank,Sell Treated Planks,-
Recipe.TWSellWheatFlour,Sell Wheat Flour,-
Recipe.TWSellCoffeeBean,Sell Coffee Beans,-
Recipe.TWBuyCattailRoot,Buy Cattail Roots,-
Recipe.TWBuyCanolaSeeds,Buy Canola Seeds,-
Recipe.TWBuyCassava,Buy Cassava,-
Recipe.TWBuyChestnut,Buy Chestnuts,-
Recipe.TWBuyMushroom,Buy Mushrooms,-
Recipe.TWBuyPotato,Buy Potatoes,-
Recipe.TWBuySoybean,Buy Soybeans,-
Recipe.TWBuySunflowerSeeds,Buy Sunflower Seeds,-
Recipe.TWBuySciencePoints,Buy Science Points,-
