ID,Text,Comment
LV.SPE.AllFixedDepth,Use fixed depth,-
LV.SPE.AllFixedDepthDesc,All pumps will have a fixed maximum depth.,-
LV.SPE.FixedDepth,Fixed depth,-
LV.SPE.FixedDepthDesc,The fixed depth for all pump maximum depths.,-
LV.SPE.AllMultiplier,Use multiplier,-
LV.SPE.AllMultiplierDesc,All pumps will use a multiplier for maximum depth.,-
LV.SPE.Multiplier,Multiplier,-
LV.SPE.MultiplierDesc,The multiplier for all pump maximum depths,-
LV.SPE.WaterConversation,Water product conversion rate,-
LV.SPE.WaterConversationDesc,"The conversion rate for water product vs. volume (Game default: 0.2, meaning Water Pumps require 0.2m³ to produce 1 water product and Water Dumps generate 0.2m³ per water product)",-
LV.SPE.MechPumpWater,Mechanical pump amount (⚡!),-
LV.SPE.MechPumpWaterDesc,"The amount of water per second that the mechanical pump pumps (Game default: 0.25m³/s). ⚡ Note: changing this also increases or decreases power usage accordingly, see below.",-
LV.SPE.MechPumpWaterMul,Mechanical pump amount multiplier (⚡!),-
LV.SPE.MechPumpWaterMulDesc,"The multiplier for the amount of water per second that the mechanical pump pumps (Game default: 1x = 0.25m³/s).
⚡ Note: changing this also increase or decrease power usage accordingly.
Note: don't increase this too much (> x2) as the pump can only take water from 1 cube anyway.",-
LV.SPE.MechPumpPowerMultiplier,Mechanical pump power multiplier,-
LV.SPE.MechPumpPowerDesc,"When you increase or decrease the amount of water the mechanical pump uses, the power consumption adjusts accordingly. However, you can change the power usage multiplier here to make it consume more or less (cheating :P) power than the default calculation. For example, setting the Water amount to x2 while adjusting this to x0.5 will make the pump use the same power as default but pump double the water.",-
LV.SPE.WaterProdTimeMultiplier,Water production time multiplier,-
LV.SPE.WaterProdTimeMultiplierDesc,"The multiplier for water production time (higher is harder). The game default is 1x = 0.33 hours for 1 Water from Water Pumps. Setting this to 0.5 will make it produce 1 water in 0.165 hours, while setting it to 2 will make it produce 1 water in 0.66 hours.",-
