ID,Text,Comment
Knatte.Corner.DisplayName,Decoration Corner,-
Knatte.Corner.Description,Let the Dam be Cornered.,-
Knatte.Corner.FlavorDescription,Does not block water,-
Knatte.SQCorner.DisplayName,Decoration Square Corner,-
Knatte.SQCorner.Description,Let the Dam be Cornered.,-
Knatte.SQCorner.FlavorDescription,Does not block water,-
Knatte.Diagonal.DisplayName,Diagonal Decoration,-
Knatte.Diagonal.Description,Let the Dam go to the Side.,-
Knatte.Diagonal.FlavorDescription,Does not block water,-
Knatte.DiagonalS.DisplayName,Decoration Diagonal Side Platform,-
Knatte.DiagonalS.Description,Let the dam go to the side and have a platform.,-
Knatte.DiagonalS.FlavorDescription,Does not block water,-
Knatte.DiagonalW.DisplayName,Leave Diagonal,-
Knatte.DiagonalW.Description,Let the dam go to the side.,-
Knatte.DiagonalW.FlavorDescription,Water will not pass.,-
Knatte.InvCorner.DisplayName,Decoration Internal Corner,-
Knatte.InvCorner.Description,Let the dam be cornered.,-
Knatte.InvCorner.FlavorDescription,Does not block water,-
Knatte.InvCornerW.DisplayName,Leave Internal Corner,-
Knatte.InvCornerW.Description,Let the dam be cornered.,-
Knatte.InvCornerW.FlavorDescription,Water will not pass.,-
Knatte.Slope.DisplayName,Decoration Slope,-
Knatte.Slope.Description,Let the dam be sloped.,-
Knatte.Slope.FlavorDescription,Does not block water,-
Knatte.CornerSlope.DisplayName,Decoration Slope Corner,-
Knatte.CornerSlope.Description,Let the dam be cornered.,-
Knatte.CornerSlope.FlavorDescription,Does not block water,-
Knatte.Square.DisplayName,Decoration Cube,-
Knatte.Square.Description,Dam the Square,-
Knatte.Square.FlavorDescription,Does not block water,-
Knatte.Square2W.DisplayName,Levee 2x2,-
Knatte.Square3W.DisplayName,Levee 3x3,-
Knatte.SquareW.Description,Let it be big.,-
Knatte.SquareW.FlavorDescription,Water will not pass.,-
Knatte.SquareW1x1.DisplayName,Levee 1x1,-
Knatte.SquareW1x2.DisplayName,Levee 1x2,-
Knatte.SquareW1x3.DisplayName,Levee 1x3,-
Knatte.SquareW2x1.DisplayName,Levee 2x1,-
Knatte.SquareW2x3.DisplayName,Levee 2x3,-
Knatte.SquareW3x1.DisplayName,Levee 3x1,-
Knatte.SquareW3x2.DisplayName,Levee 3x2,-
Knatte.HighDam.DisplayName,High Dam,-
Knatte.HighDam.Description,Blocks water but allows less (85%) to pass through a spillway at the top. Higher risk of floods!,-
Knatte.HighDam.FlavorDescription,Water will not pass.,-
Knatte.Corner2X.DisplayName,"Decoration Corner  
Double Height",-
Knatte.Corner2X.Description,Let the Dam be Cornered.,-
Knatte.Corner2X.FlavorDescription,Does not block water,-
Knatte.SQCorner2X.DisplayName,"Decoration Square Corner  
Double Height",-
Knatte.SQCorner2X.Description,Let the Dam be Cornered.,-
Knatte.SQCorner2X.FlavorDescription,Does not block water,-
Knatte.Diagonal2X.DisplayName,"Decoration Diagonal  
Double Height",-
Knatte.Diagonal2X.Description,Let the dam go to the side.,-
Knatte.Diagonal2X.FlavorDescription,Does not block water,-
Knatte.InvCornerS2X.DisplayName,Decoration Internal Corner Side Platform Double Height,-
Knatte.InvCornerS2X.Description,Let the dam go to the side and have a platform.,-
Knatte.InvCornerS2X.FlavorDescription,Does not block water,-
Knatte.InvCorner2X.DisplayName,Decoration Internal Corner Double Height,-
Knatte.InvCorner2X.Description,Let the Dam be Cornered.,-
Knatte.InvCorner2X.FlavorDescription,Does not block water,-
Knatte.InvCornerW2X.DisplayName,"Leave Internal Corner  
Double Height",-
Knatte.InvCornerW2X.Description,Let the Dam be Cornered.,-
Knatte.InvCornerW2X.FlavorDescription,Water will not pass.,-
Knatte.Slope2X.DisplayName,"Decoration Slope  
Double Height",-
Knatte.Slope2X.Description,Let the dam be sloped.,-
Knatte.Slope2X.FlavorDescription,Does not block water,-
Knatte.CornerSlope2X.DisplayName,"Decoration Slope Corner  
Double Height",-
Knatte.CornerSlope2X.Description,Let the Dam be Cornered.,-
Knatte.CornerSlope2X.FlavorDescription,Does not block water,-
Knatte.Corner3X.DisplayName,"Decoration Corner  
Triple Height",-
Knatte.Corner3X.Description,Let the Dam be Cornered.,-
Knatte.Corner3X.FlavorDescription,Does not block water,-
Knatte.InvCorner3X.DisplayName,Decoration Internal Corner Triple Height,-
Knatte.InvCorner3X.Description,Let the dam be cornered.,-
Knatte.InvCorner3X.FlavorDescription,Does not block water,-
Knatte.Slope3X.DisplayName,Decoration Slope Triple Height,-
Knatte.Slope3X.Description,Let the dam be sloped.,-
Knatte.Slope3X.FlavorDescription,Does not block water.,-
Knatte.InvCornerW3X.DisplayName,Leave Internal Corner Triple Height,-
Knatte.InvCornerW3X.Description,Let the Dam be Cornered.,-
Knatte.InvCornerW3X.FlavorDescription,Water will not pass.,-
Knatte.SlopeW_1.DisplayName,Levee Slope,-
Knatte.SlopeW_2.DisplayName,"Levee Slope  
Double Height",-
Knatte.SlopeW_3.DisplayName,"Levee Slope  
Triple Height",-
Knatte.SlopeW.Description,Slope that blocks water in a full block.,-
Knatte.SlopeW.FlavorDescription,Water will not pass,-
Knatte.SlopeS.DisplayName,Decorative Stair,-
Knatte.SlopeS.Description,Let the dam be stepped on.,-
Knatte.SlopeS.FlavorDescription,Does not block water,-
Knatte.DiagPath.DisplayName,Diagonal path,-
Knatte.DiagPath.Description,Path to go diagonally on decoration and levees. Takes no less pathing length than a normal road but looks better.,-
Knatte.DiagPath.FlavorDescription,"""Beaver slalom"" — Some happy beaver",-
Knatte.ToolGroup.DecorationBlocks,Decoration Blocks,-
Knatte.CategoryDamSQ.DisplayName,Wood Decoration SQ,-
Knatte.CategoryDam.DisplayName,Wood Decoration,-
Knatte.CategoryDam.Des,Does not block water,-
Knatte.CategoryLevees.DisplayName,Shaped Levees,-
Knatte.CategoryLeveesSQ.DisplayName,Square Levees,-
Knatte.CategoryDam2.DisplayName,Wood Decoration,-
Knatte.CategoryDam2.Des,Does not block water,-
Knatte.DoubleInvSlope.DisplayName,Double Inverted Slope,-
Knatte.DoubleInvSlope.Description,Levee and Inverted Slope Combo,-
Knatte.DoubleInvSlope.FlavorDescription,Let's build a bridge.,-
Knatte.Square1x2.DisplayName,Decoration Cube 1x2,-
Knatte.Square1x3.DisplayName,Decoration Cube 1x3,-
Knatte.Square_B.Description,A square that can protrude but does not obstruct water.,-
Knatte.Square_B.FlavorDescription,"Look, it floats.",-
Knatte.InvSlope1x1.DisplayName,Inverted Slope 1x1,-
Knatte.InvSlope1x2.DisplayName,Inverted Slope 1x2,-
Knatte.InvSlope1x3.DisplayName,Inverted Slope 1x3,-
Knatte.InvSlope2x1.DisplayName,Inverted Slope 2x1,-
Knatte.InvSlope.Description,Square that can protrude but does not obstruct water.,-
Knatte.InvSlope.FlavorDescription,Out we go,-
Knatte.InvTrapezium1x1.DisplayName,Inverted Trapezium 1x1,-
Knatte.BlockDecoration.DisplaynameLocKey,Beautiful Dam,-
Knatte.InvSlopeW1x1.DisplayName,Inverted Levee Slope 1x1,-
Knatte.InvSlopeW1x2.DisplayName,Inverted Levee Slope 1x2,-
Knatte.InvSlopeW1x3.DisplayName,Inverted Levee Slope 1x3,-
Knatte.InvSlopeW2x1.DisplayName,Inverted Levee Slope 2x1,-
Knatte.InvSlopeW.Description,"Square that can protrude. 
Placement hex block for all water, while other blocks only from the top/bottom, similar to a built-in impermeable floor.",-
Knatte.InvSlopeW.FlavorDescription,Out we go,-
Knatte.InvTrapeziumW1x1.DisplayName,Inverted Trapezium Levee 1x1,-
Knatte.DoubleInvSlopeW.Description,"Square that protrudes on both sides. 
Placement hex block prevents water from entering; other blocks only allow water from the top/bottom, like a built-in impermeable floor.",-
Knatte.DoubleInvSlopeW.FlavorDescription,Let's build a bridge.,-
