ID,Text,Comment
kulesz.Building.FireworkLauncher.DisplayName,Lanceur de feux d'artifice,-
kulesz.Building.FireworkLauncher.Description,Lance des feux d'artifice.,-
kulesz.Building.FireworkLauncher.FlavorDescription,Regarde le ciel !,-
kulesz.Fireworks.AdvancedSettings,Afficher les paramètres avancés,-
kulesz.Fireworks.Button.Launch,Lancer,-
kulesz.Fireworks.Button.LaunchAll,Lancer tous prêts,-
kulesz.Fireworks.Button.LaunchInProgress,Tirs restants : {0} (suivant dans {1}s),-
kulesz.Fireworks.ExtraTime,Temps de vol supplémentaire [s],-
kulesz.Fireworks.Heading.Header,Entête [°],-
kulesz.Fireworks.HeadingChange,Changement d'angle après chaque tir [°],-
kulesz.Fireworks.LaunchDelay,Délai de lancement [s],-
kulesz.Fireworks.Pitch.Header,Hauteur [°],-
kulesz.Fireworks.PitchChange,Changement de hauteur après chaque tir [°],-
kulesz.Fireworks.ShotCount,Nombre de feux d'artifice,-
kulesz.Fireworks.ShotInterval,Intervalle de tir [s],-
kulesz.Fireworks.Type,Type,-
kulesz.Fireworks.Type.CometBlue,Comète (bleue),-
kulesz.Fireworks.Type.CometRed,Comète (rouge),-
kulesz.Fireworks.Type.CometWhite,Comète (blanche),-
kulesz.Fireworks.Type.Fish,Poisson,-
kulesz.Fireworks.Type.Sparks,Étincelles,-
kulesz.Fireworks.Type.KamuroBlue,Kamuro (bleu),-
kulesz.Fireworks.Type.KamuroOrange,Kamuro (orange),-
kulesz.Fireworks.Type.KamuroPink,Kamuro (rose),-
kulesz.Fireworks.Type.KamuroRed,Kamuro (rouge),-
kulesz.Fireworks.Type.KamuroWhite,Kamuro (blanc),-
kulesz.Fireworks.Type.PalmBlue,Palmier (bleu),-
kulesz.Fireworks.Type.PalmGold,Palme (or),-
kulesz.Fireworks.Type.PalmGreen,Palme (verte),-
kulesz.Fireworks.Type.PeonyRedBlue,Pivoine (rouge et bleu),-
kulesz.Fireworks.Type.PeonyViolet,Pivoine (violet),-
kulesz.Fireworks.Type.PeonyYellowGreen,Pivoine (jaune et vert),-
kulesz.Fireworks.Type.Willow,Saule,-
kulesz.KeyBinding.LaunchAll,Lancer tout,-
kulesz.KeyBindingGroup.Fireworks,Feux d'artifice,-
kulesz.Status.Fireworks.NotFull,Aucun explosif en stock pour lancer des feux d'artifice.,-
