ID,Text,Comment
GreedyNation.biofuel,Biocarburant,-
GreedyNation.displayname,Nation Avide,-
GreedyNation.description,"Lorsque Greedy cologny rencontre Greedy cologny, le chaos s'ensuit :D",-
GreedyBots,GreedyBot #,-
GreedyNation.WonderCompletion.Message,Bien joué !,-
GreedyNation.WonderCompletion.Flavour,"Ça a été tout un effort, n'est-ce pas ? :D",-
GreedyNation.GameOver.Message,...Comment as-tu fait ?,-
GreedyNation.GameOver.Flavour,"Allez, tu peux faire mieux que ça !",-
GreedyNationBots,Bot de la Nation Avide #,-
