ID,Text,Comment
Building.PowerLinePylon.Description,Une tour portant le câble de ligne électrique.,-
Building.PowerLinePylon.DisplayName,Pylône de ligne électrique,-
Building.PowerLinePylon.FlavorDescription,Le croisement des lignes électriques partagera l'énergie.,-
Building.PowerLineBeam.Description,Une poutre horizontale portant le câble de la ligne électrique.,-
Building.PowerLineBeam.DisplayName,Faisceau de ligne électrique,-
Building.PowerLineBeam.FlavorDescription,Les lignes électriques croisées partageront l'énergie. —Dr. Egon Spengler,-
