ID,Text,Comment
ModSetting.TWAllWeatherDrill.NormalWeatherScale,Débit tempéré,-
ModSetting.TWAllWeatherDrill.NormalWeatherScaleDesc,Échelle appliquée au débit d'eau par temps tempéré. Valeur par défaut = 1,-
ModSetting.TWAllWeatherDrill.BadtideWeatherScale,Taux de débit de marée basse,-
ModSetting.TWAllWeatherDrill.BadtideWeatherScaleDesc,Échelle appliquée au débit d'eau pendant le mauvais temps de marée. Valeur par défaut = 0,-
ModSetting.TWAllWeatherDrill.DroughtWeatherScale,Taux de flow de sécheresse,-
ModSetting.TWAllWeatherDrill.DroughtWeatherScaleDesc,Échelle appliquée au flux d'eau pendant les conditions de sécheresse. Valeur d'origine = 0,-
ModSetting.TWAllWeatherDrill.OtherWeatherScale,Taux d'écoulement météorologique non reconnu,-
ModSetting.TWAllWeatherDrill.OtherWeatherScaleDesc,Échelle appliquée au débit d'eau pendant des conditions météorologiques dangereuses qui ne sont pas une sécheresse ou une marée basse (Cela devrait idéalement inclure la plupart des conditions météorologiques modifiées). Valeur par défaut = 0,-
ModSetting.TWAllWeatherDrill.PowerScale,Exigence de puissance de forage,-
ModSetting.TWAllWeatherDrill.PowerScaleDesc,Échelle appliquée aux besoins en énergie du forage. Valeur par défaut = 1.,-
