ID,Text,Comment
Name_BlueprintRelicFragment,Relique de plan,-
LV.BRe.SmallBuildingName,Petit Relique de Plan,-
LV.BRe.MediumBuildingName,Relique de plan moyen,-
LV.BRe.LargeBuildingName,Grand Relique de Plan,-
LV.BRe.BuildingDesc,Technologie ancienne pouvant être excavée pour débloquer des recettes alternatives.,-
LV.BRe.BuildingFlavor,"« Apparemment, les hoomans ont tout étiqueté. »",-
LV.BRe.SpawnNotif,Un {0} a été découvert !,-
LV.BRe.ExpiresIn,La relique expire dans {0} jours,-
LV.BRe.ConnectPrompt,Connectez cette relique à un chemin de district pour l'excaver.,-
LV.BRe.PauseExcavation,Pause : ne pas collecter de ressources.,-
LV.BRe.Connected,Cette relique est en cours d'excavation avec des ressources de {0}.,-
LV.BRe.ExcSteps,{0}/{1} étapes complétées.,-
LV.BRe.CurrStep,Excavation : {0}j restants,-
LV.BRe.ExcInfo,"Pendant qu'une relique est en cours d'excavation, le timer d'expiration est mis en pause. Chaque étape nécessite :",-
LV.BRe.Negotiate,Négocier les exigences,-
LV.BRe.NegotiateConfirm,"Êtes-vous sûr de vouloir <b>négocier</b> les exigences d'excavation ? 
Le coût sera modifié mais <RedHighlight>tout progrès réalisé jusqu'à présent sera perdu</RedHighlight>. 
Après la négociation, vous ne pourrez pas en faire une autre pendant {0} jours.",-
LV.BRe.NegotiateCooldown,Temps de recharge de négociation : {0}h,-
LV.BRe.RelicExpired,Le {0} a expiré.,-
LV.BRe.StatusNoMaterial,Matériaux requis manquants.,-
LV.BRe.StatusNoMaterialShort,L'excavation manque de matériaux,-
LV.BRe.StatusExcavationFinished,"Excavation terminée, vous pouvez collecter votre récompense !",-
LV.BRe.StatusExcavationFinishedShort,Plan prêt !,-
LV.BRe.ChooseReward,Choisissez votre récompense,-
LV.BRe.DigMore,Creusez plus profondément,-
LV.BRe.DigMoreDesc,Abandonnez les récompenses actuelles et creusez à nouveau pour en découvrir de nouvelles. <RedHighlight>Toutes les étapes d'excavation doivent être complètes à nouveau</RedHighlight>.,-
LV.BRe.DigConfirm,Êtes-vous sûr de vouloir abandonner les récompenses actuelles et excaver à nouveau ? <RedHighlight>Tous les progrès d'excavation seront réinitialisés</RedHighlight>.,-
LV.BRe.RewardUnlock,Nouvelle recette,-
LV.BRe.RewardCapacity,Mise à niveau de capacité,-
LV.BRe.RewardTimeReduction,Réduction du temps,-
LV.BRe.RewardOutput,Augmentation de la production,-
LV.BRe.RewardScience,Bonus Science,-
LV.BRe.Rarity_Common,Commun,-
LV.BRe.Rarity_Uncommon,Peu commun,-
LV.BRe.Rarity_Rare,Rare,-
LV.BRe.RecipeTitle,<b><YellowHighlight>[{0}]</YellowHighlight> {1}</b>,-
LV.BRe.ConfirmReward,Confirmer votre récompense,-
LV.BRe.RecipeHours,🕘 {0}h,-
LV.BRe.RecipeCapacity,Capacité : {0} cycles :,-
LV.BRe.RecipeUpgrading,Stat amélioré :,-
LV.BRe.RecipeCurrent,Statut actuel :,-
LV.BRe.ScienceRewardDesc,Gagnez <YellowHighlight>{0} Science</YellowHighlight>.,-
LV.BRe.CapacityUpgradeDesc,Augmente la capacité de la recette de <b>{0:+0%}</b>.,-
LV.BRe.TimeReductionDesc,Réduisez le temps de la recette de <b>{0:-0%}</b>.,-
LV.BRe.OutputIncreaseDesc,Augmente la production d'une recette de <b>{0:+0}</b>.,-
LV.BRe.UnlockRecipes,Recettes débloquées,-
LV.BRe.UpgradedRecipes,Recettes améliorées,-
LV.BRe.FuelCapacity,Capacité de carburant : {0},-
LV.BRe.OpenUpgradeDialog,Tout débloqué,-
LV.BRe.OpenUpgradeDialogHotKey,Voir les améliorations de reliques de blueprint,-
LV.BRe.OpenUpgradeDialogTitle,Améliorations de reliques de plans,-
LV.BRe.NoUpgrades,Aucune amélioration débloquée,-
LV.BRe.NoRecipes,Aucune recette déverrouillée,-
LV.BRe.Recipe.WetPlank,Plank Mouillé,-
LV.BRe.Recipe.PressurePressedExtract,Extrait Pressé à Froid,-
LV.BRe.Recipe.RoughCutGears,Engrenages grossièrement taillés,-
LV.BRe.Recipe.DirectGear,Engrenage Direct,-
LV.BRe.Recipe.HardenedGears,Roues durcies à la résine,-
LV.BRe.Recipe.StarchAssistedPaper,Papier à base d'amidon,-
LV.BRe.Recipe.ReclaimedLog,Bois récupéré,-
LV.BRe.Recipe.KilnDriedPlanks,Planches Séchées au Four,-
LV.BRe.Recipe.FermentedCasting,Fonte Fermentée,-
LV.BRe.Recipe.ChemflameSmelting,Fonderie Chemflame,-
LV.BRe.Recipe.LaminatedCasting,Fonderie Stratifiée,-
LV.BRe.Recipe.GreaseInjectedCasting,Fonderie à injection de graisse,-
LV.BRe.Recipe.VacuumConcentration,Concentration sous vide,-
LV.BRe.Recipe.IntegratedChemicalProcessing,Traitement Chimique Intégré,-
LV.BRe.Recipe.BoilingExtract,Extrait Bouillant,-
LV.BRe.Recipe.ExtractFueledExplosives,Explosifs alimentés par l'extrait de Golnor,-
LV.BRe.Recipe.IronchemPlank,Planche de ferchimie,-
LV.BRe.Recipe.CarefulReclamation,Traitement de Récupération Soigneuse,-
LV.BRe.Recipe.MillworkIntegration,Intégration de l'usinage,-
LV.BRe.Recipe.CaffeinatedEggplantRation,Ration d'Aubergine Caféinée,-
LV.BRe.Recipe.CaffeinatedAlgaeRation,Ration d'Algues Caféinées,-
LV.BRe.Recipe.CaffeinatedCornRation,Ration de maïs caféiné,-
LV.BRe.Recipe.SawdustBread,Pain de sciure,-
LV.BRe.Recipe.FlatBread,Pain Plat,-
LV.BRe.Recipe.RoastedCattail,Marais rôti,-
LV.BRe.Recipe.GrandForestBarbecue,Grand barbecue de la forêt,-
LV.BRe.Recipe.MixedGrainBaking,Cuisson de Céréales Mixtes,-
LV.BRe.Recipe.CornBoostedCanolaOil,Huile de colza boostée au maïs,-
LV.BRe.Recipe.CornCutCoffee,Café de maïs coupé,-
LV.BRe.Recipe.DilutedCanolaOil,Huile de colza diluée,-
