ID,Text,Comment
NaturalResource.BeaverPlant.DisplayName,Plante Castor,-
NaturalResource.BeaverPlant.Description,Une plante qui fait pousser un nouveau castor.,-
NaturalResource.BeaverPlant.FlavorDescription,Nous parlons pour les arbres.,-
NaturalResource.AdultBeaverPlant.DisplayName,Plante de castor adulte,-
NaturalResource.AdultBeaverPlant.Description,Une plante qui fait pousser un nouvel Castor Adulte. Cela prend deux fois plus de temps à se développer.,-
NaturalResource.BeaverPlant.GrowthProgress,Progression de la croissance,-
