ID,Text,Comment
LV.SP.Title,Projets scientifiques,-
LV.SP.Welcome,"Merci d'utiliser le mod Projets Scientifiques. Cet écran est l'endroit où vous pouvez débloquer et gérer les projets. Vous pouvez l'ouvrir en cliquant sur le bouton Science en haut à gauche de l'écran ou en appuyant sur une touche de raccourci (par défaut : Y, que vous pouvez réaffecter dans les paramètres de raccourcis).",-
KeyBinding.ScientificProjectDialog,Écran des projets scientifiques,-
LV.SP.Unlocked,<b>Déverrouillé !</b>,-
LV.SP.PreqLocked,<RedHighlight>Nécessite {0} pour débloquer.</RedHighlight>,-
LV.SP.NotEnoughScienceNextDay,<RedHighlight>Vous n'avez pas assez de science pour payer pour le lendemain. Ajustez vos projets ou laissez tomber pour aujourd'hui. Avertissement : appuyer sur Échap passera les projets pour aujourd'hui.</RedHighlight>,-
LV.SP.CurrentScience,Science actuelle : {0},-
LV.SP.CurrentSciencePlus,Actualités scientifiques : {0} ({1} d'hier),-
LV.SP.UnlockErrUnlocked,Ce projet est déjà déverrouillé.,-
LV.SP.UnlockErrRequirementLocked,Ce projet nécessite {0} pour se déverrouiller.,-
LV.SP.UnlockErrCostLocked,"Vous n'avez que {0} de science, mais vous avez besoin de {1} de science pour débloquer ce projet.",-
LV.SP.UnlockConfirm,Êtes-vous sûr de vouloir débloquer {0} avec {1} science ?,-
LV.SP.CustomCost,coût par jour :,-
LV.SP.ScienceStepCost,{0} par niveau,-
LV.SP.CurrentCost,Coût pour le lendemain : {0}/d,-
LV.SP.Level,Niveau,-
LV.SP.ActiveLevel,Niveau Actif : {0},-
LV.SP.DayCostNotice,Le coût de la science quotidienne est déduit au début de chaque jour et les effets restent les mêmes pendant toute la journée.,-
LV.SP.NextDayCost,Coût du lendemain : {0},-
LV.SP.PayDayCost,Paiement pour la journée,-
LV.SP.NotEnoughSciencePay,Vous n'avez pas assez de sciences pour payer le lendemain. Ajustez vos projets ou passez votre tour pour aujourd'hui.,-
LV.SP.SkipConfirm,Êtes-vous sûr de vouloir sauter les projets pour aujourd'hui ?,-
LV.SP.SkipToday,Passez aujourd'hui,-
LV.SP.WrongFaction,Ce projet ne peut pas être débloqué par cette faction.,-
LV.SP.ReloadNotice,Veuillez sauvegarder et recharger le jeu pour que ce projet prenne effet.,-
LV.SP.ReloadNeeded,[Rechargement nécessaire],-
LV.SP.WorkEffGroup,Efficacité au travail,-
LV.SP.WorkEffGroupDesc,Augmentez l'efficacité du travail de votre colonie.,-
LV.SP.LogisticGroup,Logistique,-
LV.SP.LogisticGroupDesc,Augmenter la vitesse de déplacement et le flux des ressources.,-
LV.SP.WorkEffUpgrade1,Outils de travail de précision,-
LV.SP.WorkEffUpgrade1Eff,Augmente de façon permanente l'efficacité de travail de tous les castors de {0:+#%}.,-
LV.SP.WorkEffUpgrade1Lore,"Après avoir déterré des plans d'outils humains, les castors fabriquent des lames plus tranchantes avec des astuces d'antan, améliorant leur efficacité.",-
LV.SP.WorkEffUpgrade2,Entretien des outils de précision,-
LV.SP.WorkEffUpgrade2Lore,"'A monté un taille-crayon à eau - garde nos outils prêts à ronger, accélère chaque travail avec le temps !' — Chiseljaw Timberchew",-
LV.SP.WorkEffUpgrade2Eff,{0:+#%} efficacité de travail supplémentaire de tous les castors par niveau.,-
LV.SP.WorkEffUpgrade2Cost,"[Coût] par niveau, et {1} pour chaque {2} castors adultes (arrondi à l'entier supérieur)",-
LV.SP.MoveSpeedUpgrade1,Chaussons légers,-
LV.SP.MoveSpeedUpgrade1Lore,« Ces chaussons me donnent l'impression de glisser sur l'eau » — Whiskertail Quickpaw,-
LV.SP.MoveSpeedUpgradeEff,Augmente définitivement la vitesse de mouvement de tous les castors de {0:+#%} (s'accumule avec d'autres projets).,-
LV.SP.MoveSpeedUpgrade2,Bottes de randonnée durables,-
LV.SP.MoveSpeedUpgrade2Lore,"Aussi solides que des dents de castor, ces bottes transforment les chemins rugueux en sentiers lisses pour un voyage rapide.",-
LV.SP.MoveSpeedUpgrade3,Équipement de Sprint Aérodynamique,-
LV.SP.MoveSpeedUpgrade3Lore,"""Dans cet équipement, je ne cours pas seulement ; je suis un flou poilu de pure vitesse !"" — Swiftstream Windrunner",-
LV.SP.MoveSpeedUpgradeBuff,Projets de vitesse de mouvement,-
LV.SP.WorkEffUpgradeBuff,Projets d'efficacité au travail,-
LV.SP.EmergenciesGroup,Urgences,-
LV.SP.EmergenciesGroupDesc,"En cas de danger, appuyez sur ces gros boutons jaunes. Mais vous n'avez qu'une seule chance.",-
LV.SP.EmergencyDrill1,Forage Peu Profonde Urgente,-
LV.SP.EmergencyDrill1Desc,Ajoutez {0} jours à cette saison tempérée. Ne peut être activé que lorsque des intempéries approchent.,-
LV.SP.EmergencyDrill1Lore,"Le nez d'un castor curieux pour la terre humide a conduit à cette poche d'eau peu profonde - rapide à en profiter, essentielle en cas de besoin.",-
LV.SP.EmergencyDrill2,Forage profonde d'urgence,-
LV.SP.EmergencyDrill2Desc,Ajoutez {0} jours à cette saison tempérée. Ne peut être activé que lorsque de mauvaises conditions météorologiques approchent.,-
LV.SP.EmergencyDrill2Lore,"«Nous forons profondément, mais nous ne forons pas à bas prix !» — Digger McDrillface IV",-
LV.SP.EmergencyDrill3,Forage profonde d'urgence,-
LV.SP.EmergencyDrill3Desc,Ajoutez {0} jours à cette saison tempérée. Ne peut être activé que lorsque du mauvais temps approche.,-
LV.SP.EmergencyDrill3Lore,La légende dit que le vieux Gnawtooth prévit ce puits profond - notre dernier espoir lorsque les cieux deviennent cruels.,-
LV.SP.BadWeatherConditionErr,Vous ne pouvez l'activer que lorsque des conditions météorologiques défavorables (sécheresse ou marée mauvaise) sont prévues.,-
LV.SP.Wheelbarrows,Pelles à bras,-
LV.SP.WheelbarrowsLore,"Le sauveur de dos ultime, permettant aux castors de transporter des bûches sans se dandiner comme des tortues surchargées.",-
LV.SP.WheelbarrowsEff,Les castors et les robots ne subissent plus de pénalités de vitesse de déplacement lorsqu'ils transportent.,-
LV.SP.CarryUpgrade1,Sacs de transport renforcés,-
LV.SP.CarryUpgrade1Lore,« Ces sacs me permettent de transporter une forêt tout en ayant encore de la place pour des en-cas ! » — Packmule Heavyload,-
LV.SP.CarryUpgrade1Eff,Augmente définitivement la capacité de portage des castors de {0:+#%},-
LV.SP.CarryBuilderUpgrade,Chariots de construction,-
LV.SP.CarryBuilderUpgradeLore,Rendre la construction aussi fluide qu'une bûche bien mâchée.,-
LV.SP.CarryBuilderUpgradeEff,"{0:+#%} capacité de transport supplémentaire par Niveau pour <SolidHighlight>Constructeurs</SolidHighlight> (travailleurs dans les Centres de District ou les Cabanes de Constructeurs, tant les castors que les robots).",-
LV.SP.CarryBuilderUpgradeCost,[Coût] par niveau pour chaque constructeur (arrondi au supérieur),-
LV.SP.CarryUpgradeBuff,Projets de capacité de charge,-
LV.SP.CarryBuilderBuff,Marteau de constructeur,-
LV.SP.CarryBuilderBuffDesc,Vos bâtisseurs sont maintenant équipés de traîneaux pour transporter plus.,-
LV.SP.CarryBuilderBuffEff,capacité de charge de {1},-
LV.SP.FactionsGroup,Factions,-
LV.SP.FactionsGroupDesc,Projets uniques pour chaque faction,-
LV.SP.FtPlankUpgrade,Planches infusées de résine,-
LV.SP.FtPlankUpgradeLore,"L'imprégnation des planches avec des résines naturelles double la production de planches traitées - pas d'énergie nécessaire, juste la manière de la nature.",-
LV.SP.ItSmelterUpgrade,Fourneau de recyclage de chaleur,-
LV.SP.ItSmelterUpgradeLore,"Une avancée dans la conception de fours double la production de métal sans énergie supplémentaire, incarnant l'ingéniosité des Dents de Fer.",-
LV.SP.BuffLessPowerEff,Consommation d'énergie {0:#.###%},-
LV.SP.BuffIncreasedOutput,{0:+#%} a augmenté la production,-
LV.SP.Filter,Filtre,-
LV.SP.Keyword,Mot-clé,-
LV.SP.FilterLocked,Verrouillé,-
LV.SP.FilterUnlocked,Déverrouillé,-
LV.SP.FilterDaily,Quotidiennement,-
LV.SP.FilterOneTime,Une seule fois,-
