ID,Text,Comment
UI.TW.SimpleWorkshopControl.Blocked,Plusieurs conditions de contrôle non respectées,-
UI.TW.SimpleWorkshopControl.BlockedInput,Conditions d'ingrédients automatiques non remplies,-
UI.TW.SimpleWorkshopControl.BlockedProduct,Condition de produit automatique non remplie,-
UI.TW.SimpleWorkshopControl.BlockedUser,Condition de contrôle utilisateur non remplie,-
UI.TW.SimpleWorkshopControl.SciencePoints,Points de Science,-
UI.TW.SimpleWorkshopControl.BotPopulation,Population de Robots,-
UI.TW.SimpleWorkshopControl.BeaverPopulation,Population de Castors,-
UI.TW.SimpleWorkshopControl.WorkshopControls,Contrôles de l'atelier,-
UI.TW.SimpleWorkshopControl.Hide,Cacher,-
UI.TW.SimpleWorkshopControl.RequireInputs,Ingrédients Automatiques,-
UI.TW.SimpleWorkshopControl.UseAutoProducts,Produits automatiques,-
UI.TW.SimpleWorkshopControl.Controller,Contrôle Utilisateur,-
UI.TW.SimpleWorkshopControl.RangeType,Échelle,-
UI.TW.SimpleWorkshopControl.Start,Commencer,-
UI.TW.SimpleWorkshopControl.Stop,Arrêter,-
UI.TW.SimpleWorkshopControl.NullGoodId,Aucun,-
UI.TW.SimpleWorkshopControl.Percent,Pourcentage,-
UI.TW.SimpleWorkshopControl.Value,Valeur,-
ModSetting.TWSimpleWorkshopControl.ShowStatusIcons,Afficher les icônes de statut,-
ModSetting.TWSimpleWorkshopControl.ShowStatusIconsDesc,Une icône de statut apparaîtra au-dessus des bâtiments bloqués,-
ModSetting.TWSimpleWorkshopControl.RequireInputsDefault,Ingrédients automatiques par défaut,-
ModSetting.TWSimpleWorkshopControl.RequireInputsDefaultDesc,Les bâtiments nouvellement construits commenceront avec les ingrédients automatiques activés.,-
ModSetting.TWSimpleWorkshopControl.AutoProductsDefault,Produits automatiques par défaut,-
ModSetting.TWSimpleWorkshopControl.AutoProductsDefaultDesc,Les bâtiments nouvellement construits auront l'option Produits Automatiques activée par défaut.,-
ModSetting.TWSimpleWorkshopControl.RecipeRequirementStart,Début par défaut d'ingrédient auto,-
ModSetting.TWSimpleWorkshopControl.RecipeRequirementStartDesc,Les bâtiments d'ingrédients automatiques commenceront lorsque tous les ingrédients auront atteint ce pourcentage de capacité globale.,-
ModSetting.TWSimpleWorkshopControl.RecipeRequirementStop,Arrêt automatique des ingrédients par défaut,-
ModSetting.TWSimpleWorkshopControl.RecipeRequirementStopDesc,Les bâtiments de matériaux automatiques s'arrêteront lorsque tout ingrédient tombe en dessous de ce pourcentage de la capacité globale.,-
ModSetting.TWSimpleWorkshopControl.AutoProductStart,Début de produit automatique par défaut,-
ModSetting.TWSimpleWorkshopControl.AutoProductStartDesc,Les bâtiments de production automatique commenceront lorsque tous les produits auront été en dessous de ce pourcentage de la capacité globale.,-
ModSetting.TWSimpleWorkshopControl.AutoProductStop,Arrêt automatique du produit par défaut,-
ModSetting.TWSimpleWorkshopControl.AutoProductStopDesc,Les bâtiments de production automatiques s'arrêteront lorsque tout produit dépassera ce pourcentage de la capacité mondiale.,-
ModSetting.TWSimpleWorkshopControl.UIMinHeight,Hauteur minimale de l'interface,-
ModSetting.TWSimpleWorkshopControl.UIMinHeightDesc,Contrôle l'espace que le fragment de contrôle peut utiliser dans le panneau de l'entité.,-
ModSetting.TWSimpleWorkshopControl.UIMaxHeight,Hauteur max de l'interface,-
ModSetting.TWSimpleWorkshopControl.UIMaxHeightDesc,Contrôle la quantité d'espace que le fragment de contrôle peut utiliser dans le panneau d'entité,-
ModSetting.TWSimpleWorkshopControl.PerBuildingAutoSliders,Curseurs automatiques par bâtiment,-
ModSetting.TWSimpleWorkshopControl.PerBuildingAutoSlidersDesc,"Lorsque cette option est activée, les valeurs de début/arrêt pour chaque bâtiment peuvent être choisies en jeu. Lorsque cette option est désactivée, tous les bâtiments utiliseront les paramètres par défaut du mod.",-
