ID,Text,Comment
LV.CFac.FromFaction,De {0},-
LV.CFac.ValidatePlanter,Un autre planteur pour {0} existe déjà.,-
LV.CFac.GoodLocked,Un bon {0} est nécessaire pour un bâtiment.,-
LV.CFac.NeedLocked,"Besoin de {0}, nécessaire pour un bâtiment ou un bien.",-
LV.CFac.Faction,Faction : Choisissez quels objets ajouter à cette faction,-
LV.CFac.Filters,Filtres,-
LV.CFac.FilterCheck,Vérifié,-
LV.CFac.FilterUncheck,Non vérifié,-
LV.CFac.Buildings,Bâtiments,-
LV.CFac.Plants,Plantes,-
LV.CFac.Goods,Marchandises,-
LV.CFac.Needs,Besoins,-
LV.CFac.PlanterGroup,Groupe de planteur : {0},-
LV.CFac.HideSimilar,Masquer des bâtiments similaires,-
LV.CFac.ShowFolder,Ouvrir le dossier des paramètres,-
LV.CFac.NeedPlanter,"Vous avez choisi une plante ou une culture dans le groupe {0} mais n'avez choisi aucun bâtiment pour la cultiver. Veuillez vous assurer de choisir un tel bâtiment (généralement dans le groupe Nourriture ou Bois) à ajouter, sinon le jeu risque de planter.",-
LV.CFac.ExportToMod,Exporter vers le mod,-
LV.CFac.ExportToModDesc,"Cliquez sur le bouton ci-dessus pour exporter la configuration actuelle dans un mod autonome. Ce mod fonctionnerait ensuite seul sans ce mod. En fait, vous devez désactiver soit ce mod, soit le mod exporté pour éviter les conflits.",-
LV.CFac.ConflictWarning,"<b>AVERTISSEMENT :</b> Vous avez à la fois ce mod et un mod exporté activés. Veuillez n'en utiliser qu'un seul, car vous aurez des données conflictuelles, quel que soit le but/mod dont vous avez besoin.",-
LV.CFac.ModExported,"Le mod a été exporté. Veuillez <b>désactiver ce mod</b> et utiliser le mod exporté '{0}'. Si vous souhaitez reconfigurer ce mod, n'oubliez pas de désactiver ce mod.",-
LV.CFac.Update730,"Ce mod prend désormais en charge l'exportation en un mod autonome si vous avez le mod optionnel <b>TimberMod Builder</b>. L'intention est de prendre en charge des mods comme TimberApi. Veuillez lire la description mise à jour du mod pour plus d'informations. Si cela ne vous intéresse pas, vous pouvez ignorer ce message, il n'y a aucun changement dans les fonctionnalités actuelles.",-
LV.CFac.UpdateNotify,Il y a eu un changement majeur dans ce mod. Veuillez lire la description du mod pour les nouvelles instructions. Merci !,-
