ID,Text,Comment
l9m2.EnduranceDifficulty.EnduranceDifficulty,Endurance,-
l9m2.EnduranceDifficulty.EnduranceDifficultyDescription,"Un mode conçu pour les joueurs qui veulent que leur colonie se batte pour chaque goutte.  
Les sécheresses durent plus longtemps, la marée haute frappe plus fort, et les castors consomment nourriture et eau plus rapidement.  
Vous commencez avec une petite équipe décousue, et même démolir des bâtiments ne rapporte quasiment rien.  
Survivre à celui-ci est un marathon, pas un sprint.",-
