ID,Text,Comment
ToolGroups.Billboards,Des panneaux d'affichage principalement utiles,-
Lapantouflemagic.Billboard.Description,Un message certainement utile à afficher,-
Lapantouflemagic.VitalBillboard.Description,Informations en fait importantes pour les Pattes Blanches,-
Lapantouflemagic.ComuBillboard.Description,Une publicité éhontée pour un autre mod,-
Lapantouflemagic.Commuboardgroup.DisplayName,Billboards de la communauté de modding,-
Lapantouflemagic.Lolboards.DisplayName,Vous ne le regretterez pas,-
Lapantouflemagic.VitalboardGroup.DisplayName,Informations importantes pour les Whitepaws,-
Lapantouflemagic.Foodboardgroup.DisplayName,Panneaux d'affichage liés à la nourriture. Certains ont des effets réels,-
Billboards.Glory.DisplayName,Gloire,-
Billboards.Power.DisplayName,Énergie,-
Billboards.PowerDeath.DisplayName, a été mangé par un monstre affamé,-
Lapantouflemagic.Carrotboard.DisplayName, panneau de carottes,-
Lapantouflemagic.Carrotboard.Description,"Rend les castors à proximité plus susceptibles de manger des carottes  
<color=red>CECI RÉDUIT le besoin en carottes</color>  
ce qui signifie que les castors mangeront plus de carottes pour le combler.",-
Lapantouflemagic.Potatoboard.DisplayName,Panneau d'affichage de pommes de terre,-
Lapantouflemagic.Potatoboard.Description,"Rend les castors à proximité plus susceptibles de manger des pommes de terre  
<color=red>CELA RÉDUIT le besoin en pommes de terre</color>  
ce qui signifie que les castors mangeront plus de pommes de terre pour le combler",-
Lapantouflemagic.Shroomboard.DisplayName,Panneau d'affichage de champignon,-
Lapantouflemagic.Shroomboard.Description,"Rend les castors à proximité plus susceptibles de manger des champignons
<color=red>Ceci RÉDUIT le besoin en champignons</color>
ce qui signifie que les castors mangeront plus de champignons pour le combler.",-
Lapantouflemagic.Sunboard.DisplayName,Panneau solaire,-
Lapantouflemagic.Sunboard.Description,Rend les castors à proximité plus enclins à manger des graines de tournesol <color=red>CELA RÉDUIT le besoin en graines de tournesol</color> ce qui signifie que les castors mangeront plus de graines de tournesol pour le remplir.,-
Lapantouflemagic.Wheatboard.DisplayName,Panneau de blé,-
Lapantouflemagic.Wheatboard.Description,"Rend les castors à proximité plus susceptibles de manger du pain  
<color=red>Ceci RÉDUIT le besoin en pain</color>  
ce qui signifie que les castors mangeront plus de pain pour le remplir",-
Lapantouflemagic.Cattailboard.DisplayName,Panneau d'affichage de typha,-
Lapantouflemagic.Cattailboard.Description,"Rend les castors à proximité plus susceptibles de manger des crackers de massette
<color=red>Ceci RÉDUIT le besoin en crackers de massette</color>
ce qui signifie que les castors mangeront plus de crackers de massette pour le combler",-
Lapantouflemagic.Spadderdockboard.DisplayName, panneau d'affichage de Spadderdock,-
Lapantouflemagic.Spadderdockboard.Description,"Rend les castors à proximité plus susceptibles de manger du Spadderdock
<color=red>Ceci RÉDUIT le besoin de Spadderdock</color>
ce qui signifie que les castors mangeront plus de Spadderdock pour le combler",-
Lapantouflemagic.Carrotboard_deco.DisplayName,Panneau décoratif en forme de carotte,-
Lapantouflemagic.Carrotboard_deco.Description,Juste pour embellir vos fermes.,-
Lapantouflemagic.Potatoboard_deco.DisplayName,Billboard décoratif de pommes de terre,-
Lapantouflemagic.Potatoboard_deco.Description,Juste pour rendre vos fermes plus jolies,-
Lapantouflemagic.Shroomboard_deco.DisplayName,Panneau d'affichage décoratif en champignon,-
Lapantouflemagic.Shroomboard_deco.Description,Juste pour embellir vos fermes,-
Lapantouflemagic.Sunboard_deco.DisplayName,Panneau décoratif de tournesol,-
Lapantouflemagic.Sunboard_deco.Description,"Juste pour faire joli dans vos fermes
Qui aurait déjà eu trop de ça de toute façon ?",-
Lapantouflemagic.Wheatboard_deco.DisplayName,Panneau décoratif de blé,-
Lapantouflemagic.Wheatboard_deco.Description,J'espère qu'ils pourront faire de vraies baguettes.,-
Lapantouflemagic.Cattailboard_deco.DisplayName, panneau décoratif de typha,-
Lapantouflemagic.Cattailboard_deco.Description,J'ai un peu envie d'en manger un maintenant.,-
Lapantouflemagic.Spadderdockboard_deco.DisplayName,panneau d'affichage décoratif de spadderdock,-
Lapantouflemagic.Spadderdockboard_deco.Description,Juste pour que vos fermes aient l'air agréables,-
Lapantouflemagic.BadorderBoard.DisplayName,Mauvais ordre,-
Lapantouflemagic.GoodorderBoard.DisplayName,Bon ordre,-
Lapantouflemagic.AwfulBoard.DisplayName,À propos du ragoût épouvantable,-
Lapantouflemagic.Watertight1Board.DisplayName,Construction étanche,-
Lapantouflemagic.PileplatformBoard.DisplayName,Vous pouvez faire ça,-
Lapantouflemagic.MathBoard1.DisplayName,Comment ne pas mourir de faim,-
Lapantouflemagic.MathBoard2.DisplayName,Comment ne pas mourir de soif,-
Lapantouflemagic.ShaftBoard.DisplayName,Comment connecter l'alimentation,-
Lapantouflemagic.FarmUpgradeBoard.DisplayName,Tableau de mise à niveau de ferme,-
Lapantouflemagic.WaterpumpUpgradeBoard.DisplayName,Tableau de mise à niveau de la pompe à eau,-
Lapantouflemagic.GiantTankBoard.DisplayName,Planche de réservoir géant enterré,-
Lapantouflemagic.MediumMineBoard.DisplayName,Planche de mine moyenne,-
Lapantouflemagic.SmallMineBoard.DisplayName,Panneau de petite mine,-
Lapantouflemagic.Billboard1.DisplayName,Trop facile ?,-
Lapantouflemagic.Billboard2.DisplayName,Reviendra,-
Lapantouflemagic.Billboard3.DisplayName,Il l'a fait,-
Lapantouflemagic.Billboard4.DisplayName,"Non, je ne le suis pas",-
Lapantouflemagic.Billboard5.DisplayName,Résumé parfait,-
Lapantouflemagic.Billboard6.DisplayName,« Nos seigneurs et sauveurs »,-
Lapantouflemagic.Billboard7.DisplayName,"Vas-y, essaie",-
Lapantouflemagic.Billboard8.DisplayName,Chic,-
Lapantouflemagic.Billboard9.DisplayName,Pas en Australie,-
Lapantouflemagic.Billboard10.DisplayName,Juste au cas où,-
Lapantouflemagic.Billboard11.DisplayName,Kaplowie,-
Lapantouflemagic.Billboard12.DisplayName,Le plus grand humain,-
Lapantouflemagic.Billboard13.DisplayName,Je suis sûr que cela va fonctionner,-
Lapantouflemagic.Billboard14.DisplayName,Nous le faisons tous,-
Lapantouflemagic.Billboard15.DisplayName,La modding pourrait aider,-
Lapantouflemagic.Billboard16.DisplayName,Billboard N°16,-
Lapantouflemagic.Billboard17.DisplayName,Affiche N°17,-
Lapantouflemagic.Billboard18.DisplayName,Billboard N°18,-
Lapantouflemagic.Billboard19.DisplayName,Billboard N°19,-
Lapantouflemagic.CautionModdersBoard.DisplayName,Signalisation de prudence pour moddeurs par Thorlak,-
Lapantouflemagic.ChoochooBoard.DisplayName,Mod ChooChoo par Tobbert,-
Lapantouflemagic.LadderBoard.DisplayName,Échelle par Tobbert,-
Lapantouflemagic.MoreplatformsBoard.DisplayName,"Plus de plates-formes par Tobbert, panneau par Anythin",-
Lapantouflemagic.PathextensionBoard.DisplayName,Extension de chemin par Knatte_Anka,-
Lapantouflemagic.VillagesquareBoard.DisplayName,Place du village par Lapantouflemagic (moi),-
Lapantouflemagic.VillagesquareBoard.Description,Je n'ai pas travaillé là-dessus depuis des siècles,-
Lapantouflemagic.Waterbeaverboard.DisplayName,Refonte des castors aquatiques par Lapantouflemagic (moi),-
Lapantouflemagic.WaterextensionBoard.DisplayName,Extension de chemin par Knatte_Anka,-
Lapantouflemagic.CategorybuttonBoard.DisplayName,Nom du bouton de catégorie par Tobbert,-
Lapantouflemagic.CategorybuttonBoard.Description,Je ne peux qu'imaginer ta douleur si tu lis cela sans ce mod.,-
Lapantouflemagic.BillboardBoard.DisplayName,Billboards par Lapantouflemagic (moi),-
Lapantouflemagic.BillboardBoard.Description,C'est une tableauception !,-
Lapantouflemagic.SteelBoard.DisplayName,Comment obtenir plus d'enclumes,-
Lapantouflemagic.POWER.Description,De terribles conséquences peuvent en découler,-
Lapantouflemagic.WashingMashine.DisplayName,Lavez ces castors,-
Lapantouflemagic.ModularUpgradeBoard.DisplayName,Améliorations modulaires,-
