ID,Text,Comment
LV.T4UX.KeybindingGroup,TAméliorer 4 UX,-
LV.T4UX.UndoHotkey,Annuler la construction,-
LV.T4UX.ShiftToDelete,Shift pour supprimer,-
LV.T4UX.ShiftToDeleteDesc,Maintenez l'Action Alternative (Shift par défaut) tout en choisissant l'outil de construction pour supprimer ce type de bâtiment à la place.,-
LV.T4UX.ShiftToDeleteAll,Supprimer tous les types de bâtiments,-
LV.T4UX.ShiftToDeleteAllDesc,"Tout en maintenant l'Action Alternative, supprimez tous les types de bâtiments au lieu de juste celui-ci.",-
LV.T4UX.ConfirmUndo,"Certains bâtiments étaient déjà en cours ou terminés, êtes-vous sûr de vouloir annuler la construction ?",-
LV.T4UX.RecentToolHotkey,Outil récent,-
LV.T4UX.UndoCount,Nombre d'annulations,-
LV.T4UX.UndoCountDesc,Combien d'actions de construction annulées pouvez-vous effectuer consécutivement,-
LV.T4UX.UndoEmpty,Aucune action de rétablissement disponible,-
LV.T4UX.CollapseEntityPanel,Panneaux d'entités rétractables,-
LV.T4UX.CollapseEntityPanelDesc,Rendre les panneaux d'entité (les panneaux d'info à droite lorsque vous sélectionnez un bâtiment) réductibles. Ne peut être modifié que depuis le Menu Principal.,-
LV.T4UX.CollapseEntityPanelGlobal,État de collapse global,-
LV.T4UX.CollapseEntityPanelGlobalDesc,Rendre l'état de collapsus sauvegardé globalement au lieu de par sauvegarde,-
LV.T4UX.ShowDynamiteDestruction,Afficher la destruction de la dynamite,-
LV.T4UX.ShowDynamiteDestructionDesc,"Afficher le terrain et les bâtiments qui seraient détruits lors de la sélection d'une dynamite. Si vous avez le mod Dynamite multidirectionnelle activé, cette option n'est pas nécessaire et ce mod activera toujours cette option.",-
LV.T4UX.UpdateText740,"- Ajout de la fonctionnalité 'Copier bâtiment'. En utilisant l'outil par défaut (Curseur), cliquez avec le bouton du milieu (souris 3, reconfigurable) sur un bâtiment pour basculer rapidement vers cet outil de bâtiment. Vous pouvez également maintenir la touche Maj enfoncée pour supprimer les bâtiments correspondants avec la fonction 'Supprimer avec Maj'.
- Les fonctionnalités suivantes fonctionnent désormais dans l'Éditeur de carte : outil récent, panneaux d'entités réductibles et la fonction 'Copier bâtiment' récemment ajoutée.
- Correction de l'avertissement de travailleur inactif désactivé dans les Paramètres du Mod qui ne fonctionnait pas.
- Correction de la touche de raccourci de l'outil récent qui ne fonctionnait pas.",-
LV.T4UX.WorkerIdleWarning,Avertissement concernant les travailleurs inactifs,-
LV.T4UX.WorkerIdleWarningDesc,Ajoutez un avertissement lorsqu'un travailleur n'a pas de travail à faire à un poste de travail.,-
LV.T4UX.WorkerIdleWarningDisable,Désactiver l'avertissement d'inactivité pour tous les {0},-
LV.T4UX.WorkerIdleStatus,Il y a des travailleurs sans rien à faire,-
LV.T4UX.WorkerIdleStatusShort,Travailleur inactif,-
LV.T4UX.CopyHotkey,Copier le bâtiment,-
LV.T4UX.RotateCordinalLeft,Rotation Cardinal à Gauche,-
LV.T4UX.RotateCordinalRight,Rotation Cardinal à Droite,-
Name_AdjustableStrengthPowerGeneratorFragment,Générateur de Puissance Dev,-
Name_AdulthoodFragment,Adulte,-
Name_AttractionFragment,Visiteurs,-
Name_AttractionLoadRateFragment,Popularité,-
Name_BatteryFragment,Batterie,-
Name_BeaverBuildingsFragment,Bâtiments Connexes,-
Name_BehaviorManagerDebugFragment,Débogage de comportement,-
Name_BonusManagerDebugFragment,Bonus de Débogage,-
Name_BreedingPodFragment,Module de Reproduction,-
Name_BuildingHPFragment,PV du bâtiment,-
Name_CharacterControlFragment,Débogage du contrôle des personnages,-
Name_ConstructionSiteDebugFragment,Débogage de construction,-
Name_ConstructionSiteFragment,Site de construction,-
Name_DemolishableFragment,Démolition,-
Name_DemolishablePriorityFragment,Priorité de Démolition,-
Name_DeteriorableDebugFragment,Débogage de Décomposition,-
Name_DeteriorableFragment,Durabilité,-
Name_DistrictCenterFragment,Centre de district,-
Name_DistrictCrossingInventoryFragment,Inventaire de Traversée,-
Name_DwellingDebugFragment,Débogage de l'Habitat,-
Name_DwellingUserFragment,Résidents,-
Name_DyingNaturalResourceFragment,Statut de la plante,-
Name_DynamiteFragment,Dynamite,-
Name_FarmHouseFragment,Ferme,-
Name_FloodgateFragment,Vanne,-
Name_ForesterFragment,Forestier,-
Name_GatherableFragment,Collectible,-
Name_GatherablePrioritizerFragment,Priorité de collecte,-
Name_GoodCarrierFragment,Transporteur,-
Name_GoodConsumingBuildingFragment,Consommation,-
Name_GoodStackFragment,Pile de Biens,-
Name_GrowableFragment,Croissance,-
Name_HaulCandidateDebugFragment,Déboguer le transport,-
Name_HaulCandidateFragment,Transport,-
Name_InventoryDebugFragment,Débogage de l'inventaire,-
Name_ManufactoryFragment,Usine,-
Name_ManufactoryInventoryFragment,Inventaire de l'Atelier,-
Name_ManufactoryTogglableRecipesFragment,Recettes,-
Name_MechanicalNodeFragment,Node de Puissance,-
Name_MMFragment,Macro-gestion,-
Name_MultiSelectFragment,Multi-Sélection,-
Name_PlantablePrioritizerFragment,Priorité de plantation,-
Name_ProductionProgressFragment,Progrès,-
Name_ProductivityFragment,Productivité,-
Name_RecoveredGoodStackFragment,Biens Récupérés,-
Name_RenovationStockpileFragment,Réserve de Rénovation,-
Name_RuinFragment,Ruine,-
Name_ScienceNeedingBuildingFragment,Science Nécessaire,-
Name_SimpleOutputInventoryFragment,Inventaire,-
Name_SluiceFragment,Soulage,-
Name_StatusListFragment,Statut,-
Name_StockpileGoodColumnVisualizerDebugFragment,Débogage de Stock,-
Name_StockpileInventoryDebugFragment,Débogage de l'inventaire,-
Name_StockpileInventoryFragment,Stockage,-
Name_StockpilePriorityFragment,Priorité de Stockage,-
Name_StreamGaugeFragment,Manomètre de cours d'eau,-
Name_TailDecalSupplierFragment,Décalcomanie de queue,-
Name_WaterInputDepthFragment,Profondeur de l'eau,-
Name_WaterMoverFragment,Pompe à Fluide,-
Name_WaterSourceFragment,Source d'eau (Dév),-
Name_WaterSourceRegulatorFragment,Régulateur de Flux,-
Name_WellbeingFragment,Bien-être,-
Name_WindGaugeFragment,Anémomètre,-
Name_WirelessCoilFragment,Bobine sans fil,-
Name_WonderDebugFragment,Débogage Merveille,-
Name_WonderFragment,Merveille,-
Name_WorkplaceFragment,Lieu de travail,-
Name_WorkshopDebugFragment,Débogage d'Atelier,-
Name_ZiplineTowerFragment,Tour de tyrolienne,-
Name_DistrictCenterFragment_DistrictCenterInventoryFragment,Inventaire,-
Name_SluiceFragment_Automation,Automatisation de la vanne,-
Name_SluiceFragment_WaterInfo,Informations sur l'eau du déversoir,-
Name_BreedingPodFragment_BreedingPodInventoryFragment,Inventaire,-
Name_WorkplaceShiftFragment,Temps de travail,-
Name_UnstableCoreFragment,Noyau instable,-
Name_DecalSupplierFragment,Fournisseur de Décalques,-
Name_TimedComponentActivatorSettingsFragment,Paramètres de l'activateur de composant temporisé,-
Name_BlueprintDebugFragment,Débogage de plan,-
Name_UnstableCoreDebugFragment,Débogage du cœur instable,-
Name_FlippableDecalFragment,[NE_PAS_REPLIER],-
Name_RecoveredGoodStackDisintegrationFragment,[NE_PAS_REDUIRE],-
Name_SluiceFragment_SynchronizeWrapper,[NE_PAS_REPLIER],-
Name_TailDecalSupplierFragment_,[NE_PAS_REDSUIRE],-
Name_DecalSupplierFragment_,[NE_PAS_REPLIER],-
