ID,Text,Comment
Knatte.PowerLevee.DisplayName,Manche alimentée,-
Knatte.PowerLevee.Description,Levee avec un puits pour alimenter les pompes. À la fois horizontal et vertical.,-
Knatte.UPowerLevee.DisplayName,Manche universelle alimentée,-
Knatte.UPowerLevee.Description,Levee qui a un arbre dedans pour alimenter les pompes. Connecté de tous les côtés.,-
Knatte.LargeWaterWheelLevee.DisplayName,Grande roue à eau avec digue,-
Knatte.LargeWaterWheelLevee.Description,Roue à eau qui dispose également d'une levée inclinée pour aider à maintenir l'eau à l'intérieur des canaux et éviter le débordement.,-
Knatte.TurbineSmall.DisplayName,Turbine Petite,-
Knatte.TurbineSmall.Description,Une petite turbine qui génère de l'énergie dans la même direction que l'arbre.,-
Knatte.TurbineSmall.FlavorDescription,Merci à 99Cent et Ymerzeru pour l'inspiration.,-
Knatte.TurbineBig.DisplayName,Grosse turbine,-
Knatte.TurbineBig.Description,Une grosse turbine qui génère de l'énergie dans le même sens que l'arbre,-
Knatte.TurbineBig.FlavorDescription,"Soit on vise grand, soit on rentre à la maison",-
