ID,Text,Comment
LV.CFac.RemoveDup,Essayez de supprimer les doublons (Redémarrage nécessaire),-
LV.CFac.RemoveDupDesc,Essayez de supprimer les bâtiments avec des noms similaires lorsque toutes les factions les possèdent (comme Chemin ou Plates-formes).,-
LV.CFac.AddPlants,Ajouter des plantes (cultures et arbres),-
LV.CFac.AddPlantsDesc,Vous pouvez cultiver des récoltes et des arbres d'autres factions. Vous devez ajouter la Ferme Aquatique des Folktails à toutes les autres factions pour éviter les plantages.,-
LV.CFac.AddPlantsNotif,Vous devez ajouter Aquatic Farmhouse à Iron Teeth sinon cela échouera lors du chargement pour Iron Teeth.,-
LV.CFac.NoBotNeeds,Ne pas ajouter les besoins du bot.,-
LV.CFac.NoBotNeedsDesc,N'ajoutez pas les besoins des Bots aux autres factions (Biocarburant et Énergie). Vous ne devez pas ajouter le bâtiment de production de biocarburant (Raffinerie) aux Iron Teeth sous peine de faire planter le jeu lors de sa construction.,-
LV.CFac.NoBotNeedsNotif,Vous ne devez pas ajouter de bâtiment de production de biocarburants (raffinerie) aux Iron Teeth ou le jeu se planterait lors de sa construction.,-
