ID,Text,Comment
LV.TAT.UnlimitedMapSize,Taille de carte illimitée,-
LV.TAT.UnlimitedMapSizeDesc,Supprimez la limite de taille de carte par défaut de 256x256.,-
LV.TAT.GameToMap,Sauvegarder le jeu en tant que carte,-
LV.TAT.GameToMapDesc,Permettez d'utiliser votre jeu normal pour être sauvegardé dans des cartes. Les boutons apparaîtront dans le coin supérieur gauche lorsque vous jouez au jeu. Vous pouvez également télécharger cette carte sur Steam Workshop. PAS dans l'éditeur de cartes.,-
LV.TAT.LockOnSaveMap,Annuler le déverrouillage des bâtiments,-
LV.TAT.LockOnSaveMapDesc,"Lorsque vous enregistrez une carte, rétablissez les bâtiments dans leur état verrouillé d'origine. Vous avez peut-être débloqué ces bâtiments en créant la carte. Si vous ne cochez pas cette option, les bâtiments resteront débloqués pour les joueurs commençant une nouvelle partie.",-
LV.TAT.DefaultWaterSourceStrength,Force de la source d'eau par défaut,-
LV.TAT.DefaultWaterSourceStrengthDesc,La force par défaut des sources d'eau lors de la placement des sources d'eau dans l'Éditeur de Carte. Cela s'applique aux sources d'eau douce et polluée.,-
LV.TAT.CopyObjects,Copier des objets,-
LV.TAT.Size0,Largeur (X) :,-
LV.TAT.Size1,Souffle (Y):,-
