ID,Text,Comment
CAT.Enabled,Activé,-
CAT.EnabledDesc,Marquez toute la carte comme étant une zone 'coupable' lors du chargement d'une sauvegarde avec ce mod pour la première fois (y compris un nouveau jeu).,-
CAT.AlwaysEnabled,Toujours activé,-
CAT.AlwaysEnabledDesc,"Marquez toute la carte comme une zone « coupable » lors du chargement d'une sauvegarde avec ce mod, même si elle avait déjà été activée auparavant. Se désélectionne automatiquement une fois que vous chargez une sauvegarde.",-
