ID,Text,Comment
LV.CLt.BeaverLifeMul,Multiplicateur d’âge de castor,-
LV.CLt.BeaverLifeMulDesc,"Le vieillissement des castors adultes est multiplié par cette valeur, similaire à un bonus de « durée de vie ». Note : plus la valeur est élevée, plus c'est difficile car les castors vieilliront plus vite. Une valeur de 0 signifie que les castors ne vieilliront jamais.",-
LV.CLt.ChildhoodDaysMul,Multiplicateur de Croissance Enfantine,-
LV.CLt.ChildhoodDaysMulDesc,"La croissance de l'enfance des castors est multipliée par cette valeur, semblable à un bonus de ""vitesses de croissance"". Note : plus la valeur est élevée, plus il est facile pour les jeunes castors de grandir rapidement. Un réglage à 0 signifie que les enfants ne grandiront jamais.",-
LV.CLt.BotLifeMul,Multiplicateur de détérioration des bots,-
LV.CLt.BotLifeMulDesc,"La détérioration des bots est multipliée par cette valeur, similaire à un bonus de ""Espérance de vie"". Remarque : plus la valeur est élevée, plus il est difficile, car les bots se détérioreront plus rapidement. Un réglage à 0 signifie que les bots ne se détérioreront jamais.",-
