ID,Text,Comment
Cadre.Group.AquaPiles.DisplayName,Aqua Piles,-
Cadre.Group.AquaTanks.DisplayName,Réservoirs d'eau,-
Cadre.Group.AquaWarehouses.DisplayName,Entrepôts Aquatiques,-
Cadre.LogLadder.DisplayName,Échelle à bûches,-
Cadre.LogLadder.Description,Tronc que les castors ont rongé pour le rendre escaladable,-
Cadre.LogLadder.FlavorDescription,"Bien sûr, ils l'ont lavé dans la rivière après.",-
Cadre.Gyser.DisplayName,Geyser,-
Cadre.Gyser.Description,De l'eau filtrée provenant des profondeurs de la terre,-
Cadre.Gyser.FlavorDescription,Est un peu...volatile,-
Cadre.FloodMaker.DisplayName,Créateur d'inondations,-
Cadre.FloodMaker.Description,Déversement de fluides sous pression,-
Cadre.FloodMaker.FlavorDescription,Inondations fiables de votre méca local :D,-
Cadre.SmallAquaPile.DisplayName,Petite Pile Aquatique,-
Cadre.SmallAquaPile.Description,Petit tas qui peut être placé sous l'eau,-
Cadre.SmallAquaPile.FlavorDescription,Résultat du traité de paix entre les Folktails et les IronTeeth,-
Cadre.MediumAquaPile.DisplayName,Pile d'Aqua Moyenne,-
Cadre.MediumAquaPile.Description,Pile moyenne pouvant être placée sous l'eau,-
Cadre.MediumAquaPile.FlavorDescription,Résultat du traité de paix entre les Folktails et les IronTeeth,-
Cadre.BuriedAquaPile.DisplayName,Pile d'eau enterrée,-
Cadre.BuriedAquaPile.Description,Pile sous-terraine plus profonde qui peut être placée sous l'eau,-
Cadre.BuriedAquaPile.FlavorDescription,Résultat du Traité de Paix entre les Folktails et les IronTeeth,-
Cadre.SmallAquaTank.DisplayName,Petit Réservoir Aqua,-
Cadre.SmallAquaTank.Description,Petit réservoir pouvant être placé sous l'eau,-
Cadre.SmallAquaTank.FlavorDescription,Résultat du Traité de Paix entre les Folktails et les IronTeeth,-
Cadre.MediumAquaTank.DisplayName,réservoir aquatique moyen,-
Cadre.MediumAquaTank.Description,Réservoir moyen pouvant être placé sous l'eau,-
Cadre.MediumAquaTank.FlavorDescription,Résultat du Traité de Paix entre les Folktails et les IronTeeth,-
Cadre.LargeAquaTank.DisplayName,Grand Réservoir d'Aqua,-
Cadre.LargeAquaTank.Description,Grand réservoir qui peut être placé sous l'eau,-
Cadre.LargeAquaTank.FlavorDescription,Résultat du traité de paix entre les Folktails et les IronTeeth,-
Cadre.SmallAquaWarehouse.DisplayName,Petit Entrepôt Aqua,-
Cadre.SmallAquaWarehouse.Description,Petit entrepôt pouvant être placé sous l'eau,-
Cadre.SmallAquaWarehouse.FlavorDescription,Résultat du traité de paix entre les Folktails et les IronTeeth,-
Cadre.MediumAquaWarehouse.DisplayName,Entrepôt Aqua Moyen,-
Cadre.MediumAquaWarehouse.Description,Entrepôt moyen qui peut être placé sous l'eau,-
Cadre.MediumAquaWarehouse.FlavorDescription,Résultat du traité de paix entre les Folktails et les IronTeeth,-
Cadre.LargeAquaWarehouse.DisplayName,Grand Entrepôt Aquatique,-
Cadre.LargeAquaWarehouse.Description,Grand entrepôt pouvant être placé sous l'eau,-
Cadre.LargeAquaWarehouse.FlavorDescription,Résultat du Traité de Paix entre les Folktails et les IronTeeth,-
Cadre.AquaNumberCruncher.DisplayName,Aqua Number Cruncher (NE PAS CONSTRUIRE - FAIT PLANTER LE JEU),-
Cadre.AquaNumberCruncher.Description,Calculateur qui fonctionne mieux sous l'eau.,-
Cadre.AquaNumberCruncher.FlavorDescription,Résultat du traité de paix entre les Folktails et les IronTeeth,-
Cadre.AquaWaterWheel.DisplayName,Roue à Eau Aqua (NE PAS CONSTRUIRE - FAIT PLANTER LE JEU),-
Cadre.AquaWaterWheel.Description,Roues à eau pouvant être placées sous l'eau,-
Cadre.AquaWaterWheel.FlavorDescription,Résultat du Traité de Paix entre les Folktails et les IronTeeth,-
Cadre.AquaCompactWaterWheel.DisplayName,Roue à eau compacte Aqua (NE PAS CONSTRUIRE - FAIT PLANTER LE JEU),-
Cadre.AquaCompactWaterWheel.Description,Roue à eau compacte pouvant être placée sous l'EauCompacte,-
Cadre.AquaCompactWaterWheel.FlavorDescription,Résultat du traité de paix entre les Folktails et les IronTeeth,-
