ID,Text,Comment
ToolGroups.Platforms,Plateformes et Débordements,-
Building.Overhang7x1.DisplayName,Surplomb 7x1,-
Building.Overhang3x1.Centered.DisplayName,Surplomb 3x1 Centré,-
Building.Overhang5x1.Centered.DisplayName,Surplomb 5x1 Centré,-
Building.Overhang7x1.Centered.DisplayName,Surplomb 7x1 Centré,-
Building.MetalPlatform7x7.DisplayName,Plateforme en métal 7x7,-
Building.MetalPlatform7x7.Ladder.DisplayName,Plateforme métallique 7x7 avec échelle,-
Building.SuspensionBridge7x1.DisplayName,Pont suspendu 7x1,-
Building.SuspensionBridge8x1.DisplayName,Pont suspendu 8x1,-
