ID,Text,Comment
Building.OverhangPowerShaft.Description,Un arbre de puissance avec un surplomb,-
Building.OverhangPowerShaft.FlavorDescription,Un arbre de transmission avec un débordement.,-
Building.OverhangPowerShaft2x1.DisplayName,Arbre de puissance en surplomb 2x1,-
Building.OverhangPowerShaft3x1.DisplayName,Shaft de puissance surplombant 3x1,-
Building.OverhangPowerShaft4x1.DisplayName,Arbre de puissance en saillie 4x1,-
Building.OverhangPowerShaft5x1.DisplayName,Arbre de puissance en surplomb 5x1,-
Building.OverhangPowerShaft6x1.DisplayName,Arbre de puissance en saillie 6x1,-
