ID,Text,Comment
Building.Medbay.DisplayName,Hôpital,-
Building.Medbay.Description,Guérit les castors en utilisant la technologie énergétique et de reproduction.,-
Good.Poultice.DisplayName,Pousse,-
Good.Poultice.PluralDisplayName,Cataplasmes,-
Good.Salve.DisplayName,Baume,-
Good.Salve.PluralDisplayName,Salves,-
Manufactory.RecipeUnlock.CantUnlock,"Impossible de débloquer cette recette, pas assez de points de science.",-
Manufactory.RecipeUnlock.Prompt,Êtes-vous sûr de vouloir débloquer cette recette ? Cela coûte {0} points de science.,-
Manufactory.RecipeUnlock.Tooltip,Déverrouillez cette recette.,-
Recipe.EffectInjury.DisplayName,Guérir le castor,-
Recipe.EffectInjury.PluralDisplayName,Guérir les castors,-
