ID,Text,Comment
BeaverStatistics.TabName,Productivité des Castors,-
BeaverStatistics.KeyBinding,Onglet de Productivité des Castors,-
BeaverStatistics.Settings.Header,Paramètres des Statistiques de Castor,-
BeaverStatistics.Settings.UpdateInterval,Intervalle de mise à jour (% de la journée),-
BeaverStatistics.Settings.UpdateInterval.Tooltip,"À quelle fréquence mettre à jour les statistiques des activités de longue durée. 1 % = 14,4 min, 10 % = 2,4 h, 100 % = 24 h",-
BeaverStatistics.Settings.YellowThreshold,Seuil d'avertissement jaune (%),-
BeaverStatistics.Settings.YellowThreshold.Tooltip,Les comportements prenant plus que ce pourcentage seront affichés en jaune.,-
BeaverStatistics.Settings.RedThreshold,Seuil d'Alerte Rouge (%),-
BeaverStatistics.Settings.RedThreshold.Tooltip,Les comportements prenant plus de ce pourcentage seront affichés en rouge,-
BeaverStatistics.Behavior.WanderRootBehavior,Errer,-
BeaverStatistics.Behavior.CarryRootBehavior,Porter,-
BeaverStatistics.Behavior.CharacterControlRootBehavior,Contrôlé,-
BeaverStatistics.Behavior.DeadRootBehavior,Mort,-
BeaverStatistics.Behavior.DieRootBehavior,Mort,-
BeaverStatistics.Behavior.ContaminateRootBehavior,Contaminé,-
BeaverStatistics.Behavior.CriticalNeederRootBehavior,Besoin Critique,-
BeaverStatistics.Behavior.StrandedRootBehavior,Échoué,-
BeaverStatistics.Behavior.WorkerRootBehavior,Travailleur,-
BeaverStatistics.Behavior.NeederRootBehavior,Besoin,-
BeaverStatistics.Behavior.SleepNeedBehavior,Besoins de sommeil,-
BeaverStatistics.Behavior.ChildRootBehavior,« Enfant »,-
BeaverStatistics.Behavior.BuilderHubWorkplaceBehavior,Travail du Hub de Constructeurs,-
BeaverStatistics.Behavior.BuildBehavior,Bâtir,-
BeaverStatistics.Behavior.EmptyInventoriesWorkplaceBehavior,Vider les Inventaires,-
BeaverStatistics.Behavior.FarmHouseGoodStackRetrieverWorkplaceBehavior,Récupération de la Ferme,-
BeaverStatistics.Behavior.FillInputWorkplaceBehavior,Remplissage de l'entrée,-
BeaverStatistics.Behavior.LumberjackFlagWorkplaceBehavior,Travail de Bûcheron,-
BeaverStatistics.Behavior.GatherWorkplaceBehavior,Collecte,-
BeaverStatistics.Behavior.FarmHouseGoodStackRetrieverBehavior,Récupération de Maison de Ferme,-
BeaverStatistics.Behavior.HaulWorkplaceBehavior,Transport,-
BeaverStatistics.Behavior.TimberborneWorkplaceBehavior,Lieu de travail,-
BeaverStatistics.Behavior.PlanterWorkplaceBehavior,Plantation,-
BeaverStatistics.Behavior.RecoveredGoodStackRetrievingBehavior,Récupération des Biens,-
BeaverStatistics.Behavior.ScavengerWorkplaceBehavior,Récupération,-
BeaverStatistics.Behavior.WaitInsideIdlyWorkplaceBehavior,Attente oisive,-
BeaverStatistics.Behavior.YieldRemoverBehavior,Suppression de rendement,-
BeaverStatistics.Behavior.ProduceWorkplaceBehavior,Produire,-
BeaverStatistics.Behavior.WorkWorkplaceBehavior,Travail,-
BeaverStatistics.Behavior.WaitForInactiveWonderWorkplaceBehavior,Attente de Merveille,-
BeaverStatistics.Behavior.SupplyGoodWorkplaceBehavior,Fournir des biens,-
BeaverStatistics.Behavior.ObtainGoodWorkplaceBehavior,Obtenir des biens,-
BeaverStatistics.Behavior.BringNutrientWorkplaceBehavior,Apporter des Nutriments,-
BeaverStatistics.Behavior.LaborWorkplaceBehavior,Travail,-
BeaverStatistics.Behavior.FarmHouseWorkplaceBehavior,Travail à la Ferme,-
BeaverStatistics.Behavior.EmptyOutputWorkplaceBehavior,Vidage de la sortie,-
BeaverStatistics.Behavior.RemoveUnwantedStockWorkplaceBehavior,Retirer le stock indésirable,-
BeaverStatistics.Behavior.DistrictCrossingWorkplaceBehavior,Croisement de district,-
BeaverStatistics.Behavior.AttractionNeed,Besoin d'attraction,-
BeaverStatistics.Behavior.InventoryNeed,Besoins en inventaire,-
BeaverStatistics.Executor.WalkToPositionExecutor,Marche vers la position,-
BeaverStatistics.Executor.WalkInsideExecutor,Marcher à l'intérieur,-
BeaverStatistics.Executor.ApplyEffectExecutor,Application de l'effet,-
BeaverStatistics.Executor.WalkToAccessibleExecutor,Marcher vers la cible,-
BeaverStatistics.Executor.AnimateExecutor,Animation en cours,-
BeaverStatistics.Executor.WaitExecutor,En attente,-
BeaverStatistics.Executor.WorkExecutor,Travail en cours,-
BeaverStatistics.Executor.ProduceExecutor,Production,-
BeaverStatistics.Executor.PlantExecutor,Plantation,-
BeaverStatistics.Executor.WalkToReservableExecutor,Marcher vers Réservable,-
BeaverStatistics.Executor.RemoveYieldExecutor,Récolte,-
BeaverStatistics.Executor.BuildExecutor,Bâtiment,-
BeaverStatistics.Executor.DemolishExecutor,Démolition,-
