ID,Text,Comment
EBR.UnlimitedAbove,Illimité au-dessus,-
EBR.UnlimitedAboveDesc,Les constructeurs peuvent toujours construire au-dessus d'eux-mêmes (Défaut du jeu : non),-
EBR.UnlimitedBelow,Illimité ci-dessous,-
EBR.UnlimitedBelowDesc,Les constructeurs peuvent toujours construire en dessous d'eux-mêmes (Par défaut du jeu : oui),-
EBR.RangeAbove,Plage supérieure,-
EBR.RangeAboveDesc,Les bâtisseurs peuvent construire jusqu'à ce nombre de tuiles au-dessus d'eux (paramètre par défaut du jeu : 1),-
EBR.RangeBelow,Gamme inférieure,-
EBR.RangeBelowDesc,Les constructeurs peuvent construire jusqu'à ce nombre de tuiles en dessous d'eux (paramètre par défaut du jeu : infini),-
