ID,Text,Comment
ToolGroups.Platforms,プラットフォームとオーバーハング,-
Building.Overhang7x1.DisplayName,オーバーハング 7x1,-
Building.Overhang3x1.Centered.DisplayName,オーバーハング 3x1 中央揃え,-
Building.Overhang5x1.Centered.DisplayName,オーバーハング 5x1 中央配置,-
Building.Overhang7x1.Centered.DisplayName,オーバーハング 7x1 中央揃え,-
Building.MetalPlatform7x7.DisplayName,メタルプラットフォーム 7x7,-
Building.MetalPlatform7x7.Ladder.DisplayName,梯子付き7x7金属プラットフォーム,-
Building.SuspensionBridge7x1.DisplayName,吊橋 7x1,-
Building.SuspensionBridge8x1.DisplayName,サスペンションブリッジ 8x1,-
