ID,Text,Comment
GreedyNation.biofuel,バイオ燃料,-
GreedyNation.displayname,貪欲な国,-
GreedyNation.description,貪欲なコロニーが貪欲なコロニーに出会うと、混乱が引き起こされる :D,-
GreedyBots,「グリーディボット#」,-
GreedyNation.WonderCompletion.Message,「よくやった！」,-
GreedyNation.WonderCompletion.Flavour,それは相当な努力でしたね？ :D,-
GreedyNation.GameOver.Message,「...どうやってあなたは？」,-
GreedyNation.GameOver.Flavour,「さあ、もっと頑張れるでしょう！」,-
GreedyNationBots,貪欲な国家ボット＃,-
