ID,Text,Comment
IgorZ.Automation.CancelTool.Description,このツールを使用して、建物や建設現場の自動化を整理してください。,-
IgorZ.Automation.CancelTool.Title,自動化をキャンセルする,-
IgorZ.Automation.CheckAccessBlockCondition.Blocking.Description,<YellowHighlight>道を塞ぐ</YellowHighlight>,-
IgorZ.Automation.CheckAccessBlockCondition.NotBlocking.Description,<YellowHighlight>道を塞がない</YellowHighlight>,-
IgorZ.Automation.CheckAccessBlockCondition.NotYetReachable,建設者たちはまだそれに到達できませんが、道が建設中です。,-
IgorZ.Automation.CheckAccessBlockCondition.UnreachableAlert,アクセスできない工事現場,-
IgorZ.Automation.CheckAccessBlockCondition.UnreachableStatus,建設者たちはこの場所への道を見つけられません。ここでは何も建設できないかもしれません。,-
IgorZ.Automation.DebugPickTool.Description,選択したオブジェクトにコンポーネントを印刷します。,-
IgorZ.Automation.DebugPickTool.DescriptionHint1,<i>SHIFT</i>を押し続けて、アクセシブルを印刷します。,-
IgorZ.Automation.DebugPickTool.DescriptionHint2,<i>CTRL</i>を押しながらNavMeshのエッジを印刷します。,-
IgorZ.Automation.DebugPickTool.Title,デバッグツール,-
IgorZ.Automation.ShowStatusAction.AutomationErrorAlert,自動化エラー,-
IgorZ.Automation.ShowStatusAction.AutomationErrorDescription,一部の自動化ルールを実行できません。,-
IgorZ.Automation.ShowStatusAction.HoldCompletionStatusText,他の建物が完成するのを待っている,-
IgorZ.Automation.ShowStatusAction.HoldConstruction,<YellowHighlight>保留完了</YellowHighlight>,-
IgorZ.Automation.ShowStatusAction.ResumeConstruction,<YellowHighlight>履歴書作成</YellowHighlight>,-
IgorZ.Automation.Tool.tmpl.2LevelsDynamite.DisplayName,ダイナマイトを2回爆発させる,-
IgorZ.Automation.Tool.tmpl.3LevelsDynamite.DisplayName,ダイナマイトを3回爆発させる,-
IgorZ.Automation.Tool.tmpl.4LevelsDynamite.DisplayName,ダイナマイトを4回爆発させる,-
IgorZ.Automation.Tool.tmpl.5LevelsDynamite.DisplayName,ダイナマイトを5回爆発させる,-
IgorZ.Automation.Tool.tmpl.6LevelsDynamite.DisplayName,ダイナマイトを6回爆発させる,-
IgorZ.Automation.Tool.tmpl.BadtideCloseFloodgate.Description,大潮が始まると閉じる必要がある防潮ゲートにこのテンプレートを適用してください。,-
IgorZ.Automation.Tool.tmpl.BadtideCloseFloodgate.DisplayName,悪潮の際に閉じる洪水ゲート,-
IgorZ.Automation.Tool.tmpl.BadtideOpenFloodgate.Description,悪潮が始まると開く必要がある防潮扉にこのテンプレートを適用してください。,-
IgorZ.Automation.Tool.tmpl.BadtideOpenFloodgate.DisplayName,悪潮時にフラッドゲートを開放する,-
IgorZ.Automation.Tool.tmpl.BadtidePause.Description,悪潮時に一時停止すべき建物にこのテンプレートを適用してください。,-
IgorZ.Automation.Tool.tmpl.BadtidePause.DisplayName,悪潮の間に休憩する,-
IgorZ.Automation.Tool.tmpl.BeaversAtMax.Description,このテンプレートを、空いているベッドがある限り運営されるべき建物に適用してください。,-
IgorZ.Automation.Tool.tmpl.BeaversAtMax.DisplayName,ビーバーの個体数が最大になるまで実行してください。,-
IgorZ.Automation.Tool.tmpl.BeaversAtMinus10.Description,ビーバーの個体数が現在のレベルより10匹低下するまで、一時停止すべき建物にこのテンプレートを適用してください。,-
IgorZ.Automation.Tool.tmpl.BeaversAtMinus10.DisplayName,ビーバーの個体数 -10,-
IgorZ.Automation.Tool.tmpl.BeaversAtMinus20.Description,このテンプレートを、ビーバーの個体数が現在のレベルより20匹少なくなるまで一時停止しておくべき建物に適用してください。,-
IgorZ.Automation.Tool.tmpl.BeaversAtMinus20.DisplayName,ビーバーの個体数 -20,-
IgorZ.Automation.Tool.tmpl.BeaversAtPlus10.Description,ビーバーの個体数が現在のレベルを10匹超えるまで運用する必要がある建物に、このテンプレートを適用してください。,-
IgorZ.Automation.Tool.tmpl.BeaversAtPlus10.DisplayName,ビーバーの個体数 +10,-
IgorZ.Automation.Tool.tmpl.BeaversAtPlus20.Description,ビーバーの個体数が現在のレベルを20匹超えるまで稼働すべき建物にこのテンプレートを適用してください。,-
IgorZ.Automation.Tool.tmpl.BeaversAtPlus20.DisplayName,ビーバーの個体数 +20,-
IgorZ.Automation.Tool.tmpl.BotsAtMinus10.Description,このテンプレートを、ボットの人口が現在のレベルよりも10ビーバー少なくなるまで停止しなければならない建物に適用してください。,-
IgorZ.Automation.Tool.tmpl.BotsAtMinus10.DisplayName,ボットの人口 -10,-
IgorZ.Automation.Tool.tmpl.BotsAtMinus20.Description,このテンプレートを、ボットの人口が現在のレベルから20匹のビーバー以下に減少するまで、停止し続ける必要がある建物に適用してください。,-
IgorZ.Automation.Tool.tmpl.BotsAtMinus20.DisplayName,ボットの人口 -20,-
IgorZ.Automation.Tool.tmpl.BotsAtPlus10.Description,このテンプレートを、ボットの数が現在のレベルを10体超えるまで運営すべき建物に適用してください。,-
IgorZ.Automation.Tool.tmpl.BotsAtPlus10.DisplayName,ボットの人口 +10,-
IgorZ.Automation.Tool.tmpl.BotsAtPlus20.Description,このテンプレートを、ロボットの人口が現在のレベルを20ロボット超えるまで稼働すべき建物に適用してください。,-
IgorZ.Automation.Tool.tmpl.BotsAtPlus20.DisplayName,ボットの人口 +20,-
IgorZ.Automation.Tool.tmpl.ChainedBuildings.Description,このテンプレートを、建設現場が建設者の通路を妨げる可能性がある場合に適用してください。注意：建物が同じレベルにない場合は、結果が保証されないことがあります。,-
IgorZ.Automation.Tool.tmpl.ChainedBuildings.DisplayName,ビルダーをブロックしないでください,-
IgorZ.Automation.Tool.tmpl.DroughtCloseFloodgate.Description,干ばつが始まると閉じるべき洪水ゲートにこのテンプレートを適用してください。,-
IgorZ.Automation.Tool.tmpl.DroughtCloseFloodgate.DisplayName,干ばつの間に堰を閉じる,-
IgorZ.Automation.Tool.tmpl.DroughtOpenFloodgate.Description,干ばつが始まると開くべき洪水ゲートにこのテンプレートを適用してください。,-
IgorZ.Automation.Tool.tmpl.DroughtOpenFloodgate.DisplayName,干ばつの間に水門を開ける,-
IgorZ.Automation.Tool.tmpl.DroughtOpenFlowControl.Description,干ばつ時に開放される必要がある水調整装置にこのテンプレートを適用してください。,-
IgorZ.Automation.Tool.tmpl.DroughtOpenFlowControl.DisplayName,干ばつ時のオープンウォーター規制,-
IgorZ.Automation.Tool.tmpl.DroughtPause.Description,干ばつの間に休止すべき建物にこのテンプレートを適用してください。,-
IgorZ.Automation.Tool.tmpl.DroughtPause.DisplayName,干ばつの間の休止,-
IgorZ.Automation.Tool.tmpl.EmptyAt50pct.DisplayName,容量が50％を超える場合は、ストレージを空にしてください。,-
IgorZ.Automation.Tool.tmpl.EmptyAt60pct.DisplayName,ストレージの容量が60%を超えた場合は空にしてください。,-
IgorZ.Automation.Tool.tmpl.EmptyAt70pct.DisplayName,容量が70%を超えた場合はストレージを空にしてください。,-
IgorZ.Automation.Tool.tmpl.EmptyAt80pct.DisplayName,容量が80％を超えた場合は、ストレージを空にしてください。,-
IgorZ.Automation.Tool.tmpl.EmptyAt90pct.DisplayName,ストレージの容量が90%以上の場合は、ストレージを空にしてください。,-
IgorZ.Automation.Tool.tmpl.EmptyAtXpct.Description,このテンプレートは、一種類の製品を生産し、入力在庫がない建物に適用できます。<i>出力</i>の在庫レベルが事前に設定された閾値を超えると、建物は「空」モードに移行し、商品の迅速な除去を促進します。,-
IgorZ.Automation.Tool.tmpl.TemperateCloseFloodgate.Description,気温が上昇する季節が始まると閉じる必要がある防潮扉にこのテンプレートを適用してください。,-
IgorZ.Automation.Tool.tmpl.TemperateCloseFloodgate.DisplayName,穏やかな天候の際は、放水路の扉を閉じてください。,-
IgorZ.Automation.Tool.tmpl.TemperateOpenFloodgate.Description,温暖な季節が始まるときに開く必要があるフラッドゲートにこのテンプレートを適用してください。,-
IgorZ.Automation.Tool.tmpl.TemperateOpenFloodgate.DisplayName,温暖な天候の際に水門を開ける,-
IgorZ.Automation.Tool.tmpl.TemperatePause.Description,このテンプレートを、温暖な天候中に停止すべき建物に適用してください。,-
IgorZ.Automation.Tool.tmpl.TemperatePause.DisplayName,温暖な天候の間に休憩する,-
IgorZ.Automation.Tool.tmpl.TemperateSemiOpenFloodgate.Description,このテンプレートを、温暖な季節が始まるときに最大高さの0.5m分開くべきフラッドゲートに適用してください。,-
IgorZ.Automation.Tool.tmpl.TemperateSemiOpenFloodgate.DisplayName,温暖な天候時に少し開いた排水口,-
IgorZ.Automation.Tool.tmpl.XLevelsDynamite.Description,このテンプレートは、完成したダイナマイトやまだ建設中のダイナマイトに適用できます。完成すると、ダイナマイトは自動的に爆発し、新しいダイナマイトの設計図が配置されてさらに深く掘ることができます。,-
IgorZ.Automation.ToolGroup.Main.DisplayName,自動化の設定,-
IgorZ.Automation.ToolGroup.Population.DisplayName,人口状況,-
IgorZ.Automation.ToolGroup.Power.DisplayName,電力条件,-
IgorZ.Automation.ToolGroup.Storage.DisplayName,保存条件,-
IgorZ.Automation.ToolGroup.Terrain.DisplayName,地形の変化,-
IgorZ.Automation.ToolGroup.Water.DisplayName,水の状態,-
IgorZ.Automation.Tool.CopyRules.Text,{0} ルールをコピーする,-
IgorZ.Automation.Tool.CopyRules.Title,コピー自動化ルール,-
IgorZ.Automation.Scriptable.Debug.Action.LogNum,ログに数を記録します: {0},-
IgorZ.Automation.Scriptable.Debug.Action.LogStr,ログに文字列を書き込む: {0},-
IgorZ.Automation.Scriptable.Debug.Action.Log,ログに書き込む：'{0}',-
IgorZ.Automation.Scriptable.Debug.Signal.Ticker,タイマー,-
IgorZ.Automation.Scriptable.District.Signal.Beavers,地区のビーバー,-
IgorZ.Automation.Scriptable.District.Signal.Bots,地区のボット,-
IgorZ.Automation.Scriptable.District.Signal.NumberOfBeds,地区のベッド,-
IgorZ.Automation.Scriptable.District.Signal.ResourceCapacity,地区容量：{0},-
IgorZ.Automation.Scriptable.District.Signal.ResourceStock,地区在庫：{0},-
IgorZ.Automation.Scriptable.Floodgate.Action.SetHeight,ゲートの高さを{0}に設定します。,-
IgorZ.Automation.Scriptable.Inventory.Action.EmptyingStatus,ストレージは優先的に空にされています。,-
IgorZ.Automation.Scriptable.Inventory.Action.StartEmptyingStock,ストレージを空にし始める,-
IgorZ.Automation.Scriptable.Inventory.Action.StopEmptyingStock,ストレージを空にするのをやめてください。,-
IgorZ.Automation.Scriptable.Inventory.Signal.InputGood,入力: {0},-
IgorZ.Automation.Scriptable.Inventory.Signal.OutputGood,出力: {0},-
IgorZ.Automation.Scriptable.Pausable.Action.Pause,建設を中断する,-
IgorZ.Automation.Scriptable.Pausable.Action.Resume,履歴書作成,-
IgorZ.Automation.Scriptable.Weather.Signal.Season,シーズン,-
IgorZ.Automation.Scripting.Expressions.AndOperator,と,-
IgorZ.Automation.Scripting.Expressions.OrOperator,または,-
IgorZ.Automation.Scripting.Expressions.ParseError,解析エラー,-
IgorZ.Automation.Scripting.Editor.ActionLabel,その後,-
IgorZ.Automation.Scripting.Editor.ActionMustBeAction,アクションは「act」オペレーターでなければなりません,-
IgorZ.Automation.Scripting.Editor.AddRuleFromScriptBtn,スクリプトを追加する,-
IgorZ.Automation.Scripting.Editor.AddRuleViaConstructorBtn,コンストラクタを介してルールを作成する,-
IgorZ.Automation.Scripting.Editor.ConditionLabel,Error,-
IgorZ.Automation.Scripting.Editor.ConditionMustBeBoolean,条件はブール式でなければなりません。,-
IgorZ.Automation.Scripting.Editor.ConditionMustHaveSignals,条件には少なくとも1つの信号を含める必要があります。,-
IgorZ.Automation.Scripting.Editor.DeletedRule,ルールが削除されました,-
IgorZ.Automation.Scripting.Editor.DialogHeader,自動化ルール,-
IgorZ.Automation.Scripting.Editor.DiscardChangesBtn,変更を破棄する,-
IgorZ.Automation.Scripting.Editor.DiscardScriptBtn,破棄する,-
IgorZ.Automation.Scripting.Editor.EditAsScriptBtn,スクリプト,-
IgorZ.Automation.Scripting.Editor.EditInConstructorBtn,コンストラクタ,-
IgorZ.Automation.Scripting.Editor.MoreInfoBtn,スクリプト作成について読む,-
IgorZ.Automation.Scripting.Editor.NumberConstantType,番号,-
IgorZ.Automation.Scripting.Editor.PendingEditsNotification,編集状態にはルールがあります。それらを最初に完了してください。,-
IgorZ.Automation.Scripting.Editor.ReadMoreLink,https://github.com/ihsoft/TimberbornMods/wiki/Automation-(scripting),-
IgorZ.Automation.Scripting.Editor.ResetChangesBtn,変更をリセット,-
IgorZ.Automation.Scripting.Editor.SaveRulesBtn,保存して閉じる,-
IgorZ.Automation.Scripting.Editor.SaveScriptBtn,保存する,-
IgorZ.Automation.Scripting.Editor.StringConstantType,文字列,-
IgorZ.Automation.Scripting.Editor.TemplateFamilyLabel,テンプレートグループ：{0},-
IgorZ.Automation.Scripting.Editor.TestScriptBtn,テスト,-
IgorZ.Automation.Scripting.Editor.UnsavedChangesConfirmation,保存されていない変更があります。破棄しますか？,-
TimberDev_Utils.Tools.LockSelectTool.DescriptionHint,<i>SHIFT</i> を押し続けて、1種類のアイテムのみを選択します。,-
TimberDev_Utils.Tools.LockSelectTool.SelectingNObjects,選択中: {0} (x{1}),-
TimberDev_Utils.Tools.LockSelectTool.SelectingObject,選択中: {0},-
TimberDev_Utils.Tools.LockSelectTool.StartObjectSelectingPrompt,選択を開始するにはクリックしてください: {0},-
TimberDev_Utils.Tools.LockSelectTool.StartSelectingPrompt,エンティティを指してクリックすると、選択を開始できます。,-
