ID,Text,Comment
EBR.UnlimitedAbove,無限上昇,-
EBR.UnlimitedAboveDesc,ビルダーは常に自分自身の上に建設できます（ゲームのデフォルト：いいえ）,-
EBR.UnlimitedBelow,無制限の下,-
EBR.UnlimitedBelowDesc,ビルダーは常に自分の下に建設できます（ゲームのデフォルト：はい）,-
EBR.RangeAbove,範囲上,-
EBR.RangeAboveDesc,ビルダーは自分の上にこれだけのタイルを建設することができます（ゲームのデフォルト：1）,-
EBR.RangeBelow,範囲以下,-
EBR.RangeBelowDesc,ビルダーは自分の下にこれだけのタイルを建設できます（ゲームのデフォルト：無限）,-
