ID,Text,Comment
LV.EQ.Earthquake,地震,-
LV.EQ.EarthquakeDesc,"危険な天候：この天候の間、地震が時々発生します。各地震は次のことを引き起こします：
ランダムなエリアで、以下の損害をもたらします：
- 建物にダメージを与え、一定期間機能が制限される場合があります
- 建設がリセットされます（材料は失われません）
- 爆発物が起爆します
- 物品が保管建物からこぼれることがあります。建物に爆発物が含まれている場合、全ての内容物が失われ、建物が破壊されます。
- ヒットエリア内のビーバーやボットが怪我をする可能性があります。
マップ全体では：
- 全ての水が一定の割合で拡大します。",-
LV.EQ.MinStr,最低強度,-
LV.EQ.MinStrDesc,"地震の最小強度。建物に与えることができるHPの量。
障害によって影響を受ける。",-
LV.EQ.MaxStr,最大強度,-
LV.EQ.MaxStrDesc,地震の最大強度。建物に与えられることができるHPの量。ハンディキャップの影響を受ける。,-
LV.EQ.SurgeStr,水の波動の強さ,-
LV.EQ.SurgeStrDesc,地震の影響が発生した際、すべての水はこの量（％）だけ「膨張」します。,-
LV.EQ.MinFreq,最小周波数（日）,-
LV.EQ.MinFreqDesc,地震の発生間隔（最小時間）、日数,-
LV.EQ.MaxFreq,最大周波数（日）,-
LV.EQ.MaxFreqDesc,地震の発生間隔の最大時間（日数）,-
LV.EQ.DamageStatus,この建物は最近地震によって損傷し、塞がれています。,-
LV.EQ.DamageStatusShort,地震によるダメージ,-
LV.EQ.ResultNotification,"地震があなたのコロニー周辺で発生しました ({0}, {1})：
{2}",-
LV.EQ.BuildingDamageNotf,• {0}の建物が壊れました。,-
LV.EQ.ConstructionDamageNotf,「• {0} の建設が遅れました。」,-
LV.EQ.ExplosivesNotf,• {0} 発破が爆発しました。,-
LV.EQ.ExplosiveStorageNotf,• {0} 爆薬貯蔵所が破壊されました。,-
LV.EQ.ItemsLostNotf,• ストレージからこぼれたアイテム：,-
LV.EQ.ItemLostNotf,• {0} {1} が保管庫から失われました。,-
LV.EQ.BeaversInjuredNotf,• {0} 匂うビーバーが負傷しました。,-
LV.EQ.BotsDamagedNotf,• {0} のボットが損傷しました。,-
LV.EQ.RenoEqGroup,地震,-
LV.EQ.EqDamageReduction,「強化された基盤」,-
LV.EQ.EqDamageReductionDesc,地震によるダメージを永続的に{0:0%}減少させます。,-
LV.EQ.EqDamageReductionFlavor,床梁は相互に組み合わされ、交差して補強されており、構造全体にわたって地震の力を分散します。,-
LV.EQ.EqImmunity,衝撃吸収構造,-
LV.EQ.EqImmunityDesc,「次の{0}回の攻撃に対して地震ダメージに免疫があります。」,-
LV.EQ.EqImmunityFlavor,「ばねのように挟まった丸太が、地面が揺れると一面をバウンスさせる。楽しいけれど、安全だ！」,-
LV.EQ.EqDurability,地震の共生,-
LV.EQ.EqDurabilityDesc,次の地震が発生したとき、この建物の耐久性を{0:+0%}恒久的に増加させます。適用は一度きりです。また、その攻撃に対する免疫も提供します。,-
LV.EQ.EqDurabilityFlavor,「建設者たちは、地面が騒がしくなると自分たちの作業はさらに強くなると自慢します。」,-
LV.EQ.EqPileReinforced,強化ストレージ,-
LV.EQ.EqPileReinforcedDesc,地震の際に保管された商品がこぼれるのを防ぎます。,-
LV.EQ.EqPileReinforcedFlavor,「重い補強とより強固な結びつきで、地面が揺れたときに物資が緩むことを防ぎます。」,-
LV.EQ.EqPileReinforcedErr,この改修は、貯蔵建物にのみ適用できます。,-
LV.EQ.EqImmunityStatus,次の{0}回の地震は、この建物に影響を与えません。,-
LV.EQ.EqDurabilityDormant,{0}（休眠中）,-
LV.EQ.EqDurabilityActive,{0}（アクティブ）,-
LV.EQ.EqDurabilityActiveDesc,耐久性が{0:+0%}増加しました。,-
LV.EQ.InjuryChance,怪我の確率 (%),-
LV.EQ.InjuryChanceDesc,ビーバーが怪我をする確率と、地震の影響を受けた地域内にいるロボットがダメージを受ける確率,-
LV.EQ.BotDurabilityLoss,ボット耐久力喪失（％）,-
LV.EQ.BotDurabilityLossDesc,地震によって損傷を受けたときにボットが失う耐久性の量,-
LV.EQ.EqBlocked,地震によってブロックされました,-
LV.EQ.EqBlockedDesc,何てこった！この建物は最近地震で損傷を受けており、清掃が必要です。それまでは特定の機能が制限される場合があります。,-
