ID,Text,Comment
Building.Brewery.Description,果物、種子、作物を美味しいお茶に醸造します。,-
Building.Brewery.DisplayName,醸造所,-
Building.Brewery.FlavorDescription,「皆さん、お茶の時間です。」,-
Building.JamStove.Description,「ベリーをジャムに煮詰めて、さらに加工します。」,-
Building.JamStove.DisplayName,ジャムストーブ,-
Building.JamStove.FlavorDescription,「鍋は、甘いもの好きのビーバーたちが美味しいジャムに誘惑されすぎたため、蓋を閉めなければなりませんでした。」,-
Building.MealPrepHut.Description,「特定の食事セットに食材を分類します。」,-
Building.MealPrepHut.DisplayName,食事準備小屋,-
Building.MealPrepHut.FlavorDescription,「たくさんの食事を準備する時間です。」,-
Building.MedicalBedBeeSting.Description,「強化されたミツバチ刺傷の治癒。」,-
Building.MedicalBedBeeSting.DisplayName,医療ベッド - 蜂刺され,-
Building.MedicalBedBeeSting.FlavorDescription,蜂に刺されるのはうっとうしい。,-
Building.MedicalBedInjury.Description,「傷の治癒が促進される。」,-
Building.MedicalBedInjury.DisplayName,医療ベッド - 怪我,-
Building.MedicalBedInjury.FlavorDescription,怪我は起こります。,-
Good.BakedPotatoFries.DisplayName,ベイクドポテトフライ,-
Good.BakedPotatoFries.PluralDisplayName,焼きポテトフライ,-
Good.BeeStingRemedy.DisplayName,ビービー刺しの治療薬,-
Good.BeeStingRemedy.PluralDisplayName,「ミツバチの刺傷治療薬」,-
Good.BerryBun.DisplayName,ベリーバン,-
Good.BerryBun.PluralDisplayName,ベリーバン,-
Good.BerryJam.DisplayName,ベリージャム,-
Good.BerryJam.PluralDisplayName,ベリージャム,-
Good.BerryMuffin.DisplayName,ベリーマフィン,-
Good.BerryMuffin.PluralDisplayName,ベリーマフィン,-
Good.BerryPie.DisplayName,ベリーパイ,-
Good.BerryPie.PluralDisplayName,ベリーパイ,-
Good.BerryTea.DisplayName,ベリーティー,-
Good.BerryTea.PluralDisplayName,ベリーティー,-
Good.CBJSandwich.DisplayName,CB＆J サンドイッチ,-
Good.CBJSandwich.PluralDisplayName,「CB＆Jサンドイッチ」,-
Good.CarrotCake.DisplayName,キャロットケーキ,-
Good.CarrotCake.PluralDisplayName,キャロットケーキ,-
Good.CarrotTea.DisplayName,人参ティー,-
Good.CarrotTea.PluralDisplayName,キャロットティー,-
Good.CassavaCake.DisplayName,キャッサバケーキ,-
Good.CassavaCake.PluralDisplayName,キャッサバケーキ,-
Good.ChestnutButter.DisplayName,栗バター,-
Good.ChestnutButter.PluralDisplayName,栗バター,-
Good.CornCoffee.DisplayName,コーンコーヒー,-
Good.CornCoffee.PluralDisplayName,トウモロコシコーヒー,-
Good.DandelionTea.DisplayName,たんぽぽ茶,-
Good.DandelionTea.PluralDisplayName,タンポポティー,-
Good.FermentedBerries.DisplayName,発酵ベリー,-
Good.FermentedBerries.PluralDisplayName,発酵ベリー,-
Good.FermentedCorn.DisplayName,発酵トウモロコシ,-
Good.FermentedCorn.PluralDisplayName,発酵コーン,-
Good.FermentedEggplant.DisplayName,発酵ナス,-
Good.FermentedEggplant.PluralDisplayName,発酵なす,-
Good.GrilledCarrot.DisplayName,グリルドキャロット,-
Good.GrilledCarrot.PluralDisplayName,グリルニンジン,-
Good.GrilledSunflowerSeeds.DisplayName,グリルひまわりの種,-
Good.GrilledSunflowerSeeds.PluralDisplayName,グリルされたひまわりの種,-
Good.HealingBandage.DisplayName,ヒーリングバンデージ,-
Good.HealingBandage.PluralDisplayName,回復バンデージ,-
Good.HealingBrew.DisplayName,回復の飲み物,-
Good.HealingBrew.PluralDisplayName,回復ブリュー,-
Good.MangroveFruitCoffee.DisplayName,マングローブフルーツコーヒー,-
Good.MangroveFruitCoffee.PluralDisplayName,マングローブフルーツコーヒー,-
Good.MealBox.DisplayName,食事ボックス,-
Good.MealBox.PluralDisplayName,食事箱,-
Good.MealFTSet1.DisplayName,新鮮な食事セット1,-
Good.MealFTSet1.PluralDisplayName,「新鮮な食事セット1」,-
Good.MealFTSet2.DisplayName,新鮮な食事セット2,-
Good.MealFTSet2.PluralDisplayName,新鮮な食事セット2,-
Good.MealFTSet3.DisplayName,新鮮な食事セット3,-
Good.MealFTSet3.PluralDisplayName,新鮮な食事セット3,-
Good.MealFTSet4.DisplayName,新鮮な食事セット4,-
Good.MealFTSet4.PluralDisplayName,フレッシュミールセット4,-
Good.MealFTSet5.DisplayName,フレッシュミールセット5,-
Good.MealFTSet5.PluralDisplayName,新鮮な食事セット5,-
Good.MealITSet1.DisplayName,エクスプレスミールセット1,-
Good.MealITSet1.PluralDisplayName,エクスプレスミールセット1,-
Good.MealITSet2.DisplayName,エクスプレスミールセット2,-
Good.MealITSet2.PluralDisplayName,エクスプレスミールセット2,-
Good.MealITSet3.DisplayName,エクスプレスミールセット3,-
Good.MealITSet3.PluralDisplayName,エクスプレスミールセット3,-
Good.MealITSet4.DisplayName,エクスプレスミールセット4,-
Good.MealITSet4.PluralDisplayName,「エクスプレスミールズセット4」,-
Good.MealITSet5.DisplayName,エクスプレスミールセット5,-
Good.MealITSet5.PluralDisplayName,エクスプレスミールセット5,-
Good.RoastedCarrot.DisplayName,焼きニンジン,-
Good.RoastedCarrot.PluralDisplayName,ローストキャロット,-
Good.RoastedKohlrabi.DisplayName,「ローストカブラ」,-
Good.RoastedKohlrabi.PluralDisplayName,ローストしたカブの芽,-
Good.RoastedMushroom.DisplayName,焼きキノコ,-
Good.RoastedMushroom.PluralDisplayName,ローストマッシュルーム,-
Good.SoyCoffee.DisplayName,「ソイコーヒー」,-
Good.SoyCoffee.PluralDisplayName,ソイコーヒー,-
Good.SpadderdockWaffle.DisplayName,スパッダーロックワッフル,-
Good.SpadderdockWaffle.PluralDisplayName,スパデロックワッフル,-
Good.SunflowerTea.DisplayName,ひまわり茶,-
Good.SunflowerTea.PluralDisplayName,ひまわり茶,-
