ID,Text,Comment
NaturalResource.BeaverPlant.DisplayName,ビーバープラント,-
NaturalResource.BeaverPlant.Description,ビーバーが新たに成長する植物。,-
NaturalResource.BeaverPlant.FlavorDescription,「私たちは木々のために語ります。」,-
NaturalResource.AdultBeaverPlant.DisplayName,成体ビーバー植物,-
NaturalResource.AdultBeaverPlant.Description,新しい成長したビーバーを生み出す植物です。成長するのに2倍の時間がかかります。,-
NaturalResource.BeaverPlant.GrowthProgress,成長進捗,-
