ID,Text,Comment
GreedyEmbers.biofuel,バイオ燃料,-
GreedyEmbers.displayname,貪欲な ember,-
GreedyEmbers.description,このエンバーペルトたちは楽しみを渇望しすぎて、水を愛することを学び、貪欲な建設者たちの仲間になりました...彼らはすぐに名前を貪欲なエンバーズに変更しました :D,-
GreedyBots,グリーディボット＃,-
GreedyEmbers.WonderCompletion.Message,「よくやった！」,-
GreedyEmbers.WonderCompletion.Flavour,なかなかの努力でしたね？ :D,-
GreedyEmbers.GameOver.Message,「…どうやってあなたは？」,-
GreedyEmbers.GameOver.Flavour,「さあ、もっと頑張れるはずだ！」,-
GreedyEmberBots,貪欲なエンバーボット #,-
GreedyEmbers.SoggyFur,湿った毛,-
GreedyEmbers.SoakedFur,濡れた毛皮,-
