ID,Text,Comment
GreedyBuilders.biofuel,バイオ燃料,-
GreedyBuilders.displayname,グリーディ ビルダーズ,-
GreedyBuilders.description,「これらのビーバーの欲深さは、彼らの道具を散らかす・・・」,-
Beaver.NamePool,ロキ #,-
GreedyBots,グリーディボット #,-
GreedyBuilders.WonderCompletion.Message,「よくやった！」,-
GreedyBuilders.WonderCompletion.Flavour,「これはなかなかの努力でしたね？ :D」,-
GreedyBuilders.GameOver.Message,...どうやって君は？,-
GreedyBuilders.GameOver.Flavour,「さあ、もっと頑張れるはずだ！」,-
