ID,Text,Comment
LV.WEdit.WeatherEditor,天候エディター,-
LV.WEdit.CurrentWeather,現在の天気,-
LV.WEdit.NoModdableWeather,変更できない天候,-
LV.WEdit.Duration,期間（日）,-
LV.WEdit.HazardousWeather,危険な天候,-
LV.WEdit.NextCycle,次のサイクル,-
LV.WEdit.SingleModeTemperate,シングルモードの天候は温暖です,-
LV.WEdit.SaveWarning,進む前にバックアップを保存してください！,-
LV.WEdit.Edit,天候を編集,-
LV.WEdit.DurationNonNeg,「期間は0以上の数でなければなりません」,-
LV.WEdit.AskToLoad,"編集された天候が保存されました。  
そのセーブをロードしますか？  
（このセッションでのプレイを続けると問題が発生する可能性があります）",-
LV.WEdit.NoWeather,[天候なし],-
