ID,Text,Comment
CAT.Enabled,有効化された,-
CAT.EnabledDesc,このMODを使用して初めてセーブを読み込む際、すべてのマップを「切断可能」エリアとしてマークします（新しいゲームも含む）。,-
CAT.AlwaysEnabled,常に有効,-
CAT.AlwaysEnabledDesc,このモッドでセーブをロードする際に、既にアクティブになっていてもマップのすべてを「切断可能」エリアとしてマークします。セーブをロードすると自動的にチェックが外れます。,-
