ID,Text,Comment
KnatteTobbert.Tunnel_1.DisplayName,トンネル 1x1,-
KnatteTobbert.Tunnel_2.DisplayName,トンネル2x1,-
KnatteTobbert.Tunnel_3.DisplayName,トンネル3x1,-
KnatteTobbert.Tunnel_4.DisplayName,トンネル4x1,-
KnatteTobbert.Tunnel_5.DisplayName,トンネル 5x1,-
KnatteTobbert.Tunnel_6.DisplayName,トンネル 6x1,-
KnatteTobbert.Tunnel_7.DisplayName,トンネル 7x1,-
KnatteTobbert.Tunnel_8.DisplayName,トンネル 8x1,-
KnatteTobbert.Tunnel_9.DisplayName,トンネル 9x1,-
KnatteTobbert.Tunnel_1L.DisplayName,堤防を通るトンネル,-
KnatteTobbert.Tunnel_1L.Description,ビーバーが堤防を通過できるようにします。,-
KnatteTobbert.Tunnel.Description,ビーバーが山を越えることを可能にします。,-
KnatteTobbert.Tunnel.FlavorDiscription,モデリングとテクスチャリングがどれほど難しいか分かりますか？ - KnatteAnka,-
Knatte.Subgroup_MGMetalPlatform.DisplayName,メタルプラットフォーム,-
Knatte.Subgroup_MGMetalOverhang.DisplayName,メタルオーバーハング,-
Knatte.SubGroup_PE_Tunnel.DisplayName,トンネル,-
Knatte.SubGroup_PE_SBridges.DisplayName,鋼橋,-
Knatte.SubGroup_PE_BigMetalPillar.DisplayName,大型金属柱,-
KnatteTobbert.Bridge_1.DisplayName,スチールブリッジ 1x1,-
KnatteTobbert.Bridge_2.DisplayName,スチールブリッジ 2x1,-
KnatteTobbert.Bridge_3.DisplayName,スチールブリッジ 3x1,-
KnatteTobbert.Bridge_4.DisplayName,スチールブリッジ 4x1,-
KnatteTobbert.Bridge_5.DisplayName,スチールブリッジ 5x1,-
KnatteTobbert.Bridge_6.DisplayName,スチールブリッジ 6x1,-
KnatteTobbert.Bridge_7.DisplayName,スチールブリッジ 7x1,-
KnatteTobbert.Bridge_8.DisplayName,スチールブリッジ 8x1,-
KnatteTobbert.Bridge_9.DisplayName,スチールブリッジ 9x1,-
KnatteTobbert.Bridge_10.DisplayName,スチールブリッジ 10x1,-
KnatteTobbert.Bridge.Description,山の間に通路、シャフト、列車を許可します。,-
KnatteTobbert.BridgeF.Description,"山の間に経路、軸、列車を許可します
スタートとフィニッシュの両方がある完全な橋",-
KnatteTobbert.Bridge.FlavorDiscription,チューチュー,-
Knatte.SmallGate.DisplayName,小さな門,-
Knatte.SmallGate.Description,2つの接続された地区の間で商品をバランスさせます。各側には、小さなゲートと地区の残りの部分の間で商品を分配する1人の作業者がいます。,-
Knatte.SmallGate.FlavorDescription,アップデート4から削除された基本ゲームアイテムが再利用されています。,-
Knatte.DecoSmallGate.DisplayName,アークウェイ U3,-
Knatte.DecoSmallGate.Description,アップデート3の装飾アークウェイ,-
Knatte.MetalPillar.DisplayName,金属の柱,-
Knatte.MetalPillars.DisplayName,金属柱とブラケット,-
Knatte.MetalPillar.Description,それを高めよう,-
Knatte.MetalPillar.FlavorDescription,「場所を確保しよう！」 - 勤勉なビーバー,-
Knatte.MetalPlatform.DisplayName,メタルプラットフォーム,-
Knatte.MetalPlatform.Description,4本の脚があるプラットフォーム,-
Knatte.MetalPlatform.FlavorDescription,「このテーブルはカタログで見るともっと小さく見えました。」 —マ・ンゴネル,-
Knatte.MetalPlatform5x3.DisplayName,メタルプラットフォーム 5x3,-
Knatte.MiddleOverhang3x1.DisplayName,メタルミドルオーバーハング 3x1,-
Knatte.MiddleOverhang4x1.DisplayName,金属ミドルオーバーハング 4x1,-
Knatte.MiddleOverhang5x1.DisplayName,メタルミドルオーバーハング 5x1,-
Knatte.MiddleOverhang7x1.DisplayName,金属ミドルオーバーハング 7x1,-
Knatte.MiddleOverhang.Description,"2方向に伸びるオーバーハング  
金色の印は柱の位置です",-
Knatte.MiddleOverhang.FlavorDescription,どちらの方向に行きたいですか？,-
Knatte.ArcOverhang3x1.DisplayName,メタルアークオーバーハング 3x1,-
Knatte.ArcOverhang4x1.DisplayName,メタルアークオーバーハング 4x1,-
Knatte.ArcOverhang5x1.DisplayName,メタルアークオーバーハング 5x1,-
Knatte.ArcOverhang6x1.DisplayName,メタルアークオーバーハング 6x1,-
Knatte.ArcOverhang.Description,両側に柱のあるオーバーハング,-
Knatte.ArcOverhang.FlavorDescription,「見て見て、アークだ」 - ビーバーの子供,-
Knatte.Aque_MetalBigPillarBase.DisplayName,大水道の金属柱基部,-
Knatte.Aque_MetalBigPillarMid.DisplayName,大水道金属柱中央,-
Knatte.Aque_MetalBigPillarTop.DisplayName,大水道金属柱のトップ,-
Knatte.Aque_MetalBigPillar.Description,古いバージョンのゲームの大きな金属の柱がいくつかの部分に分かれており、任意の高さに構築できるようになっています。上部の部分にはプラットフォームや突き出しが含まれることができます。,-
Knatte.Aque_MetalBigPillar.FlavorDescription,「このテーブルはカタログではもっと小さく見えました。」 —マ・ンゴネル,-
Knatte.MetalBigPillarBase.DisplayName,大きな金属製の柱の基部,-
Knatte.MetalBigPillarMid.DisplayName,大きな金属の柱の中央,-
Knatte.MetalBigPillarTop.DisplayName,大きな金属の柱の上部,-
Knatte.MetalBigPillar.Description,古いバージョンのゲームからの大きな金属の柱が複数の部分に分かれ、高さを自由に変えられるようになっています。上部の部分にはプラットフォームやオーバーハングを設置することができます。,-
Knatte.MetalBigPillar.FlavorDescription,「このテーブルはカタログではもっと小さく見えました。」 —マ・ンゴネル,-
Knatte.Subgroup_PE_MetalPlatform.DisplayName,金属プラットフォーム,-
Knatte.Subgroup_PE_MetalOverhang.DisplayName,金属オーバーハング,-
