ID,Text,Comment
LV.WiC.WirelessCoil,ワイヤレスコイル,-
LV.WiC.WirelessCoilDesc,「短い距離で物理的な接続なしに電力を送信します。」,-
LV.WiC.WirelessCoilFlavor,「その頃、人間はこれを『Wi-Fi』と呼んでいました。彼らのビープブリックにどのように電力を供給していたのかはまだ分かりませんが、いつも近くに置いていました。」,-
LV.WiC.Range,範囲: {0},-
LV.WiC.InRange,「範囲内のコイル：」,-
