ID,Text,Comment
LV.CPl.PlacementSect,配置オプション:,-
LV.CPl.RemoveCorner,コーナーの占有を解除,-
LV.CPl.RemoveCornerDesc,植物の上にプラットフォームなどの構造物を建設することを可能にします。,-
LV.CPl.RemovePath,経路占有を削除,-
LV.CPl.RemovePathDesc,植物を通して道を作成することを許可します。,-
LV.CPl.WithoutGround,「地面なしに植える」,-
LV.CPl.WithoutGroundDesc,土壌なしで屋根やプラットフォーム上に直接植えることができます。これらの植物は、下の土地からの灌漑と汚染を受けます。,-
LV.CPl.NoConUp,> 汚染なしアップ (チーター :P),-
LV.CPl.NoConUpDesc,土地汚染の持ち上げを防ぎます。下の土地が不適切であっても、プラットフォーム上に木や作物を植えることができます。,-
LV.CPl.GrowthSect,"<b>成長オプション:</b> デフォルトの×1未満に設定すると、出力倍率を除いて難易度が下がります。例：
- 植える時間倍率 ×0.5：オークを植えるのに1時間 → 0.5時間。
- 成長速度 ×0.5：ジャガイモが成長するのに5日 → 2.5日。
- 出力倍率 ×1.5：ニンジンの収穫量が3 → 4。
- 収穫時間倍率 ×0.5：オークの伐採に2時間 → 1時間。
- 解体時間倍率 ×0.5：マツを解体するのに1.2時間 → 0.6時間。",-
LV.CPl.PlantingTime,植え付け時間の倍率,-
LV.CPl.PlantingTimeDesc,「植えるのにかかる時間の倍率。」,-
LV.CPl.GrowthRate,成長率倍率,-
LV.CPl.GrowthRateDesc,成長時間の倍率。,-
LV.CPl.OutputMul,出力倍率,-
LV.CPl.OutputMulDesc,出力の倍率（切り捨て）。,-
LV.CPl.HarvestTime,収穫時間倍率,-
LV.CPl.HarvestTimeDesc,収穫/伐採にかかる時間の倍率。,-
LV.CPl.DemolishTime,解体時間の倍率,-
LV.CPl.DemolishTimeDesc,解体にかかる時間の乗数。,-
LV.CPl.TreeSect,木のオプション: <b>木材を提供する植物</b>は、フォレスターによって植えられます（例: 松、オーク）。,-
LV.CPl.CropSect,作物オプション: 農夫や林業者によって植えられるその他のすべての植物（例：ニンジン、ブルーベリー、タンポポ<b>ブッシュ</b>）。,-
LV.CPl.ProductSect,製品オプション：<b>成熟した植物に生える製品</b>（例：松脂、ブルーベリー）。,-
LV.CPl.AllSect,「すべての植物に対して：」,-
LV.CPl.ReproducibleChanceMultiplier,再現可能性倍率,-
LV.CPl.ReproducibleChanceMultiplierDesc,キー名: LV.CPl.ReproducibleChanceMultiplierDesc - 翻訳する新しいテキスト: 「毎時間の木の繁殖確率を調整します (デフォルト: タイプに応じて1～3%)。デフォルト: ×1。×0は繁殖を無効にします。例: ×2は基礎3%の確率を持つ松を6%の確率で繁殖させます。」,-
