ID,Text,Comment
LV.Pin.PinName,ピン,-
LV.Pin.PinDesc,地図上にカスタマイズ可能なピンで位置をマークします。,-
LV.Pin.PinFlavor,「ここにピンを置いた理由は覚えていない。ただ、それが重要であることは知っている。」— 匿名,-
LV.Pin.NewPinText,新しいピン,-
LV.Pin.ChangeLabel,ラベルを変更,-
LV.Pin.ChangeColor,色を変更,-
LV.Pin.Height,「ピンの高さ」,-
LV.Pin.LabelPrompt,新しいラベルテキストを入力してください：,-
LV.Pin.Pins,ピン,-
LV.Pin.PinsTab,「ピンタブを開く」,-
LV.Pin.TogglePins,ピンを切り替え,-
Name_PinFragment,ピン,-
