ID,Text,Comment
LV.HNT.Title,色相と回転,-
LV.HNT.Reset,リセット,-
LV.HNT.KeybindingCopy,コピー hue と回転,-
LV.HNT.KeybindingPaste,ペースト・ヒュー＆ターン,-
LV.HNT.Color,色,-
LV.HNT.FluidColor,流動色,-
LV.HNT.Rotation,回転,-
LV.HNT.RotationPivot,回転ピボット,-
LV.HNT.Advanced,高度なオプションを切り替える,-
LV.HNT.Translate,Please provide the text you would like to have translated to Japanese.,-
LV.HNT.ToAll,全ての{0}へ：,-
LV.HNT.AllConfirm,本当にそう思いますか？,-
LV.HNT.ColorAll,この色を使ってください。,-
LV.HNT.ApplyAll,これらの設定を使用してください。,-
LV.HNT.RotateRandomAll,ランダム回転,-
LV.HNT.ResetAll,リセット,-
LV.HNT.Scale,スケール,-
LV.HNT.RotationX,回転X,-
LV.HNT.RotationZ,回転Z,-
LV.HNT.Positioning,ポジショニング,-
LV.HNT.Transparency,透明性,-
