ID,Text,Comment
MapMakerPlants.GiantSequoia.DisplayName,3x3 ジャイアントセコイア,-
MapMakerPlants.2X2treePlaceholder1.DisplayName,2x2 ??? 木,-
MapMakerPlants.Brambles.DisplayName,いばら,-
MapMakerPlants.NewVineV.DisplayName,ツル植物（垂直）,-
MapMakerPlants.NewVineH.DisplayName,つる植物（横）,-
MapMakerPlants.Waterbamboo.DisplayName,2x2 W.bamboo,-
MapMakerPlants.Baobab.DisplayName,5x5 バオバブ,-
MapMakerPlants.LemonTree.DisplayName,レモンツリー,-
MapMakerPlants.PinkBirch.DisplayName,エバー・ブロッサム,-
MapMakerPlants.RuinedPath.DisplayName,壊れた道,-
MapMakerPlants.BrokenHouse.DisplayName,壊れた家（丸太）,-
MapMakerPlants.PlankRuin.DisplayName,壊れた家（板）,-
NaturalResource.PinkBirch.DisplayName,エバー・ブロッサム,-
Good.Pumpkin.DisplayName,カボチャ,-
NaturalResource.Waterbamboo.DisplayName,信じられないほど高い竹,-
Lapantouflemagic.NewVineH.DisplayName,ブドウのつる,-
MapMakerPlants.CrystalSupport.Description,"Zレベル1以上に浮遊クリスタルを配置するために必要なサポート。
自己スタック可能
プレイ中は目に見えず、当たり判定はありません。",-
MapMakerPlants.CrystalSupport.DisplayName,クリスタルサポート,-
MPME.FloatingRock.DisplayName,浮遊するクリスタル,-
MPME.FloatingRock.Description,空の島を支えるために空に浮かぶ。,-
MPME.FloatingRock.FlavorDescription,"「どういうこと？」  
ああ？ああ、今？これまでの何年も経って？これまでのゲームの後に？今になって私にどうやってそれが機能するのか聞くの？",-
MapMakerPlants.GearsRuin.DisplayName,壊れた建物 (ギア),-
Building.SkyBadwaterSource.DisplayName,スカイ・バッドウォーター・ソース,-
Building.SkyWaterSource.DisplayName,空の水源,-
Building.VoidSinkHole.DisplayName,シンクホールスカイブロック,-
Building.VoidSinkHole.Description,"視覚的にその下の地面を削除します。  
島から落ちる水を削除するためのネガティブな水源として機能します。  
ゲーム内では旗は表示されません。",-
MapMakerPlants.VoidTile.DisplayName,スカイブロック,-
MapMakerPlants.VoidTile.Description,視覚的にその下の地面を消去します。水が見えることなど決して想像しない場所のために。,-
MapMakerPlants.VoidTileLarge.DisplayName,スカイブロック 9x9,-
