ID,Text,Comment
Grauschweif.WaterSourceClean.DisplayName,クリーンウォーターソース,-
Grauschweif.WaterSourceClean.FlavorDescription,「いいね」,-
Grauschweif.WaterSourceCleanStrong.DisplayName,強力な水源,-
Grauschweif.WaterSourceCleanStrong.FlavorDescription,「決して枯れることはない」,-
Grauschweif.WaterSourceImmutable.DisplayName,不変の水源,-
Grauschweif.WaterSourceImmutable.FlavorDescription,「終わりのない新鮮さ」,-
Grauschweif.WaterSourceDirty.DisplayName,汚れた水源,-
Grauschweif.WaterSourceDirty.FlavorDescription,「根まで赤い」,-
Grauschweif.ImmutableDrain.DisplayName,「排水」,-
Grauschweif.ImmutableDrain.Description,「確かに深い穴です」,-
Grauschweif.MapEditor.Well.Description,「そこには本物のネットワークと良い流れがあります。」,-
Grauschweif.MapEditor.Well.DisplayName,マジックウェル,-
