ID,Text,Comment
LV.CLt.BeaverLifeMul,ビーバーエイジング倍率,-
LV.CLt.BeaverLifeMulDesc,"成獣ビーバーの老化は、この値で乗算されます。これは「平均寿命」ボーナスに似ています。  
注意: 値が高いほど、ビーバーは速く老化するため、難易度が上がります。  
0に設定すると、ビーバーは決して老化しません。",-
LV.CLt.ChildhoodDaysMul,子供の成長乗数,-
LV.CLt.ChildhoodDaysMulDesc,"子ビーバーの成長は、この値によって倍増されます。これは「成長速度」ボーナスに似ています。
注意：値が高いほど、若いビーバーはより速く成長します。
0に設定すると、子供は決して成長しません。",-
LV.CLt.BotLifeMul,ボット劣化倍率,-
LV.CLt.BotLifeMulDesc,"ボットの劣化は、この値によって倍増されます。これは「寿命ボーナス」のようなものです。
注：値が高いほど、ボットはより早く劣化します。
0に設定すると、ボットは決して劣化しません。",-
