ID,Text,Comment
UI.TW.SimpleWorkshopControl.Blocked,複数の制御条件が満たされていません,-
UI.TW.SimpleWorkshopControl.BlockedInput,自動材料条件未満,-
UI.TW.SimpleWorkshopControl.BlockedProduct,自動製品の条件が満たされていません,-
UI.TW.SimpleWorkshopControl.BlockedUser,ユーザー制御条件が満たされていません,-
UI.TW.SimpleWorkshopControl.SciencePoints,科学ポイント,-
UI.TW.SimpleWorkshopControl.BotPopulation,ボット人口,-
UI.TW.SimpleWorkshopControl.BeaverPopulation,ビーバーの人口,-
UI.TW.SimpleWorkshopControl.WorkshopControls,ワークショップコントロール,-
UI.TW.SimpleWorkshopControl.Hide,隠す,-
UI.TW.SimpleWorkshopControl.RequireInputs,オート材料,-
UI.TW.SimpleWorkshopControl.UseAutoProducts,オートプロダクツ,-
UI.TW.SimpleWorkshopControl.Controller,ユーザーコントロール,-
UI.TW.SimpleWorkshopControl.RangeType,スケール,-
UI.TW.SimpleWorkshopControl.Start,始める,-
UI.TW.SimpleWorkshopControl.Stop,停止,-
UI.TW.SimpleWorkshopControl.NullGoodId,「なし」,-
UI.TW.SimpleWorkshopControl.Percent,パーセント,-
UI.TW.SimpleWorkshopControl.Value,値,-
ModSetting.TWSimpleWorkshopControl.ShowStatusIcons,ステータスアイコンを表示,-
ModSetting.TWSimpleWorkshopControl.ShowStatusIconsDesc,「ブロックされた建物の上にステータスアイコンが表示されます。」,-
ModSetting.TWSimpleWorkshopControl.RequireInputsDefault,自動材料デフォルト,-
ModSetting.TWSimpleWorkshopControl.RequireInputsDefaultDesc,新しく建設された建物は、自動材料が有効の状態で始まります。,-
ModSetting.TWSimpleWorkshopControl.AutoProductsDefault,自動製品のデフォルト,-
ModSetting.TWSimpleWorkshopControl.AutoProductsDefaultDesc,新しく建設された建物は、自動製品が有効の状態で始まります。,-
ModSetting.TWSimpleWorkshopControl.RecipeRequirementStart,自動材料開始デフォルト,-
ModSetting.TWSimpleWorkshopControl.RecipeRequirementStartDesc,「自動材料建物は、すべての材料がグローバル容量のこのパーセントに達したときに開始されます。」,-
ModSetting.TWSimpleWorkshopControl.RecipeRequirementStop,自動材料停止デフォルト,-
ModSetting.TWSimpleWorkshopControl.RecipeRequirementStopDesc,「自動原料建物は、任意の原料がグローバル容量のこのパーセントを下回ると停止します。」,-
ModSetting.TWSimpleWorkshopControl.AutoProductStart,自動製品開始デフォルト,-
ModSetting.TWSimpleWorkshopControl.AutoProductStartDesc,自動生産施設は、すべての製品がグローバル容量のこのパーセント未満になったときに開始されます。,-
ModSetting.TWSimpleWorkshopControl.AutoProductStop,自動製品停止デフォルト,-
ModSetting.TWSimpleWorkshopControl.AutoProductStopDesc,「自動生産建物は、任意の製品がグローバル容量のこのパーセンテージを超えると停止します」,-
ModSetting.TWSimpleWorkshopControl.UIMinHeight,最小UI高さ,-
ModSetting.TWSimpleWorkshopControl.UIMinHeightDesc,「エンティティパネルでコントロールフラグメントが使用できるスペースの量を制御します」,-
ModSetting.TWSimpleWorkshopControl.UIMaxHeight,最大UI高さ,-
ModSetting.TWSimpleWorkshopControl.UIMaxHeightDesc,「エンティティパネルで制御断片が使用できる領域の最大値を設定します。」,-
ModSetting.TWSimpleWorkshopControl.PerBuildingAutoSliders,「建物ごとの自動スライダー」,-
ModSetting.TWSimpleWorkshopControl.PerBuildingAutoSlidersDesc,チェックすると、各建物の開始/停止値をゲーム内で選択できます。チェックを外すと、すべての建物はモッド設定のデフォルトを使用します。,-
