ID,Text,Comment
Bentos.Recipe.FolktailsBentos,フォルクテール弁当,-
Bentos.Good.FolktailsBento.DisplayName,フォークテイルズ弁当,-
Bentos.Good.FolktailsBento.PluralDisplayName,フォークテイル弁当,-
Bentos.Recipe.IronTeethBentos,アイアンティース弁当,-
Bentos.Good.IronTeethBento.DisplayName,アイアンティース弁当,-
Bentos.Good.IronTeethBento.PluralDisplayName,アイアンティース弁当,-
Bentos.Recipe.EmberpeltsBentos,エンバーペルツの弁当,-
Bentos.Good.EmberpeltsBento.DisplayName,エンバーペルツの弁当,-
Bentos.Good.EmberpeltsBento.PluralDisplayName,エンバー・ペルツ・ベントス,-
