ID,Text,Comment
LV.Pkg.PackagedName,パッケージ化された {0},-
LV.Pkg.PackagedNamePlural,パッケージ化された {0},-
LV.Pkg.Packager,パッケージャー,-
LV.Pkg.PackagerDesc,サポートされている商品の10倍を1つのパッケージにまとめます。,-
LV.Pkg.PackagerFlavor,必要から生まれ、きちん好きによって完成された。散らかりがあるところには、バンドラーがいる。,-
LV.Pkg.Unpacker,アンパッケージャー,-
LV.Pkg.UnpackerDesc,パッケージを10個の個別商品に戻します。,-
LV.Pkg.UnpackerFlavor,ビーグルが予想外のものを開封するよりも喜ぶことはありません。,-
LV.Pkg.RecipePack,パック{0},-
LV.Pkg.RecipeUnpack,{0}を展開します,-
