ID,Text,Comment
Cordial.Building.Forester.Description,다음을 강제로 심기:,-
Cordial.ForesterUpdate.Fragment.NoUpdateOption,없음,-
Cordial.PlantingOverrideTool.Crop.DisplayName,작물 심기 재정의 도구,-
Cordial.PlantingOverrideTool.Crop.Description,기존 작물의 심기를 재정의합니다.,-
Cordial.PlantingOverrideTool.Tree.DisplayName,임업 식재 오버라이드 도구,-
Cordial.PlantingOverrideTool.Tree.Description,기존 나무나 덤불의 식재를 덮어쓰기합니다.,-
Cordial.PlantingOverrideTool.PlantingOverrideToolPanel.Title,식물 재배 오버라이드 설정,-
Cordial.PlantingOverrideTool.PlantingOverrideToolPanel.Description,기존 식물을 교체:,-
Cordial.PlantingOverrideTool.PlantingOverrideToolPanel.CuttingAreaRemove,심은 후 절단 영역 비활성화,-
Cordial.PlantBeehiveTool.DisplayName,벌통 오버라이드,-
Cordial.PlantBeehiveTool.Description,식물을 벌통으로 교체합니다.,-
Cordial.PlantingOverrideTool.FactionLock,이 도구는 다음을 위해 사용할 수 없습니다:,-
Cordial.PlantingOverrideTool.BuildingLock,이 건물은 잠겨 있습니다:,-
Cordial.PlantingOverrideTool.SpecLock,이 사양이 누락되었습니다:,-
