ID,Text,Comment
LV.Pin.PinName,핀,-
LV.Pin.PinDesc,사용자가 설정 가능한 핀으로 지도에 위치를 표시합니다.,-
LV.Pin.PinFlavor,"'여기 핀을 꽂은 이유는 기억나지 않지만, 그것이 중요하다는 것만은 알고 있다.' —익명",-
LV.Pin.NewPinText,새 핀,-
LV.Pin.ChangeLabel,라벨 변경,-
LV.Pin.ChangeColor,색상 변경,-
LV.Pin.Height,핀 높이,-
LV.Pin.LabelPrompt,새 레이블 텍스트를 입력하세요:,-
LV.Pin.Pins,핀,-
LV.Pin.PinsTab,핀 탭 열기,-
LV.Pin.TogglePins,핀 전환,-
Name_PinFragment,핀,-
