ID,Text,Comment
IgorZ.TimberCommons.WaterTower.Utilization,활용 가능한 잠재력: {0:0.#}%,-
IgorZ.TimberCommons.WaterTower.IrrigatedArea,범위: {0},-
IgorZ.TimberCommons.WaterTower.EffectiveRange,효과 범위: {0},-
IgorZ.TimberCommons.WaterTower.NoTilesToIrrigate,관개할 수 있는 도달 가능한 타일이 없습니다,-
IgorZ.TimberCommons.GrowthRateModifier.BoostPercentile,성장 강화: <GreenHighlight>🡅</GreenHighlight>{0:0.#}%,-
IgorZ.TimberCommons.GrowthRateModifier.SlowdownPercentile,성장 둔화: <RedHighlight>🡇</RedHighlight>{0:0.#}%,-
IgorZ.TimberCommons.AdjustableWaterOutput.StopAboveDownstream,낙수구 위의 깊이를 닫습니다: {0},-
IgorZ.TimberCommons.InjuryProbability,부상 확률: 매시간 {0},-
IgorZ.TimberCommons.InjuryProbabilityDaily,부상 확률: {0} 낮 동안,-
IgorZ.TimberCommons.Settings.TimeAndDurationSection,시간 및 기간 표현,-
IgorZ.TimberCommons.Settings.TimeAndDuration.DaysHoursSupplyLeft,소모 기간을 일/시간으로 보여주기,-
IgorZ.TimberCommons.Settings.TimeAndDuration.DaysHoursGrowingTime,성장 시간을 일/시간으로 표시,-
IgorZ.TimberCommons.Settings.TimeAndDuration.DaysHoursForRecipeDuration,레시피 시간을 일/시간으로 표시,-
IgorZ.TimberCommons.Settings.TimeAndDuration.HigherPrecisionForFuelConsumingRecipes,연료 소비량을 더 높은 정확도로 표시,-
IgorZ.TimberCommons.Settings.IrrigationSystemSection,관개 시스템,-
IgorZ.TimberCommons.Settings.IrrigationSystem.OverrideDesertLevelsForWaterTowers,관개된 타일을 잘 촉촉하게 표시,-
IgorZ.TimberCommons.Settings.IrrigationSystem.OverrideDesertLevelsForWaterTowersTooltip,"타일이 반짝이는 초록색(잘 수분이 공급된 상태)으로 보일지 여부를 지정합니다. 그렇지 않으면, 관개 타워가 기본 수분 수준만 제공하므로 재고 논리는 이를 '거의 수분이 공급되지 않음'으로 표시합니다.",-
IgorZ.TimberCommons.Settings.WaterBuildingsSection,물 건물,-
IgorZ.TimberCommons.Settings.WaterBuildings.AdjustWaterDepthAtSpillwayOnMechanicalPumps,기계 펌프의 배수구에서 최대 수위 설정 허용,-
IgorZ.TimberCommons.Settings.WaterBuildings.AdjustWaterDepthAtSpillwayOnFluidDumps,액체 낙하의 배수구에서 최대 수위 설정 허용,-
IgorZ.TimberCommons.Settings.WaterBuildings.ShowCurrentStrengthInSluice,수문에서 현재 강도를 표시,-
IgorZ.TimberCommons.Settings.InjuryProbabilitySection,부상 확률,-
IgorZ.TimberCommons.Settings.InjuryProbability.ShowInFragment,오른쪽 패널에 부상 확률 표시,-
IgorZ.TimberCommons.Settings.InjuryProbability.ShowAvatarHint,건물 아바타에 표시기 표시,-
IgorZ.TimberCommons.Settings.InjuryProbability.ShowAvatarHintTooltip,표시기를 마우스 오버하면 부상 확률을 확인할 수 있습니다.,-
IgorZ.TimberCommons.Settings.InjuryProbability.ShowAsDailyProbability,일일 확률 표시,-
=,=,-
TimberDev_Utils.Settings.DebugSection,디버그 및 문제 해결,-
TimberDev_Utils.Settings.Debug.VerboseLogging,상세 로깅,-
TimberDev_Utils.Settings.Debug.VerboseLoggingTooltip,"로그에 더 유용한 세부 정보가 포함되지만, 게임 성능에 영향을 줄 수 있습니다.",-
IgorZ.TimberCommons.Settings.DebugSection,디버그 및 문제 해결,-
IgorZ.TimberCommons.Settings.Debug.VerboseLogging,상세 로깅,-
IgorZ.TimberCommons.Settings.Debug.VerboseLoggingTooltip,"로그에 더 유용한 세부정보가 포함되며, 게임 성능에 영향을 미칠 수 있습니다.",-
