ID,Text,Comment
LV.CBk.Save0,북마크 0 저장,-
LV.CBk.Jump0,책갈피 0으로 점프,-
LV.CBk.Save1,북마크 1 저장,-
LV.CBk.Jump1,북마크 1로 점프,-
LV.CBk.Save2,저장 책갈피 2,-
LV.CBk.Jump2,책갈피 2로 점프,-
LV.CBk.Save3,즐겨찾기 3 저장,-
LV.CBk.Jump3,북마크 3으로 점프,-
LV.CBk.Save4,북마크 4 저장,-
LV.CBk.Jump4,북마크 4로 이동,-
LV.CBk.Save5,즐겨찾기 5 저장,-
LV.CBk.Jump5,북마크 5로 점프,-
LV.CBk.Save6,즐겨찾기 저장 6,-
LV.CBk.Jump6,북마크 6으로 점프,-
LV.CBk.Save7,즐겨찾기 저장 7,-
LV.CBk.Jump7,북마크 7로 점프,-
LV.CBk.Save8,즐겨찾기 8 저장,-
LV.CBk.Jump8,책갈피 8로 점프,-
LV.CBk.Save9,즐겨찾기 저장 9,-
LV.CBk.Jump9,북마크 9로 이동,-
LV.CBk.CameraSaved,카메라 위치가 슬롯 {0}에 저장되었습니다.,-
LV.CBk.NoBookmark,"슬롯 {0}에 북마크가 설정되어 있지 않습니다.  
북마크를 설정하려면 저장 단축키를 사용하세요.",-
