ID,Text,Comment
beestingconfiguration.settings.mode,벌 침 모드,-
beestingconfiguration.settings.mode.tooltip,벌침의 동작을 결정합니다.,-
beestingconfiguration.settings.mode.off,꺼짐 (벌 쏘임 없음),-
beestingconfiguration.settings.mode.vanilla,바닐라 (기본값),-
beestingconfiguration.settings.mode.morestings,비버는 <3 벌 스팅을 좋아합니다. (벌이 더 자주 쏘습니다),-
beestingconfiguration.settings.mode.stackingstings,빠른 쏘임 중첩,-
beestingconfiguration.settings.mode.beneficialstings,유익한 쏘임 (+1 대신 -1 수정치),-
beestingconfiguration.settings.stackcount,최대 스택,-
beestingconfiguration.settings.stackcount.tooltip,벌침 스택의 최대 개수(스택당 10% 속도 증가).,-
