ID,Text,Comment
LV.QkB.SetQuickbar,퀵바 설정,-
LV.QkB.SetQuickbarHotkey,Shift + [퀵바 키],-
LV.QkB.QuickbarHotkeyGroup,퀵바,-
LV.QkB.QuickbarAction1,퀵바 액션 1,-
LV.QkB.QuickbarAction2,퀵바 액션 2,-
LV.QkB.QuickbarAction3,퀵바 동작 3,-
LV.QkB.QuickbarAction4,퀵바 액션 4,-
LV.QkB.QuickbarAction5,퀵바 액션 5,-
LV.QkB.QuickbarAction6,퀵바 액션 6,-
LV.QkB.QuickbarAction7,퀵바 액션 7,-
LV.QkB.QuickbarAction8,빠른 바 작업 8,-
LV.QkB.QuickbarAction9,퀵바 액션 9,-
LV.QkB.QuickbarAction10,퀵바 액션 10,-
LV.QkB.QuickbarAction11,퀵바 액션 11,-
LV.QkB.QuickbarAction12,퀵바 액션 12,-
LV.QkB.QuickbarAction13,빠른 선택 13,-
LV.QkB.QuickbarAction14,빠른 바 작업 14,-
LV.QkB.QuickbarAction15,퀵바 액션 15,-
LV.QkB.QuickbarAction16,퀵바 액션 16,-
LV.QkB.QuickbarAction17,퀵바 액션 17,-
LV.QkB.QuickbarAction18,퀵바 액션 18,-
LV.QkB.QuickbarAction19,퀵바 액션 19,-
LV.QkB.QuickbarAction20,퀵바 액션 20,-
