ID,Text,Comment
jeferson90.progressivedifficulty.settings.header.temperate,온대,-
jeferson90.progressivedifficulty.settings.header.hazardous,위험한,-
jeferson90.progressivedifficulty.settings.header.brutal,사악한,-
jeferson90.progressivedifficulty.settings.hazardous_minimal_coeficient,최소 배율,-
jeferson90.progressivedifficulty.settings.hazardous_maximum_coeficient,최대 배수자,-
jeferson90.progressivedifficulty.settings.brutal_cycle_enable,잔인한 사이클 활성화,-
jeferson90.progressivedifficulty.settings.brutal_cycle_enable_tooltip,브루탈 사이클은 설정된 범위 내의 임의의 위험 주기에서 한 번 발생합니다.,-
jeferson90.progressivedifficulty.settings.brutal_cycle_range,범위,-
jeferson90.progressivedifficulty.settings.brutal_cycle_range_tooltip,"이 범위 내에서 잔인한 주기가 발생하는 것이 보장됩니다.
예를 들어:
값이 10일 경우, 잔인한 주기는 9 주기 후에 발생하는 것이 보장됩니다.
따라서 주기 10과 19 사이에는 한 번 발생하고, 주기 20과 29 사이에는 한 번 더 발생하며 계속해서 반복됩니다.
---
값이 13일 경우, 잔인한 주기는 12 주기 후에 발생하는 것이 보장됩니다.
따라서 주기 13과 25 사이에는 한 번 발생하고, 주기 26과 39 사이에는 한 번 더 발생하며 계속해서 반복됩니다.",-
jeferson90.progressivedifficulty.settings.brutal_coeficient,잔인한 주기 배수기,-
jeferson90.progressivedifficulty.settings.temperate_handicap,온대 방정식 사이클 지연,-
jeferson90.progressivedifficulty.settings.temperate_minimal_coeficient,최소 배수,-
jeferson90.progressivedifficulty.settings.temperate_maximum_coeficient,최대 배수,-
jeferson90.progressivedifficulty.settings.temperate_min_max_coeficient_tooltip,온화한 사이클 지속시간은 이제 다음 위험한 사이클 지속시간에 비례합니다.,-
jeferson90.progressivedifficulty.settings.temperate_min_days,최소 일수,-
jeferson90.progressivedifficulty.settings.temperate_min_days_tooltip,온화한 날씨의 최소 일수,-
jeferson90.progressivedifficulty.settings.badtidechance,나쁜 조수 확률,-
jeferson90.progressivedifficulty.settings.jfloodchance,홍수 가능성,-
jeferson90.progressivedifficulty.settings.badtidehandicap,나쁜 조수 핸디캡,-
jeferson90.progressivedifficulty.settings.jfloodhandicap,홍수 핸디캡,-
jeferson90.progressivedifficulty.settings.header.main,설정,-
Weather.Flood,홍수,-
Weather.Notification.FloodApproaching,홍수가 다가오고 있습니다,-
Weather.Notification.FloodInProgress,홍수 발생 중,-
Weather.FloodStartedNotification,홍수 시작,-
Weather.FloodEndedNotification,홍수 종료,-
jeferson90.progressivedifficulty.settings.other,기타,-
jeferson90.progressivedifficulty.settings.evaporation_framework_enable_setting,사용자 지정 증발 활성화,-
jeferson90.progressivedifficulty.settings.badtidechance_tooltip,"위험한 주기가 발생할 확률, 0.1 = 10%, 0.15 = 15%, 0.5 = 50% 등으로 설정하세요. 매우 낮게 유지하는 것이 좋습니다.

Badtide 확률이 0.5 (50%)이고 Flood 확률이 0.5 (50%)인 경우, 가뭄 날씨가 발생하지 않습니다.  
Badtide 확률이 0.1 (10%)이고 Flood 확률이 0.2 (20%)인 경우, 가뭄 날씨가 발생할 확률은 70%입니다.",-
jeferson90.progressivedifficulty.settings.header.jevaporation,증발+침투,-
jeferson90.progressivedifficulty.settings.jevaporation.enable,활성화,-
jeferson90.progressivedifficulty.settings.jevaporation.enable_tooltip,증발 및 침투 활성화,-
jeferson90.progressivedifficulty.settings.jevaporation.airevaporation,공기 증발 배율,-
jeferson90.progressivedifficulty.settings.jevaporation.seepage,침투 배수 배율,-
jeferson90.progressivedifficulty.settings.header.general,일반,-
jeferson90.progressivedifficulty.settings.header.randomizer,날씨 랜덤 생성기,-
