ID,Text,Comment
LV.CI.MinimumWaterContamination,최소 수분 오염,-
LV.CI.MinimumWaterContaminationDesc,"최소 물 오염 %는 물이 완전한 관개를 제공하는 것을 멈추는 지점을 나타냅니다. 게임 기본값: 0.01, 즉 물이 1% 오염되었거나 그 이하일 경우 완전한 관개를 제공합니다.",-
LV.CI.MaximumWaterContamination,최대 수질 오염,-
LV.CI.MaximumWaterContaminationDesc,"최대 물 오염 %로, 물이 관개를 중단하는 지점입니다. 게임 기본값: 0.53, 즉 물이 53% 오염되거나 그 이상일 경우 관개가 이루어지지 않습니다.",-
LV.CI.VerticalSpreadCostMultiplier,수직 확산 비용,-
LV.CI.VerticalSpreadCostMultiplierDesc,"위쪽 확산을 위한 비용 배수기. 게임 기본값: 6, 즉 물을 위로 확산하는 데 일반적으로 6배의 비용이 듭니다.",-
LV.CI.MaxSpread,최대 확산,-
LV.CI.MaxSpreadDesc,"최대 확산 거리(블록 단위). 게임 기본값: 16, 즉 포화된 3x3 블록은 최대 16 블록 떨어진 곳까지 관개합니다.",-
LV.CI.ContaMinimumWaterContamination,토양 오염을 위한 최소 물량,-
LV.CI.ContaMinimumWaterContaminationDesc,"물 오염이 토양을 오염시키기 시작하는 최소 물 오염 %입니다. 게임 기본값: 0.5로, 물이 50% 오염되거나 그 이상일 경우 토양을 오염시키기 시작합니다.",-
LV.CI.ContaMaxSpread,오염 최대 확산,-
LV.CI.ContaMaxSpreadDesc,"오염된 물의 최대 전파 거리(블록 단위). 게임 기본값: 7, 이는 오염이 최대 7블록 떨어진 블록까지 오염됨을 의미합니다.",-
LV.CI.ContaVerticalSpreadCostMultiplier,오염 수직 확산 비용,-
LV.CI.ContaVerticalSpreadCostMultiplierDesc,"오염의 수직 확산에 대한 비용 곱셈기. 게임 기본값: 5, 이는 오염을 위로 확산시키는 데 일반적으로 5배 더 많은 비용이 든다는 의미입니다.",-
