ID,Text,Comment
LV.ARSP.AlternativeRecipesGroup,대체 레시피,-
LV.ARSP.AlternativeRecipesGroupDesc,제조 시설을 위한 대체 레시피를 잠금 해제하세요,-
LV.ARSP.LockReason,먼저 과학 프로젝트에서 이 레시피를 잠금 해제해야 합니다.,-
LV.ARSP.PlankBulkProcessing,판자 대량 가공,-
LV.ARSP.PlankBulkProcessingRecipe,판자 (벌크),-
LV.ARSP.PlankBulkProcessingLore,"'높이 쌓고, 천천히 자르라 — 더 많은 판자를 가져오자!' — 브로드엑스 벌크츄",-
LV.ARSP.PlankBulkProcessingEff,[레시피] 잠금 해제: {0} 개의 통나무 ⇒ {1} 개의 판재를 {2} 시간 안에 제재소에서 처리합니다. <RedHighlight>주의:</RedHighlight> 저장 용량은 한 번의 생산 주기만큼만 가능합니다.,-
LV.ARSP.DirectLogForging,직접 목재 가공,-
LV.ARSP.DirectLogForgingRecipe,기어 (직접),-
LV.ARSP.DirectLogForgingLore,"비버들은 통나무를 거칠게 깎아 기어로 두들길 수 있다는 것을 발견했습니다. 판자를 생략하는 방법입니다. 거칠지만, 작동합니다.",-
LV.ARSP.DirectLogForgingEff,[레시피] 잠금 해제: {0} 나무 ⇒ {1} 기어를 {2} 시간 안에 기어 작업장에서,-
LV.ARSP.RapidGearPress,신속 기어 프레스,-
LV.ARSP.RapidGearPressRecipe,조율 (신속),-
LV.ARSP.RapidGearPressLore,"프레스를 서두르고 추가 나무를 쌓음으로써, 비버들은 기어를 더 빠르게 생산하지만, 폐기물 더미도 그만큼 빠르게 증가합니다.",-
LV.ARSP.RapidGearPressEff,[레시피] 잠금 해제: {0} 목재 ⇒ {1} 기어를 {2} 시간 내에 기어 작업장에서,-
LV.ARSP.HighYieldLogPress,고수익 나무 압축기,-
LV.ARSP.HighYieldLogPressRecipe,기어 (고수익),-
LV.ARSP.HighYieldLogPressLore,"한 시즌의 시험 끝에, 비버들은 원시 로그를 빠른 속도로 기어로 변환하는 수력 프레스를 완벽하게 제작했다. 이는 늦가을의 기발한 발명품이다.",-
LV.ARSP.HighYieldLogPressEff,[레시피] 잠금 해제: {0} 개의 나무 ⇒ {1} 개의 기어를 {2} 시간 안에 기어 작업장에서,-
LV.ARSP.ResinFiredSmelter,수지 연료 제련소,-
LV.ARSP.ResinFiredSmelterRecipe,금속 블록 (수지 소성),-
LV.ARSP.ResinFiredSmelterLore,포크테일은 소나무 수지의 끈적한 힘을 활용하여 빠른 금속 작업을 위한 천천히 지속적으로 타는 제련소를 만들었다.,-
LV.ARSP.ResinFiredSmelterEff,잠금 해제 [레시피]: {0} 고철 + {1} 솔수지 ⇒ {2} 금속 블록을 {3} 시간 내에 제련소에서 (Folktails 전용),-
LV.ARSP.WoodReinforcedAlloy,목재 보강 합금,-
LV.ARSP.WoodReinforcedAlloyRecipe,목재 보강 금속 블록,-
LV.ARSP.WoodReinforcedAlloyLore,'우리가 추가하는 각 판자가 생겨날수록 금속은 더욱 강해진다—자연과 철이 하나로!' — 리프클로 메탈위버,-
LV.ARSP.WoodReinforcedAlloyEff,[레시피] 잠금 해제: {0} 스크랩 메탈 + {1} 처리된 판자 ⇒ {2} 금속 블록을 제련소에서 {3} 시간 동안 제작 (포크테일 전용),-
LV.ARSP.SteelBoundPlanks,강철로 묶인 판재,-
LV.ARSP.SteelBoundPlanksRecipe,처리된 판자 (강제된),-
LV.ARSP.SteelBoundPlanksLore,철 이빨의 독창성이 상황을 뒤바꿨습니다. 금속 조각을 녹여서 수지 한 방울 없이 판자를 강화하는 격자 구조로 만들었습니다.,-
LV.ARSP.SteelBoundPlanksEff,잠금 해제 [레시피]: {0} 판자 + {1} 금속 블록 ⇒ {2} 처리된 판자가 {3} 시간 동안 목재 작업실에서 제조됩니다 (철니 전용),-
LV.ARSP.TimberbotFramework,팀버봇 프레임워크,-
LV.ARSP.TimberbotFrameworkLore,"'우리의 봇들은 이제 숲의 힘으로 춤을 춘다—강철보다 판자가, 포크테일의 승리다!' — 기어위스커 티머코그",-
LV.ARSP.TimberbotFrameworkEff,"목록 이름: LV.ARSP.TimberbotFrameworkEff - 번역할 새로운 텍스트: ""팀버봇 프레임워크 잠금 해제: 포크테일은 봇 부품에 금속 블록 대신 처리된 판자를 사용할 수 있습니다. 차대에는 바이오 연료도 더 이상 필요하지 않습니다.""",-
LV.ARSP.TimberbotChassis,봇 섀시 (팀버봇),-
LV.ARSP.TimberbotHeads,봇 헤드 (팀버봇),-
LV.ARSP.SunflowerBiofuel,해바라기 화염 혼합물,-
LV.ARSP.SunflowerBiofuelRecipe,바이오연료 (해바라기),-
LV.ARSP.SunflowerBiofuelLore,'해바라기는 강보다 더 풍부한 꿀을 생산합니다—겸손한 뿌리채소와 섞으면 정유소가 연료로 가득 찬 찬송가를 부릅니다!' — 헬리안 넥타린,-
LV.ARSP.SunflowerBiofuelEff,레시피 잠금 해제: {0} 감자 + {1} 해바라기 씨 ⇒ {2} 바이오 연료를 정유소에서 {3} 시간 동안 생산합니다 (Folktails 전용),-
LV.ARSP.CrudeLogPressExtract,원목 프레스 추출물,-
LV.ARSP.CrudeLogPressExtractRecipe,추출 (원시 프레스),-
LV.ARSP.CrudeLogPressExtractLore,"'우리는 통나무를 부수고 금속을 긁어내어 추출물이 떨어지도록 해 — 느리고 지저분하지만, 그 유크 물에 손대는 것보다는 나아!' — 프레스조 스크랩츄",-
LV.ARSP.CrudeLogPressExtractEff,[레시피] 잠금 해제: {0} 나무 + {1} 기어 + {2} 스크랩 금속 ⇒ {3} 추출물 {4} 시간 후 기어 작업장에서(철 이빨 전용),-
LV.ARSP.DilutedExtract,희석 추출물,-
LV.ARSP.DilutedExtractRecipe,추출물 (희석),-
LV.ARSP.DilutedExtractLore,"정수와 오수를 혼합하여 비버들은 수렁에서 더 많은 추출물을 끌어내며, 이는 필요에 의해 태어난 기발한 헹굼 방식이다.",-
LV.ARSP.DilutedExtractEff,잠금 해제 [레시피]: {0} 불량수 + {1} 물 + {2} 나무 ⇒ {3} 추출물 {4} 시간 안에 원심분리기에서,-
LV.ARSP.WaterFilter,물 필터,-
LV.ARSP.WaterFilterRecipe,추출 (필터링됨),-
LV.ARSP.WaterFilterLore,비버들은 처리된 판자를 사용하여 나쁜 물을 걸러내는 교묘한 원심 분리기 조정을 고안했습니다. 이는 슬러지에서 추출물을 얻고 신선한 물의 흐름을 만들어냅니다.,-
LV.ARSP.WaterFilterEff,레시피 잠금 해제: {0} 나쁜 물 + {1} 처리된 판자 + {2} 통나무 ⇒ {3} 추출물 + {4} 물 {5} 시간 후에 원심분리기에서,-
LV.ARSP.ExtractChargedExplosive,추출-충전 폭발물,-
LV.ARSP.ExtractChargedExplosiveRecipe,폭발물 (추출-충전),-
LV.ARSP.ExtractChargedExplosiveLore,"‘한 방울의 추출물이면 폭발력이 두 배로 늘어난다—그걸 잘라먹어라, 바위 얼굴!’ — 플린트포우 붐포지",-
LV.ARSP.ExtractChargedExplosiveEff,"잠금 해제 [조리법]: {0} 추출물 ⇒ {1} 폭발물, 폭발물 공장에서 {2} 시간 소요",-
LV.ARSP.RapidCanolaCrush,신속한 씨앗 기름 스냅,-
LV.ARSP.RapidCanolaCrushRecipe,유채유 (신속),-
LV.ARSP.RapidCanolaCrushLore,"""속도가 모든 것을 이긴다—씨앗을 빨리 갈아버리고, 기름이 흐르게 하라, 낭비가 무엇이든!"" — 볼트퍼 그리스냅",-
LV.ARSP.RapidCanolaCrushEff,"[레시피] 잠금 해제: {0} 유채 씨앗 ⇒ {1} 유채유, 오일 프레스에서 {2} 시간 소요 (철 이빨 전용)",-
LV.ARSP.PrecisionOilYield,유채 에센스 정제소,-
LV.ARSP.PrecisionOilYieldRecipe,정밀 카놀라유,-
LV.ARSP.PrecisionOilYieldLore,"아이언 티스는 정교한 압착 방법을 완벽하게 다듬어, 산업적 기교로 카놀라 씨앗에서 마지막 한 방울까지 짜냈습니다.",-
LV.ARSP.PrecisionOilYieldEff,[레시피] 잠금 해제: {0} 유채 씨앗 + {1} 물 ⇒ {2} 유채 기름을 {3} 시간 동안 오일 프레스로 생산 (철 이빨 전용),-
LV.ARSP.SunDriedPulpSheets,햇볕에 말린 펄프 시트,-
LV.ARSP.SunDriedPulpSheetsRecipe,종이 (햇볕에 말린),-
LV.ARSP.SunDriedPulpSheetsLore,민속 이야기꾼들은 태양의 따뜻함을 이용하여 통나무와 해바라기 과육을 혼합해 그들의 밭만큼 넓은 종이 시트를 제작했습니다.,-
LV.ARSP.SunDriedPulpSheetsEff,잠금 해제 [레시피]: {0} 나무 + {1} 해바라기 ⇒ {2} 종이 (Folktails 전용) 를 위해 제지소에서 {3} 시간 소요,-
