ID,Text,Comment
Knatte.ToolGroup.DecorationBlocks,장식 블록,-
Knatte.DE_RMCorner.DisplayName,장식 금속 모서리,-
Knatte.DE_RMCorner.Description,리브드 메탈 댐을 코너에 두세요.,-
Knatte.DE_RMCorner.FlavorDescription,물 차단 안 함,-
Knatte.DE_RMSQCorner.DisplayName,장식 금속 정사각형 모서리,-
Knatte.DE_RMSQCorner.Description,골짐이 있는 금속 댐은 코너로 되어 있습니다.,-
Knatte.DE_RMSQCorner.FlavorDescription,물 차단 안 함,-
Knatte.DE_RMDiagonal.DisplayName,장식 금속 대각선,-
Knatte.DE_RMDiagonal.Description,늑호 금속 댐을 옆으로 가게 하세요.,-
Knatte.DE_RMDiagonal.FlavorDescription,물 차단 불가능,-
Knatte.DE_RMDiagonalW.DisplayName,대각선 리브,-
Knatte.DE_RMDiagonalW.Description,플라스틱 금속 댐을 옆으로 놓으세요.,-
Knatte.DE_RMDiagonalW.FlavorDescription,물이 통과하지 못합니다,-
Knatte.DE_RMInvCorner.DisplayName,장식 금속 내부 코너,-
Knatte.DE_RMInvCorner.Description,립이 있는 금속 댐을 모서리에 배치하십시오.,-
Knatte.DE_RMInvCorner.FlavorDescription,물 차단 안 함,-
Knatte.DE_RMInvCornerW.DisplayName,내부 코너 유지,-
Knatte.DE_RMInvCornerW.Description,리브드 메탈 댐을 모서리에 배치하세요.,-
Knatte.DE_RMInvCornerW.FlavorDescription,물은 지나가지 않습니다,-
Knatte.DE_RMSlope.DisplayName,장식 금속 경사,-
Knatte.DE_RMSlope.Description,리브 메탈 댐을 경사지게 하세요.,-
Knatte.DE_RMSlope.FlavorDescription,물 차단 안 함,-
Knatte.DE_RMCornerSlope.DisplayName,장식 금속 경사 코너,-
Knatte.DE_RMCornerSlope.Description,능선 금속 댐을 모서리로 하세요.,-
Knatte.DE_RMCornerSlope.FlavorDescription,물 차단 안 됨,-
Knatte.DE_RMSquare.DisplayName,장식 금속 큐브,-
Knatte.DE_RMSquare.Description,리브드 메탈 사각형 댐,-
Knatte.DE_RMSquare.FlavorDescription,물 차단 안함,-
Knatte.DE_RMSquare2W.DisplayName,금속 제방 2x2,-
Knatte.DE_RMSquare3W.DisplayName,금속 방수제 3x3,-
Knatte.DE_RMSquareW.Description,댐은 리브 메탈로 크게 만들어 주세요.,-
Knatte.DE_RMSquareW.FlavorDescription,물은 통과하지 않습니다,-
Knatte.DE_RMSquareW1x1.DisplayName,금속 제방 1x1,-
Knatte.DE_RMSquareW1x2.DisplayName,금속 제방 1x2,-
Knatte.DE_RMSquareW1x3.DisplayName,메탈 레비 1x3,-
Knatte.DE_RMSquareW2x1.DisplayName,금속 두둑 2x1,-
Knatte.DE_RMSquareW2x3.DisplayName,금속 제방 2x3,-
Knatte.DE_RMSquareW3x1.DisplayName,금속 제방 3x1,-
Knatte.DE_RMSquareW3x2.DisplayName,금속 제방 3x2,-
Knatte.DE_RMCorner2X.DisplayName,장식 금속 코너 이중 높이,-
Knatte.DE_RMCorner2X.Description,리브드 메탈 댐을 코너로 만드세요.,-
Knatte.DE_RMCorner2X.FlavorDescription,물 차단 안 함,-
Knatte.DE_RMSQCorner2X.DisplayName,장식 금속 사각 모서리 두 배 높이,-
Knatte.DE_RMSQCorner2X.Description,굽은 리브드 메탈 댐을 만들자.,-
Knatte.DE_RMSQCorner2X.FlavorDescription,물을 차단하지 않음,-
Knatte.DE_RMDiagonal2X.DisplayName,장식 금속 대각선 이중 높이,-
Knatte.DE_RMDiagonal2X.Description,리브드 메탈 댐을 옆으로 이동시키세요.,-
Knatte.DE_RMDiagonal2X.FlavorDescription,물 차단 안 함,-
Knatte.DE_RMInvCornerS2X.DisplayName,장식용 금속 내부 코너 사이드 플랫폼 더블 높이,-
Knatte.DE_RMInvCornerS2X.Description,리브 금속 댐을 옆으로 두고 플랫폼을 만들어보세요.,-
Knatte.DE_RMInvCornerS2X.FlavorDescription,물 차단 안 함,-
Knatte.DE_RMInvCorner2X.DisplayName,장식 금속 내부 모서리 이중 높이,-
Knatte.DE_RMInvCorner2X.Description,리브 메탈 댐을 코너로 만드세요.,-
Knatte.DE_RMInvCorner2X.FlavorDescription,물을 차단하지 않음,-
Knatte.DE_RMInvCornerW2X.DisplayName,금속 제방 내부 코너 2배 높이,-
Knatte.DE_RMInvCornerW2X.Description,리브드 메탈 댐을 모서리로 만드세요.,-
Knatte.DE_RMInvCornerW2X.FlavorDescription,물은 통과하지 않습니다,-
Knatte.DE_RMSlope2X.DisplayName,장식 금속 경사 이중 높이,-
Knatte.DE_RMSlope2X.Description,리브 메탈 댐을 경사지게 하세요.,-
Knatte.DE_RMSlope2X.FlavorDescription,물을 차단하지 않음,-
Knatte.DE_RMCornerSlope2X.DisplayName,장식 금속 경사 코너 이중 높이,-
Knatte.DE_RMCornerSlope2X.Description, ribbed 금속 댐을 코너로 설정하십시오.,-
Knatte.DE_RMCornerSlope2X.FlavorDescription,물을 차단하지 않음,-
Knatte.DE_RMCorner3X.DisplayName,장식 금속 코너 삼배 높이,-
Knatte.DE_RMCorner3X.Description,리브드 메탈 댐을 모서리로 하세요.,-
Knatte.DE_RMCorner3X.FlavorDescription,물 방해하지 않음,-
Knatte.DE_RMInvCorner3X.DisplayName,장식 금속 내부 모서리 삼중 높이,-
Knatte.DE_RMInvCorner3X.Description,리브 메탈 댐을 코너로 정렬하세요.,-
Knatte.DE_RMInvCorner3X.FlavorDescription,물 차단 안 함,-
Knatte.DE_RMSlope3X.DisplayName,장식 금속 경사 세 배 높이,-
Knatte.DE_RMSlope3X.Description,리브가 있는 금속 댐을 경사로 만들기.,-
Knatte.DE_RMSlope3X.FlavorDescription,물 차단 안 함,-
Knatte.DE_RMInvCornerW3X.DisplayName,리브 내부 코너 트리플 높이,-
Knatte.DE_RMInvCornerW3X.Description,홈이 있는 금속 댐을 코너로 만드세요.,-
Knatte.DE_RMInvCornerW3X.FlavorDescription,물이 통과하지 않습니다,-
Knatte.DE_RMSlopeW_1.DisplayName,금속 제방 경사,-
Knatte.DE_RMSlopeW_2.DisplayName,금속 제방 경사 이중 높이,-
Knatte.DE_RMSlopeW_3.DisplayName,금속 제방 경사 삼중 높이,-
Knatte.DE_RMSlopeW.Description,물리적으로 완전한 블록으로 물을 차단하는 리브드 메탈 슬로프,-
Knatte.DE_RMSlopeW.FlavorDescription,물은 통과하지 않는다,-
Knatte.DE_RMSlopeS.DisplayName,장식용 금속 계단,-
Knatte.DE_RMSlopeS.Description,리브 메탈 댐을 밟아보세요.,-
Knatte.DE_RMSlopeS.FlavorDescription,물 차단 안함,-
Knatte.DE_RMToolGroup.Decoration,장식 블록,-
Knatte.DE_RMCategoryDam.DisplayName,골이 있는 금속 장식,-
Knatte.DE_RMCategoryDam.Des,물을 차단하지 않음,-
Knatte.DE_RMCategoryLevees.DisplayName,형태가 있는 리브 메탈 제방,-
Knatte.DE_RMCategoryLeveesSQ.DisplayName,네모난 주름진 금속 제방,-
Knatte.DE_RMCategoryDam2.DisplayName,리브 금속 장식,-
Knatte.DE_RMCategoryDamSQ.DisplayName,리브 메탈 장식 SQ,-
Knatte.DE_RMCategoryDam2.Des,물을 차단하지 않음,-
Knatte.DE_RMDoubleInvSlope.DisplayName,금속 이중 역경사,-
Knatte.DE_RMDoubleInvSlope.Description,리브 금속 제방과 역경사 조합,-
Knatte.DE_RMDoubleInvSlope.FlavorDescription,다리를 놓자,-
Knatte.DE_RMSquare1x2.DisplayName,장식 금속 큐브 1x2,-
Knatte.DE_RMSquare1x3.DisplayName,장식 금속 큐브 1x3,-
Knatte.DE_RMSquare_B.Description,물이 막히지 않지만 튀어나올 수 있는 리브 메탈 사각형.,-
Knatte.DE_RMSquare_B.FlavorDescription,"봐, 떠내려가!",-
Knatte.DE_RMInvSlope1x1.DisplayName,금속 역슬로프 1x1,-
Knatte.DE_RMInvSlope1x2.DisplayName,금속 반전 경사 1x2,-
Knatte.DE_RMInvSlope1x3.DisplayName,금속 역 슬로프 1x3,-
Knatte.DE_RMInvSlope2x1.DisplayName,메탈 인버티드 슬로프 2x1,-
Knatte.DE_RMInvSlope.Description,물은 차단하지 않지만 튀어나올 수 있는 능선이 있는 금속 정사각형.,-
Knatte.DE_RMInvSlope.FlavorDescription,나가자,-
Knatte.DE_RMInvTrapezium1x1.DisplayName,뒤집힌 사다리꼴 1x1,-
Knatte.DE_RMBlockDecoration.DisplaynameLocKey,아름다운 댐,-
Knatte.DE_RMInvSlopeW1x1.DisplayName,뒤집힌 금속 제방 경사 1x1,-
Knatte.DE_RMInvSlopeW1x2.DisplayName,역방향 금속 제방 경사 1x2,-
Knatte.DE_RMInvSlopeW1x3.DisplayName,뒤집힌 금속 제방 경사 1x3,-
Knatte.DE_RMInvSlopeW2x1.DisplayName,뒤집힌 금속 제방 경사 2x1,-
Knatte.DE_RMInvSlopeW.Description,"돌출될 수 있는 리브 메탈 사각형. 
위쪽/아래쪽에서만 다른 블록들이 놓여지는 수압 블록 배치, 내구성이 있는 바닥처럼",-
Knatte.DE_RMInvSlopeW.FlavorDescription,나가자,-
Knatte.DE_RMInvTrapeziumW1x1.DisplayName,역 트라페지움 금속 제방 1x1,-
Knatte.DE_RMDoubleInvSlopeW.Description,"양쪽으로 튀어나온 홈이 있는 금속 정사각형입니다. 배치hex 블록은 모든 물 블록과 상단/하단에서만 작동하며, 내수성 바닥이 내장되어 있는 것처럼 작동합니다.",-
Knatte.DE_RMDoubleInvSlopeW.FlavorDescription,다리를 건설하자,-
Knatte.DE_SMCorner.DisplayName,장식 금속 모서리,-
Knatte.DE_SMCorner.Description,부드러운 금속 댐을 코너로 만드세요.,-
Knatte.DE_SMCorner.FlavorDescription,물을 차단하지 않음,-
Knatte.DE_SMSQCorner.DisplayName,장식 금속 정사각형 모서리,-
Knatte.DE_SMSQCorner.Description,부드러운 금속 댐을 코너로 만드세요.,-
Knatte.DE_SMSQCorner.FlavorDescription,물의 흐름을 막지 않습니다,-
Knatte.DE_SMDiagonal.DisplayName,장식 금속 대각선,-
Knatte.DE_SMDiagonal.Description,부드러운 금속 댐을 옆으로 이동하십시오.,-
Knatte.DE_SMDiagonal.FlavorDescription,물을 차단하지 않습니다,-
Knatte.DE_SMDiagonalW.DisplayName,비탈 위에,-
Knatte.DE_SMDiagonalW.Description,부드러운 금속 댐을 옆으로 가게 하세요.,-
Knatte.DE_SMDiagonalW.FlavorDescription,물은 지나가지 않습니다,-
Knatte.DE_SMInvCorner.DisplayName,장식 금속 내부 모서리,-
Knatte.DE_SMInvCorner.Description,부드러운 금속 댐을 모서리로 만드세요.,-
Knatte.DE_SMInvCorner.FlavorDescription,물을 차단하지 않음,-
Knatte.DE_SMInvCornerW.DisplayName,리브 내부 코너,-
Knatte.DE_SMInvCornerW.Description,부드러운 금속 댐을 모서리로 설정하세요.,-
Knatte.DE_SMInvCornerW.FlavorDescription,물은 통과하지 않습니다,-
Knatte.DE_SMSlope.DisplayName,장식 금속 경사,-
Knatte.DE_SMSlope.Description,부드러운 금속 댐이 경사지도록 하십시오.,-
Knatte.DE_SMSlope.FlavorDescription,물을 차단하지 않습니다,-
Knatte.DE_SMCornerSlope.DisplayName,장식 금속 경사 모서리,-
Knatte.DE_SMCornerSlope.Description,부드러운 금속 댐을 모서리로 만드세요.,-
Knatte.DE_SMCornerSlope.FlavorDescription,물 차단 안 함,-
Knatte.DE_SMSquare.DisplayName,장식 금속 큐브,-
Knatte.DE_SMSquare.Description,부드러운 금속 정사각형 댐,-
Knatte.DE_SMSquare.FlavorDescription,물을 차단하지 않음,-
Knatte.DE_SMSquare2W.DisplayName,금속 제방 2x2,-
Knatte.DE_SMSquare3W.DisplayName,메탈 제방 3x3,-
Knatte.DE_SMSquareW.Description,제방을 부드러운 금속으로 크게 만들어주세요,-
Knatte.DE_SMSquareW.FlavorDescription,물이 지나가지 않을 것입니다,-
Knatte.DE_SMSquareW1x1.DisplayName,금속 제방 1x1,-
Knatte.DE_SMSquareW1x2.DisplayName,금속 제방 1x2,-
Knatte.DE_SMSquareW1x3.DisplayName,금속 제방 1x3,-
Knatte.DE_SMSquareW2x1.DisplayName,금속 제방 2x1,-
Knatte.DE_SMSquareW2x3.DisplayName,금속 제방 2x3,-
Knatte.DE_SMSquareW3x1.DisplayName,금속 제방 3x1,-
Knatte.DE_SMSquareW3x2.DisplayName,금속 제방 3x2,-
Knatte.DE_SMCorner2X.DisplayName,장식 메탈 코너 이중 높이,-
Knatte.DE_SMCorner2X.Description,부드러운 금속 댐을 모서리에 두세요.,-
Knatte.DE_SMCorner2X.FlavorDescription,물 차단 안함,-
Knatte.DE_SMSQCorner2X.DisplayName,"장식 금속 정사각형 코너 
이중 높이",-
Knatte.DE_SMSQCorner2X.Description,부드러운 금속 댐이 모서리에 위치하게 하세요.,-
Knatte.DE_SMSQCorner2X.FlavorDescription,물 차단 안 함,-
Knatte.DE_SMDiagonal2X.DisplayName,장식 금속 대각선 이중 높이,-
Knatte.DE_SMDiagonal2X.Description,부드러운 금속 댐이 옆으로 가게 하세요.,-
Knatte.DE_SMDiagonal2X.FlavorDescription,물을 차단하지 않습니다,-
Knatte.DE_SMInvCornerS2X.DisplayName,장식 금속 내부 모서리 측면 플랫폼 더블 높이,-
Knatte.DE_SMInvCornerS2X.Description,부드러운 금속 댐을 옆으로 보내고 플랫폼을 마련하세요.,-
Knatte.DE_SMInvCornerS2X.FlavorDescription,물 차단 불가,-
Knatte.DE_SMInvCorner2X.DisplayName,장식 금속 내부 코너 이중 높이,-
Knatte.DE_SMInvCorner2X.Description,매끄러운 금속 댐을 모서리로 만들어라.,-
Knatte.DE_SMInvCorner2X.FlavorDescription,물 차단 안 함,-
Knatte.DE_SMInvCornerW2X.DisplayName,금속 제방 내부 모서리 이중 높이,-
Knatte.DE_SMInvCornerW2X.Description,부드러운 금속 댐을 코너로 만드세요.,-
Knatte.DE_SMInvCornerW2X.FlavorDescription,물은 통과하지 않습니다,-
Knatte.DE_SMSlope2X.DisplayName,장식 금속 경사 이중 높이,-
Knatte.DE_SMSlope2X.Description,부드러운 메탈 댐을 경사지게 하세요.,-
Knatte.DE_SMSlope2X.FlavorDescription,물 차단 안 함,-
Knatte.DE_SMCornerSlope2X.DisplayName,장식 금속 경사 코너 이중 높이,-
Knatte.DE_SMCornerSlope2X.Description,부드러운 금속 댐을 코너로 만들어라.,-
Knatte.DE_SMCornerSlope2X.FlavorDescription,물이 차단되지 않음,-
Knatte.DE_SMCorner3X.DisplayName,"장식 금속 모서리  
삼중 높이",-
Knatte.DE_SMCorner3X.Description,부드러운 금속 댐을 모서리로 만드세요.,-
Knatte.DE_SMCorner3X.FlavorDescription,물 차단 안 함,-
Knatte.DE_SMInvCorner3X.DisplayName,장식 금속 내부 코너 삼중 높이,-
Knatte.DE_SMInvCorner3X.Description,부드러운 금속 댐을 코너로 배치하세요.,-
Knatte.DE_SMInvCorner3X.FlavorDescription,물 차단 안 함,-
Knatte.DE_SMSlope3X.DisplayName,장식 금속 경사 3배 높이,-
Knatte.DE_SMSlope3X.Description,부드러운 금속 댐을 경사지게 하세요.,-
Knatte.DE_SMSlope3X.FlavorDescription,물이 막히지 않음,-
Knatte.DE_SMInvCornerW3X.DisplayName,리브 내부 코너 삼중 높이,-
Knatte.DE_SMInvCornerW3X.Description,부드러운 금속 댐을 모서리로 하세요.,-
Knatte.DE_SMInvCornerW3X.FlavorDescription,물은 통과하지 않습니다,-
Knatte.DE_SMSlopeW_1.DisplayName,금속 제방 경사,-
Knatte.DE_SMSlopeW_2.DisplayName,금속 제방 경사 이중 높이,-
Knatte.DE_SMSlopeW_3.DisplayName,메탈 제방 경사 삼배 높이,-
Knatte.DE_SMSlopeW.Description,물에 완전히 차단되는 매끄러운 금속 경사,-
Knatte.DE_SMSlopeW.FlavorDescription,물은 통과하지 않습니다,-
Knatte.DE_SMSlopeS.DisplayName,장식 금속 계단,-
Knatte.DE_SMSlopeS.Description,매끄러운 금속 댐을 딛어 보세요.,-
Knatte.DE_SMSlopeS.FlavorDescription,물 차단 안 함,-
Knatte.DE_SMToolGroup.Decoration,장식 블록,-
Knatte.DE_SMCategoryDam.DisplayName,부드러운 금속 장식,-
Knatte.DE_SMCategoryDam.Des,물을 차단하지 않음,-
Knatte.DE_SMCategoryLevees.DisplayName,형태가 있는 매끈한 금속 제방,-
Knatte.DE_SMCategoryLeveesSQ.DisplayName,정사각형 매끄러운 금속 제방,-
Knatte.DE_SMCategoryDam2.DisplayName,부드러운 금속 장식,-
Knatte.DE_SMCategoryDamSQ.DisplayName,부드러운 금속 장식 SQ,-
Knatte.DE_SMCategoryDam2.Des,물 차단 안함,-
Knatte.DE_SMDoubleInvSlope.DisplayName,금속 이중 반전 경사,-
Knatte.DE_SMDoubleInvSlope.Description,부드러운 금속 제방 및 역경사 조합,-
Knatte.DE_SMDoubleInvSlope.FlavorDescription,다리를 놓자,-
Knatte.DE_SMSquare1x2.DisplayName,장식 금속 큐브 1x2,-
Knatte.DE_SMSquare1x3.DisplayName,장식 금속 큐브 1x3,-
Knatte.DE_SMSquare_B.Description,물이 막히지 않지만 튀어나올 수 있는 매끄러운 금속 정사각형.,-
Knatte.DE_SMSquare_B.FlavorDescription,떠 있어요,-
Knatte.DE_SMInvSlope1x1.DisplayName,금속 역슬로프 1x1,-
Knatte.DE_SMInvSlope1x2.DisplayName,금속 인버티드 슬로프 1x2,-
Knatte.DE_SMInvSlope1x3.DisplayName,금속 뒤집힌 경사 1x3,-
Knatte.DE_SMInvSlope2x1.DisplayName,금속 역경사 2x1,-
Knatte.DE_SMInvSlope.Description,물은 차단하지 않지만 튀어나올 수 있는 매끄러운 금속 정사각형.,-
Knatte.DE_SMInvSlope.FlavorDescription,밖으로 나갑니다,-
Knatte.DE_SMInvTrapezium1x1.DisplayName,역 트래펠리움 1x1,-
Knatte.DE_SMBlockDecoration.DisplaynameLocKey,아름다운 댐,-
Knatte.DE_SMInvSlopeW1x1.DisplayName,거꾸로 된 금속 둑 경사 1x1,-
Knatte.DE_SMInvSlopeW1x2.DisplayName,역방향 금속 제방 경사 1x2,-
Knatte.DE_SMInvSlopeW1x3.DisplayName,뒤집어진 금속 제방 경사 1x3,-
Knatte.DE_SMInvSlopeW2x1.DisplayName,역전된 금속 제방 경사 2x1,-
Knatte.DE_SMInvSlopeW.Description,"매끈한 금속 정사각형으로, 튀어나올 수 있습니다. 
위치 여유 공간은 모든 물 블록에서 헥스 블록으로, 다른 블록은 오직 상단/하단에서만 적용됩니다. 내장형 불침투성 바닥처럼요.",-
Knatte.DE_SMInvSlopeW.FlavorDescription,나갑니다,-
Knatte.DE_SMInvTrapeziumW1x1.DisplayName,역삼각형 금속 제방 1x1,-
Knatte.DE_SMDoubleInvSlopeW.Description,양쪽으로 튀어나온 매끄러운 금속 사각형. 배치용 헥스 블록은 모든 물을 포함하고 다른 블록은 위/아래에서만 접촉 가능하며 내구성이 있는 바닥처럼 작동합니다.,-
Knatte.DE_SMDoubleInvSlopeW.FlavorDescription,다리 건설하자,-
Knatte.DE_A_RMCorner.DisplayName,장식 금속 모서리,-
Knatte.DE_A_RMCorner.Description,리브드 메탈 댐을 코너에 두세요. 수로 스타일로.,-
Knatte.DE_A_RMCorner.FlavorDescription,물 차단하지 않음,-
Knatte.DE_A_RMSQCorner.DisplayName,장식 금속 네모 코너,-
Knatte.DE_A_RMSQCorner.Description,리브 메탈 댐이 코너에 위치하게 하세요. 아쿠educt 스타일로.,-
Knatte.DE_A_RMSQCorner.FlavorDescription,물을 차단하지 않습니다,-
Knatte.DE_A_RMDiagonal.DisplayName,장식 금속 대각선,-
Knatte.DE_A_RMDiagonal.Description,리브 메탈 댐을 옆으로 이동시킵니다. 아쿠에덕트 스타일로.,-
Knatte.DE_A_RMDiagonal.FlavorDescription,물 차단 안 함,-
Knatte.DE_A_RMDiagonalW.DisplayName,사선 레벨,-
Knatte.DE_A_RMDiagonalW.Description,"능선이 있는 금속 댐을 옆으로 이동하세요.
수로 스타일로.",-
Knatte.DE_A_RMDiagonalW.FlavorDescription,물은 통과하지 않습니다,-
Knatte.DE_A_RMInvCorner.DisplayName,장식 금속 내부 코너,-
Knatte.DE_A_RMInvCorner.Description,리브드 메탈 댐을 코너로 만들어라. 수로 스타일로.,-
Knatte.DE_A_RMInvCorner.FlavorDescription,물 차단 안 함,-
Knatte.DE_A_RMInvCornerW.DisplayName,리브 내부 코너,-
Knatte.DE_A_RMInvCornerW.Description,리브가 있는 금속 댐이 모서리로 배치되도록 하세요. 수로 스타일로.,-
Knatte.DE_A_RMInvCornerW.FlavorDescription,물이 지나가지 않습니다,-
Knatte.DE_A_RMSlope.DisplayName,장식 금속 경사,-
Knatte.DE_A_RMSlope.Description,능형 금속 댐을 경사지게 만드세요. 수로 스타일로.,-
Knatte.DE_A_RMSlope.FlavorDescription,물을 차단하지 않음,-
Knatte.DE_A_RMCornerSlope.DisplayName,장식 금속 경사 코너,-
Knatte.DE_A_RMCornerSlope.Description,레바드 메탈 댐을 코너로 설정하세요. 아쿠educt 스타일로.,-
Knatte.DE_A_RMCornerSlope.FlavorDescription,물 막지 않음,-
Knatte.DE_A_RMSquare.DisplayName,장식 금속 큐브,-
Knatte.DE_A_RMSquare.Description,리브 메탈 사각형 제방 수로 스타일로.,-
Knatte.DE_A_RMSquare.FlavorDescription,물 차단하지 않음,-
Knatte.DE_A_RMSquare2W.DisplayName,메탈 제방 2x2,-
Knatte.DE_A_RMSquare3W.DisplayName,금속 제방 3x3,-
Knatte.DE_A_RMSquareW.Description,댐을 리브 금속으로 크게 만들어주세요. 수로 스타일로.,-
Knatte.DE_A_RMSquareW.FlavorDescription,물은 통과하지 않습니다,-
Knatte.DE_A_RMSquareW1x1.DisplayName,금속 제방 1x1,-
Knatte.DE_A_RMSquareW1x2.DisplayName,금속 제방 1x2,-
Knatte.DE_A_RMSquareW1x3.DisplayName,금속 제방 1x3,-
Knatte.DE_A_RMSquareW2x1.DisplayName,금속 제방 2x1,-
Knatte.DE_A_RMSquareW2x3.DisplayName,금속 제방 2x3,-
Knatte.DE_A_RMSquareW3x1.DisplayName,금속 레베 3x1,-
Knatte.DE_A_RMSquareW3x2.DisplayName,금속 제방 3x2,-
Knatte.DE_A_RMCorner2X.DisplayName,장식 금속 코너 두 배 높이,-
Knatte.DE_A_RMCorner2X.Description,리브 메탈 댐을 코너에 두세요. 아쿠educt 스타일로.,-
Knatte.DE_A_RMCorner2X.FlavorDescription,물을 차단하지 않음,-
Knatte.DE_A_RMSQCorner2X.DisplayName,장식 금속 정사각형 코너 더블 높이,-
Knatte.DE_A_RMSQCorner2X.Description,따라서 리브드 메탈 댐이 코너에 위치하도록 하세요. 수로 스타일로.,-
Knatte.DE_A_RMSQCorner2X.FlavorDescription,물을 차단하지 않습니다,-
Knatte.DE_A_RMDiagonal2X.DisplayName,장식 금속 대각선 이중 높이,-
Knatte.DE_A_RMDiagonal2X.Description,리브 메탈 댐을 옆으로 이동시키세요. 아쿠엑트 스타일로.,-
Knatte.DE_A_RMDiagonal2X.FlavorDescription,물 차단하지 않음,-
Knatte.DE_A_RMInvCornerS2X.DisplayName,장식 금속 내부 모서리 측면 플랫폼 이중 높이,-
Knatte.DE_A_RMInvCornerS2X.Description,ribbed metal dam을 옆으로 두고 플랫폼을 만드세요. 수로 스타일로.,-
Knatte.DE_A_RMInvCornerS2X.FlavorDescription,물 차단 안 함,-
Knatte.DE_A_RMInvCorner2X.DisplayName,장식 금속 내부 코너 이중 높이,-
Knatte.DE_A_RMInvCorner2X.Description,골지 금속 댐을 코너로 만드세요. 수로 스타일로.,-
Knatte.DE_A_RMInvCorner2X.FlavorDescription,물 차단하지 않음,-
Knatte.DE_A_RMInvCornerW2X.DisplayName,금속 제방 내부 코너 이중 높이,-
Knatte.DE_A_RMInvCornerW2X.Description,"리브드 메탈 댐을 코너로 만들기.
수로 스타일로.",-
Knatte.DE_A_RMInvCornerW2X.FlavorDescription,물이 흐르지 않습니다,-
Knatte.DE_A_RMSlope2X.DisplayName,장식 금속 경사 두 배 높이,-
Knatte.DE_A_RMSlope2X.Description,리브드 메탈 댐을 경사진 형태로 만드세요. 아쿠에덕트 스타일로.,-
Knatte.DE_A_RMSlope2X.FlavorDescription,물을 차단하지 않음,-
Knatte.DE_A_RMCornerSlope2X.DisplayName,장식용 금속 경사 코너 이중 높이,-
Knatte.DE_A_RMCornerSlope2X.Description,리브가 있는 금속 댐을 구부리세요. 수로 스타일로.,-
Knatte.DE_A_RMCornerSlope2X.FlavorDescription,물을 차단하지 않음,-
Knatte.DE_A_RMCorner3X.DisplayName,장식 금속 코너 삼배 높이,-
Knatte.DE_A_RMCorner3X.Description, ribbed metal dam이 코너가 되게 하세요. 수로 스타일로.,-
Knatte.DE_A_RMCorner3X.FlavorDescription,물을 차단하지 않음,-
Knatte.DE_A_RMInvCorner3X.DisplayName,장식 금속 내부 코너 트리플 높이,-
Knatte.DE_A_RMInvCorner3X.Description,리브드 메탈 댐을 코너로 만들어보세요. 아쿠아덕트 스타일로.,-
Knatte.DE_A_RMInvCorner3X.FlavorDescription,물을 차단하지 않음,-
Knatte.DE_A_RMSlope3X.DisplayName,장식 금속 경사 삼중 높이,-
Knatte.DE_A_RMSlope3X.Description,리브 메탈 댐을 경사 지게 하세요. 수로 스타일로.,-
Knatte.DE_A_RMSlope3X.FlavorDescription,물 차단 안 함,-
Knatte.DE_A_RMInvCornerW3X.DisplayName,내부 코너 트리플 높이,-
Knatte.DE_A_RMInvCornerW3X.Description,리브드 메탈 댐을 코너에 두세요. 수로 스타일로.,-
Knatte.DE_A_RMInvCornerW3X.FlavorDescription,물은 지나가지 않습니다,-
Knatte.DE_A_RMSlopeW_1.DisplayName,금속 둑 경사,-
Knatte.DE_A_RMSlopeW_2.DisplayName,금속 제방 경사 이중 높이,-
Knatte.DE_A_RMSlopeW_3.DisplayName,금속 제방 경사 트리플 높이,-
Knatte.DE_A_RMSlopeW.Description,"물의 흐름을 완전히 차단하는 골풀 금속 경사
수로 스타일입니다.",-
Knatte.DE_A_RMSlopeW.FlavorDescription,물이 통과하지 않습니다,-
Knatte.DE_A_RMSlopeS.DisplayName,장식 금속 계단,-
Knatte.DE_A_RMSlopeS.Description,리브 메탈 댐을 밟아보세요. 아쿠에덕트 스타일로.,-
Knatte.DE_A_RMSlopeS.FlavorDescription,물 차단 안 함,-
Knatte.DE_A_RMToolGroup.Decoration,장식 블록,-
Knatte.DE_A_RMCategoryDam.DisplayName,수로 금속 장식,-
Knatte.DE_A_RMCategoryDam.Des,물 차단 안 함,-
Knatte.DE_A_RMCategoryLevees.DisplayName,형태가 있는 수로 금속 제방,-
Knatte.DE_A_RMCategoryLeveesSQ.DisplayName,정사각형 수로 금속 제방,-
Knatte.DE_A_RMCategoryDam2.DisplayName,수로 금속 장식,-
Knatte.DE_A_RMCategoryDamSQ.DisplayName,수로 금속 장식 SQ,-
Knatte.DE_A_RMCategoryDam2.Des,물 차단 안 함,-
Knatte.DE_A_RMDoubleInvSlope.DisplayName,금속 이중 역방향 경사,-
Knatte.DE_A_RMDoubleInvSlope.Description,"홈이 있는 금속 제방과 뒤집힌 경사 조합
수로 스타일로.",-
Knatte.DE_A_RMDoubleInvSlope.FlavorDescription,다리를 건설하자,-
Knatte.DE_A_RMSquare1x2.DisplayName,장식 금속 큐브 1x2,-
Knatte.DE_A_RMSquare1x3.DisplayName,장식 금속 큐브 1x3,-
Knatte.DE_A_RMSquare_B.Description,"물은 차단하지 않지만 튀어나올 수 있는 골지 금속 정사각형.
수로 스타일로.",-
Knatte.DE_A_RMSquare_B.FlavorDescription,"봐, 떠 있어",-
Knatte.DE_A_RMInvSlope1x1.DisplayName,금속 반전 슬로프 1x1,-
Knatte.DE_A_RMInvSlope1x2.DisplayName,금속 역슬로프 1x2,-
Knatte.DE_A_RMInvSlope1x3.DisplayName,금속 역 경사 1x3,-
Knatte.DE_A_RMInvSlope2x1.DisplayName,금속 뒤집힌 경사 2x1,-
Knatte.DE_A_RMInvSlope.Description,물이 차단되지 않지만 튀어나올 수 있는 골판지 금속 사각형. 수로 스타일로.,-
Knatte.DE_A_RMInvSlope.FlavorDescription,나가자,-
Knatte.DE_A_RMInvTrapezium1x1.DisplayName,역삼각형 1x1,-
Knatte.DE_A_RMBlockDecoration.DisplaynameLocKey,아름다운 댐,-
Knatte.DE_A_RMInvSlopeW1x1.DisplayName,뒤집힌 금속 제방 경사 1x1,-
Knatte.DE_A_RMInvSlopeW1x2.DisplayName,역방향 금속 제방 경사 1x2,-
Knatte.DE_A_RMInvSlopeW1x3.DisplayName,뒤집힌 금속 제방 경사 1x3,-
Knatte.DE_A_RMInvSlopeW2x1.DisplayName,역방향 금속 제방 경사 2x1,-
Knatte.DE_A_RMInvSlopeW.Description,"튀어나올 수 있는 주름진 금속 사각형. 
배치 헥스 블록은 위/아래에서만 다른 블록과 물을 허용하며, 내구성이 있는 바닥처럼 작용합니다.
수로 스타일로.",-
Knatte.DE_A_RMInvSlopeW.FlavorDescription,나가자,-
Knatte.DE_A_RMInvTrapeziumW1x1.DisplayName,역탑형 금속 제방 1x1,-
Knatte.DE_A_RMDoubleInvSlopeW.Description,"양면이 protruding된 리브 메탈 스퀘어입니다. 배치 시 육각형 블록은 모든 물이 흘러내리도록 하고, 다른 블록은 위/아래에서만 작동하여 내장형 불투수 바닥처럼 기능합니다. 수로 스타일입니다.",-
Knatte.DE_A_RMDoubleInvSlopeW.FlavorDescription,다리를 건설합시다,-
