ID,Text,Comment
LV.BVM.ExpTitle,경험치: {0:0},-
LV.BVM.ExpDesc,{0:+0}% 작업 속도.,-
LV.BVM.ExpDescWithPending,{0:+0}% 작업 속도. {1:0.0} 작업 대기 중인 경험치.,-
LV.BVM.ExpDescBook,책 덕분에 보류 중인 추가 경험치,-
LV.BVM.Fitness,피트니스,-
LV.BVM.FitnessTitle,체력: {0},-
LV.BVM.FitnessDesc,"{0:+0}% 이동 속도 및 수송 능력.  
오늘 남은 시간: {1:0.0} 시간",-
LV.BVM.DeteriorationTitle,내구도: {0:0%},-
LV.BVM.DeteriorationDesc,{0:0.0%} 작업 속도 및 {1:0.0%} 이동 속도.,-
LV.BVM.LowFitnessStatusDesc,이 비버는 체력을 회복하기 위해 더 많은 시간을 밖에서 보내야 합니다.,-
LV.BVM.LowFitnessStatusDescShort,부적합,-
LV.BVM.UpdateText710,"비버는 이제 특정 건물 안에 있을 때 ×1.5 피트니스 시간을 얻으며, 더 이상 아무것도 얻지 못하지 않습니다:/n- 포크테일: 동력 휠, 수영장, 무도회관./n- 아이언 티스: 대형 동력 휠, 수영장 및 운동광장./n<RedHighlight><b>IT에 대한 중요 사항:</b></RedHighlight> 이 업데이트는 아이언 티스에 종이와 책을 추가하는 기능을 제거합니다. 대신 '아이언 티스를 위한 종이와 책'이라는 선택적 모드가 있습니다. 이전에 이 모드로 만들어진 건물이나 상품이 있는 경우 계속하기 전에 해당 모드에 구독해 주시기 바랍니다.",-
