ID,Text,Comment
Building.PhoenixPod.Description,아이언 티스에서 영감을 받은 엠버펠츠는 이 포드를 사용하여 인구 증가를 보완합니다.,-
Building.PhoenixPod.DisplayName,피닉스 포드,-
Building.AdvancedPhoenixPod.Description,"성숙한 비버를 생산하기 위해 고급 번식 과정을 이용하며, 이들은 일할 준비가 되어 있습니다.",-
Building.AdvancedPhoenixPod.DisplayName,고급 피닉스 포드,-
Building.AdvancedPhoenixPod.FlavorDescription,"불과 재 속에서 그들이 다시 태어나도록, 불사조처럼.",-
