ID,Text,Comment
LV.MWSb.Skyblight,하늘의 재앙,-
LV.MWSb.SkyblightStrength,재앙 강도,-
LV.MWSb.SkyblightStrengthDesc,"역병이 물로 얼마나 빠르게 퍼지는지 (%/틱).
각 게임 틱(0.6초)마다 물의 일부가 나쁜 물로 변합니다.
예를 들어, 기본값인 0.1%에서는 새로운 담수 없이 
저수지가 1000틱/600초 후(게임 일 약 1.5일)에 100% 오염됩니다.",-
LV.MWSb.Badrain,배수관,-
LV.MWSb.BadrainLimitMoisture,습기 범위 제한,-
LV.MWSb.BadrainLimitMoistureDesc,나쁜 비가 활성화될 때 토지가 수분을 얻는 범위를 제한합니다.,-
LV.MWSb.BadrainMoistureRange,제한된 습도 범위,-
LV.MWSb.BadrainMoistureRangeDesc,바드레인이 활성화될 때의 최대 습기 범위입니다.,-
LV.MWSb.BadrainContamination,잦은 토양 오염,-
LV.MWSb.BadrainContaminationDesc,나쁜 비가 활성화될 때마다 가끔씩 땅을 오염시킵니다.,-
LV.MWSb.BadrainContaminationDuration,오염 지속 시간,-
LV.MWSb.BadrainContaminationDurationDesc,나쁜 비가 활성화될 때 땅이 오염되는 기간(일),-
LV.MWSb.BadrainClearDuration,지속 시간 지우기,-
LV.MWSb.BadrainClearDurationDesc,악천후가 활성화될 때 오염이 없는 상태가 유지되는 기간(일).,-
LV.MWSb.Update704,"Skyblight 강도 설정 단위가 ‰ 대신 %로 변경되었습니다.
소수점을 사용하여 더 작은 숫자로 설정할 수도 있습니다.
기본값은 0.1%로 설정되어 있으며, 이전 기본 설정보다 5배 느립니다.",-
LV.MWSb.SkyblightDesc,위험한 날씨: 모든 물이 시간이 지나면서 오염됩니다. 저장 중인 물(탱크)에는 영향을 미치지 않습니다.,-
LV.MWSb.BadrainDesc,"위험한 날씨: 스카이 블라이트와 같은 효과 및 선택 가능한 추가 효과:
- 수분 범위 제한: 당신의 땅은 훨씬 더 작은 범위의 수분만 유지할 수 있습니다.
- 토지 오염: 땅은 가끔씩 오염됩니다.",-
