ID,Text,Comment
LV.DF.BirchDays,자작나무의 날,-
LV.DF.BirchDaysDesc,자작나무가 다 자란 후 얼마나 많은 날이 지나야 다이스기 로그를 생산하나요,-
LV.DF.BirchLogs,자작나무 통나무,-
LV.DF.BirchLogsDesc,다이수기 통나무를 수확할 때 자작나무가 주는 로그의 수,-
LV.DF.BirchHarvest,자작나무 수확 시간,-
LV.DF.BirchHarvestDesc,자작나무를 다이스기 로그로 수확하는 데 걸리는 시간(시간)은 얼마나 됩니까?,-
LV.DF.BirchPlank,자작나무로 판자를 생산합니다,-
LV.DF.BirchPlankDesc,활성화되면 자작나무는 다이스기 통나무를 수확할 때 통나무 대신 판자를 생산합니다.,-
LV.DF.OakDays,참나무의 날,-
LV.DF.OakDaysDesc,참나무가 성숙한 후 며칠이 지나야 다이스기 로그를 제공하는지,-
LV.DF.OakLogs,참나무 통나무,-
LV.DF.OakLogsDesc,다이-su기 로그를 위해 수확할 때 참나무가 주는 통나무의 수,-
LV.DF.OakHarvest,참나무 수확 시간,-
LV.DF.OakHarvestDesc,다이수기 로그를 위해 오크 나무를 수확하는 데 얼마나 걸리나요 (시간)?,-
LV.DF.OakPlank,참나무가 판자를 생산합니다,-
LV.DF.OakPlankDesc,"활성화되면, 떡갈나무는 다이스기 로그를 위해 수확할 때 통나무 대신 판자를 생산합니다.",-
LV.DF.ChangeSettingsNote,"게임 중간에 설정을 변경하는 경우 세이브를 다시 로드해야 하지만, 언제든 수동으로 설정을 변경하거나 이러한 난이도 템플릿을 사용할 수 있습니다.",-
