ID,Text,Comment
Seasons.Spring,봄,-
Seasons.Summer,여름,-
Seasons.Autumn,가을,-
Seasons.Winter,겨울,-
Grauschweif.Seasons.Effect.GrowthBoost,성장 증가: <GreenHighlight>🡅</GreenHighlight>{0:0.#}%,-
Grauschweif.Seasons.Effect.GrowthSlowdown,성장 지연: <RedHighlight>🡇</RedHighlight>{0:0.#}%,-
Grauschweif.Seasons.Effect.DryingSlowdown,건조 속도 감소: <GreenHighlight>🡇</GreenHighlight>{0:0.#}%,-
Grauschweif.Seasons.Effect.DryingBoost,건조 증가: <RedHighlight>🡅</RedHighlight>{0:0.#}%,-
Grauschweif.Seasons.Effect.YieldBoost,수확량 성장 증가: <GreenHighlight>🡅</GreenHighlight>{0:0.#}%,-
Grauschweif.Seasons.Effect.YieldSlowdown,수확 성장 둔화: <RedHighlight>🡇</RedHighlight>{0:0.#}%,-
Grauschweif.Seasons.Effect.WaterSourceStrengthBoost,강화 효과: <GreenHighlight>🡅</GreenHighlight>{0:0.#}%,-
Grauschweif.Seasons.Effect.WaterSourceStrengthSlowdown,힘 감소: <RedHighlight>🡇</RedHighlight>{0:0.#}%,-
Grauschweif.Seasons.Effect.WaterSourceContaminationBoost,오염: <RedHighlight>🡅</RedHighlight>{0:0.#}%,-
Grauschweif.Seasons.Effect.WaterSourceContaminationSlowdown,오염: <GreenHighlight>🡇</GreenHighlight>{0:0.#}%,-
Grauschweif.Seasons.Effect.NeedChangeBoost,<GreenHighlight>+{0:0.#}</GreenHighlight> 하루당,-
Grauschweif.Seasons.Effect.NeedChangeSlowdown,<RedHighlight>{0:0.#}</RedHighlight> 매일,-
Grauschweif.Season.Weather.Badtide.Autumn,나쁜 조수,-
Grauschweif.Season.Weather.Badtide.Spring,나쁜 조수,-
Grauschweif.Season.Weather.Badtide.Summer,나쁜 조수,-
Grauschweif.Season.Weather.Badtide.Winter,"""Bad Tide""의 번역은 ""악조""입니다.",-
Grauschweif.Season.Weather.Drought.Autumn,가뭄,-
Grauschweif.Season.Weather.Drought.Spring,가뭄,-
Grauschweif.Season.Weather.Drought.Summer,가뭄,-
Grauschweif.Season.Weather.Drought.Winter,가뭄,-
Grauschweif.Season.Weather.Monsoon.Autumn,몬순,-
Grauschweif.Season.Weather.Monsoon.Summer,몬순,-
Grauschweif.Season.Weather.Monsoon.Winter,몬순,-
Grauschweif.Season.Weather.Rain.Autumn,비,-
Grauschweif.Season.Weather.Rain.Spring,비,-
Grauschweif.Season.Weather.ShortTemperate.Summer,짧은 온대,-
Grauschweif.Season.Weather.Snow.Winter,눈,-
Grauschweif.Season.Weather.SurprisinglyRefreshing.Autumn,놀랍도록 상쾌한,-
Grauschweif.Season.Weather.SurprisinglyRefreshing.Spring,놀랍도록 상쾌한,-
Grauschweif.Season.Weather.Temperate.Autumn,온대,-
Grauschweif.Season.Weather.Temperate.Spring,온화한,-
Grauschweif.Season.Weather.Temperate.Summer,온대,-
Grauschweif.Season.Weather.Temperate.Winter,온대,-
