ID,Text,Comment
LV.EQ.Earthquake,지진,-
LV.EQ.EarthquakeDesc,위험한 날씨: 건물을 무작위로 파손시키고 물의 급증을 일으킵니다.,-
LV.EQ.MinStr,최소 강도,-
LV.EQ.MinStrDesc,지진의 최소 강도. 건물에 줄 수 있는 HP의 양. 핸디캡의 영향을 받습니다.,-
LV.EQ.MaxStr,최대 힘,-
LV.EQ.MaxStrDesc,"지진의 최대 강도. 건물에 가할 수 있는 HP 양.
핸디캡의 영향을 받습니다.",-
LV.EQ.SurgeStr,물 물결 강도,-
LV.EQ.SurgeStrDesc,지진 급증이 발생할 때 모든 물은 이 양(%)만큼 '확장'됩니다.,-
LV.EQ.MinFreq,최소 주파수 (일),-
LV.EQ.MinFreqDesc,지진 발생 간 최소 시간(일 단위),-
LV.EQ.MaxFreq,최대 주파수 (일),-
LV.EQ.MaxFreqDesc,"지진 발생 간 최대 시간, 일 수 기준",-
LV.EQ.DamageStatus,"건물이 최근에 지진으로 피해를 입었고, 차단된 상태입니다.",-
LV.EQ.DamageStatusShort,지진으로 피해를 입음,-
LV.EQ.ResultNotification,"지진이 당신의 식민지 ({0}, {1}) 근처에서 발생했습니다:
{2}",-
LV.EQ.BuildingDamageNotf,• {0} 건물이 손상되었습니다.,-
LV.EQ.ConstructionDamageNotf,• {0} 건물이 지연되었습니다.,-
LV.EQ.ExplosivesNotf,• {0} 폭발물이 폭발했습니다.,-
LV.EQ.ExplosiveStorageNotf,• {0} 폭발물 창고가 파괴되었습니다.,-
LV.EQ.ItemsLostNotf,• 창고에서 쏟아진 아이템:,-
LV.EQ.ItemLostNotf,• {0} {1}이(가) 저장소에서 쏟아졌습니다.,-
LV.EQ.BeaversInjuredNotf,• {0} 해머리부상당한 비버.,-
LV.EQ.BotsDamagedNotf,• {0} 로봇이 손상되었습니다.,-
LV.EQ.RenoEqGroup,지진,-
LV.EQ.EqDamageReduction,강화된 기초,-
LV.EQ.EqDamageReductionDesc,지진 피해를 {0:0%}만큼 영구적으로 감소시킵니다.,-
LV.EQ.EqDamageReductionFlavor,"바닥 빔이 서로 연결되고 교차 보강되어, 구조 전체에 걸쳐 지진에 대한 스트레스를 분산시킵니다.",-
LV.EQ.EqImmunity,충격 흡수 구조물,-
LV.EQ.EqImmunityDesc,다음 {0}회의 타격 동안 지진 피해에 면역이 됩니다.,-
LV.EQ.EqImmunityFlavor,스프링처럼 끼인 통나무들이 땅이 흔들릴 때 전체가 튕겨 오르게 만듭니다. 재미있지만 안전해요!,-
LV.EQ.EqDurability,지진 공생,-
LV.EQ.EqDurabilityDesc,"다음 지진이 발생할 때, 이 건물의 내구성을 영구적으로 {0:+0%} 증가시킵니다. 한 번만 적용될 수 있습니다. 또한 그 타격에 대한 면역을 제공합니다.",-
LV.EQ.EqDurabilityFlavor,건축가들은 땅이 요동치면 그들의 작업이 더 강해진다고 자랑합니다.,-
LV.EQ.EqPileReinforced,강화 저장소,-
LV.EQ.EqPileReinforcedDesc,지진 동안 보관된 물품이 쏟아지는 것을 방지합니다.,-
LV.EQ.EqPileReinforcedFlavor,강력한 보강과 더 조밀한 결속이 지면이 흔들릴 때 자재가 헐겁게 떨어지지 않도록 유지합니다.,-
LV.EQ.EqPileReinforcedErr,이 개조는 저장 건물에만 적용될 수 있습니다.,-
LV.EQ.EqImmunityStatus,다음 {0} 번의 지진이 이 건물에 영향을 미치지 않습니다.,-
LV.EQ.EqDurabilityDormant,{0} (휴면),-
LV.EQ.EqDurabilityActive,{0} (활성),-
LV.EQ.EqDurabilityActiveDesc,내구도가 {0:+0%}만큼 증가했습니다.,-
LV.EQ.InjuryChance,부상 확률 (%),-
LV.EQ.InjuryChanceDesc,지진 피해 지역에 있을 때 비버가 다치고 로봇이 손상될 확률,-
LV.EQ.BotDurabilityLoss,봇 내구도 손실 (%),-
LV.EQ.BotDurabilityLossDesc,지진으로 피해를 입었을 때 로봇이 잃는 내구성의 양,-
LV.EQ.EqBlocked,지진으로 차단됨,-
LV.EQ.EqBlockedDesc,"무슨 난리야! 이 건물은 최근 지진으로 피해를 입었고, 청소가 필요하다. 그때까지는 특정 기능이 차단될 수 있다.",-
