ID,Text,Comment
LV.CTB.Ungrouped,그룹이 아님,-
LV.CTB.Id,아이디:,-
LV.CTB.Name,이름:,-
LV.CTB.Icon,아이콘:,-
LV.CTB.GoodList,상품:,-
LV.CTB.SelectIcon,아이콘 선택,-
LV.CTB.GroupHeader,그룹: {0} ({1}),-
LV.CTB.GoodGroups,좋은 그룹,-
LV.CTB.Goods,상품,-
LV.CTB.Filter,필터,-
LV.CTB.AddGroup,그룹 추가,-
LV.CTB.DeleteGroup,그룹 삭제,-
LV.CTB.MoveHere,선택한 물품을 여기로 이동,-
LV.CTB.NewGroup,이름 없는 그룹,-
LV.CTB.DeleteConfirm,그룹 '{0}'를 정말 삭제하시겠습니까? 이 그룹의 모든 물품이 '그룹화되지 않음'으로 이동됩니다.,-
LV.CTB.ResetNotice,설정이 초기화되었습니다. 모드가 제대로 재초기화할 수 있도록 게임을 재시작해 주세요.,-
