ID,Text,Comment
Knatte.PowerLevee.DisplayName,Zasilany rękaw,-
Knatte.PowerLevee.Description,"Tam, gdzie jest wał, aby zasilać pompy. Zarówno poziome, jak i pionowe.",-
Knatte.UPowerLevee.DisplayName,Uniwersalne zasilane rękawy,-
Knatte.UPowerLevee.Description,"Wał, który ma w sobie wałek do zasilania pomp. Połączony ze wszystkich stron.",-
Knatte.LargeWaterWheelLevee.DisplayName,Duże Koło Wodnego z Wałem,-
Knatte.LargeWaterWheelLevee.Description,"Koło wodne, które ma również nachyloną wał, aby pomóc utrzymać wodę w obrębie kanałów i zapobiec jej przelewaniu się.",-
Knatte.TurbineSmall.DisplayName,Turbina mała,-
Knatte.TurbineSmall.Description,"Mała turbina, która generuje moc w tym samym kierunku co wał.",-
Knatte.TurbineSmall.FlavorDescription,Dzięki 99Cent i Ymerzeru za inspirację,-
Knatte.TurbineBig.DisplayName,Duża turbina,-
Knatte.TurbineBig.Description,"Duża turbina, która wytwarza moc w tym samym kierunku co wał",-
Knatte.TurbineBig.FlavorDescription,"Albo wielkie rzeczy, albo do domu",-
