ID,Text,Comment
HB.BrokenTeeth,Wyłącz zepsute zęby,-
HB.BrokenTeethDesc,Wyłącz uszkodzone zęby,-
HB.BeeSting,Wyłącz użądlenie pszczoły,-
HB.BeeStingDesc,Wyłącz żądło pszczoły,-
HB.BadwaterContamination,Wyłącz zanieczyszczenie wody z Badwater,-
HB.BadwaterContaminationDesc,"Wyłącz zanieczyszczenie wody z Badwater, bobry wciąż cierpią, gdy mają kontakt z Badwater, ale woda ta nie będzie zanieczyszczona.",-
HB.Injury,Wyłącz kontuzję,-
HB.InjuryDesc,Wyłącz kontuzję,-
