ID,Text,Comment
Cadre.Group.Bombs.DisplayName,Bomby,-
Cadre.DimBomb.DisplayName,Przyciemniona bomba,-
Cadre.DimBomb.Description,"Bomba, która nigdy nie powinna być widoczna dla gracza",-
Cadre.DimBomb.FlavorDescription,"Dynamit, który wysadza do 3 bloków w dół",-
Cadre.LitBomb.DisplayName,Zapalona bomba,-
Cadre.LitBomb.Description,"Bomba, która nigdy nie powinna być widoczna dla gracza",-
Cadre.LitBomb.FlavorDescription,"Dynamit, który wysadza do 3 bloków w dół",-
Cadre.Quadramite.DisplayName,Quadramit,-
Cadre.Quadramite.Description,"Dynamit, który wybucha na głębokość do 4 bloków.",-
Cadre.Quadramite.FlavourDescription,"Dynamit, który wybucha do 4 bloków w dół",-
Cadre.Quintamite.DisplayName,Quintamite,-
Cadre.Quintamite.Description,"Dynamit, który wybucha na głębokości do 5 bloków.",-
Cadre.Quintamite.FlavourDescription,"Dynamit, który wybucha do 5 bloków w dół",-
Cadre.Hexamite.DisplayName,Hexamit.,-
Cadre.Hexamite.Description,"Dynamit, który wybucha do 6 bloków w dół.",-
Cadre.Hexamite.FlavourDescription,"Dynamit, który wybucha do 6 bloków w dół",-
Cadre.Septamite.DisplayName,Septamit,-
Cadre.Septamite.Description,"Dynamit, który wybucha w dół na głębokość do 7 bloków.",-
Cadre.Septamite.FlavourDescription,"Dynamit, który wybucha na głębokość do 7 bloków.",-
Cadre.Octamite.DisplayName,Oktamitycznie,-
Cadre.Octamite.Description,"Dynamit, który wybucha do 8 bloków w dół",-
Cadre.Octamite.FlavourDescription,"Dynamit, który wybucha na głębokość do 8 bloków.",-
Cadre.Nonamite.DisplayName,Nonamite,-
Cadre.Nonamite.Description,"Dynamit, który wybucha na głębokość do 9 bloków.",-
Cadre.Nonamite.FlavourDescription,"Dynamit, który wybucha na głębokość do 9 bloków.",-
Cadre.Decamite.DisplayName,Dekamity,-
Cadre.Decamite.Description,"Dynamit, który wybucha na głębokość do 10 bloków.",-
Cadre.Decamite.FlavourDescription,"Dynamit, który wybucha do 10 bloków w dół",-
Cadre.Undecamite.DisplayName,Undekamityczny,-
Cadre.Undecamite.Description,"Dynamit, który wybucha na głębokość do 11 bloków.",-
Cadre.Undecamite.FlavourDescription,"Dynamit, który wybucha do 11 bloków w dół",-
Cadre.Dodecamite.DisplayName,Dodekamit,-
Cadre.Dodecamite.Description,"Dynamit, który wybucha do 12 bloków w dół",-
Cadre.Dodecamite.FlavourDescription,"Dynamit, który wybucha na głębokość do 12 bloków.",-
Cadre.Tredecamite.DisplayName,Tredecamit,-
Cadre.Tredecamite.Description,"Dynamit, który wybucha do 13 bloków w dół",-
Cadre.Tredecamite.FlavourDescription,"Dynamit, który wybucha do 13 bloków w dół.",-
Cadre.Quadradecamite.DisplayName,Kwadrodekamit,-
Cadre.Quadradecamite.Description,"Dynamit, który wybucha na głębokość do 14 bloków.",-
Cadre.Quadradecamite.FlavourDescription,"Dynamit, który wybucha na głębokość do 14 bloków.",-
Cadre.Quintadecamite.DisplayName,Quintadecamite,-
Cadre.Quintadecamite.Description,"Dynamit, który wybucha na głębokość do 15 bloków.",-
Cadre.Quintadecamite.FlavourDescription,"Dynamit, który wybucha na głębokość do 15 bloków.",-
Cadre.Hexadecamite.DisplayName,Hexadekamityna,-
Cadre.Hexadecamite.Description,"Dynamit, który wybucha do 16 bloków w dół",-
Cadre.Hexadecamite.FlavourDescription,"Dynamit, który wybucha do 16 bloków w dół",-
Cadre.DemonCore.DisplayName,Demoniczne jądro,-
Cadre.DemonCore.Description,Po umieszczeniu nie można zmienić zdania. Niszczy również obiekty na mapie,-
Cadre.DemonCore.FlavorDescription,<b>N</b>a <b>p</b>ewno najgorszy koszmar <b>jeża</b> :D,-
