ID,Text,Comment
IgorZ.CustomTools.ToolGroup.Main.DisplayName,Narzędzia,-
IgorZ.CustomTools.LockSelectTool.DescriptionHint,"Przytrzymaj <i>SHIFT</i>, aby wybrać tylko przedmioty jednego typu.",-
IgorZ.CustomTools.LockSelectTool.SelectingNObjects,Wybieranie: {0} (x{1}),-
IgorZ.CustomTools.LockSelectTool.SelectingObject,Wybieranie: {0},-
IgorZ.CustomTools.LockSelectTool.StartObjectSelectingPrompt,"Kliknij, aby rozpocząć wybieranie: {0}",-
IgorZ.CustomTools.LockSelectTool.StartSelectingPrompt,"Wskaź na obiekt i kliknij, aby rozpocząć wybieranie",-
IgorZ.CustomTools.DebugFinishNowTool.Description,Natychmiast kończy wybrane budowle.,-
IgorZ.CustomTools.DebugFinishNowTool.Title,Narzędzie do debugowania - zakończ teraz,-
IgorZ.CustomTools.PauseTool.Description,"Użyj tego narzędzia, aby wstrzymać budynki i miejsca budowy.",-
IgorZ.CustomTools.PauseTool.Title,Zatrzymaj budynki,-
IgorZ.CustomTools.ResumeTool.Description,"Użyj tego narzędzia, aby wznowić budynki i place budowy.",-
IgorZ.CustomTools.ResumeTool.Title,Wznów budynki,-
IgorZ.CustomTools.KeyBindingGroup,Mod Narzędzi Niestandardowych,-
