ID,Text,Comment
GreedyEmbers.biofuel,Bio-paliwo,-
GreedyEmbers.displayname,Chciwe Żarówki,-
GreedyEmbers.description,"Te ogniste futra były tak chciwe zabawy, że nauczyły się kochać wodę i dołączyły do podziału w ChciwychBudowniczych... którzy natychmiast zmienili swoją nazwę na ChciweOgnie :D",-
GreedyBots,ChciwyBot #,-
GreedyEmbers.WonderCompletion.Message,Świetna robota!,-
GreedyEmbers.WonderCompletion.Flavour,"To było niezłe wyzwanie, prawda? :D",-
GreedyEmbers.GameOver.Message,...Jak to zrobiłeś?,-
GreedyEmbers.GameOver.Flavour,"Chodź, stać cię na więcej!",-
GreedyEmberBots,Chciwy EmberBot #,-
GreedyEmbers.SoggyFur,Mokra sierść,-
GreedyEmbers.SoakedFur,Przemoknięta sierść,-
