ID,Text,Comment
GreedyCoats.biofuel,Biopaliwo,-
GreedyCoats.displayname,Chciwe Płaszcze,-
GreedyCoats.description,"Te Leafcoaty były tak chciwe różnorodności, że nauczyły się kochać wodę i dołączyły do podziału w GreedyBuilders... którzy szybko zmienili swoją nazwę na GreedyCoats :D",-
GreedyBots,ChciwyBot #,-
GreedyCoats.WonderCompletion.Message,Dobrze zrobione!,-
GreedyCoats.WonderCompletion.Flavour,"To było spore wysiłek, prawda? :D",-
GreedyCoats.GameOver.Message,...Jak to zrobiłeś?,-
GreedyCoats.GameOver.Flavour,"Chodź, stać cię na więcej!",-
GreedyEmberBots,Greedy CoatsBot #,-
GreedyCoatBots,Chciwy Kapeluszobot #,-
