ID,Text,Comment
evaporation.settings.enablemod,Włącz mod,-
evaporation.settings.enablemod.desc,Przełącza cały mod włączony lub wyłączony.,-
evaporation.settings.coveredevaporationrate,Pokryta szybkość parowania,-
evaporation.settings.coveredevaporationrate.desc,"Jak wolno lub szybko woda pokryta paruje w porównaniu do wanilii. 100% = wanilia, 1% to 100 razy wolniej.",-
evaporation.settings.maxsearchheight,Wysokość wyszukiwania pokrycia,-
evaporation.settings.maxsearchheight.desc,"Jak wysoko nad wodą szukać osłony. Wyższe wartości wykrywają wyższe struktury, ale mogą wpływać na wydajność na dużych mapach.",-
evaporation.settings.updateinterval,Sprawdź częstotliwość,-
evaporation.settings.updateinterval.desc,"Jak często aktualizować wykrywanie pokrycia (1=szybciej, 10=wolniej). Orientacyjnie: 1≈pół dnia, 5≈2 dni, 10≈tydzień.",-
