ID,Text,Comment
BotKits.Recipe.FolktailsBotKits,Zestawy BotKits Folktails,-
BotKits.Good.FolktailsBotKit.DisplayName,Folktails BotKit,-
BotKits.Good.FolktailsBotKit.PluralDisplayName,Zestawy BotKits Folktails,-
BotKits.Recipe.IronTeethBotKits,IronTeeth Zestawy Botów,-
BotKits.Good.IronTeethBotKit.DisplayName,IronTeeth BotKit,-
BotKits.Good.IronTeethBotKit.PluralDisplayName,Zestawy BotKits IronTeeth,-
BotKits.Recipe.EmberpeltsBotKits,Zestawy BotKits Emberpelts,-
BotKits.Good.EmberpeltsBotKit.DisplayName,Zestaw Botów Emberpelts,-
BotKits.Good.EmberpeltsBotKit.PluralDisplayName,Zestawy BotKits Emberpelts,-
