ID,Text,Comment
LV.CFac.RemoveDup,Spróbuj usunąć duplikaty (wymagany restart),-
LV.CFac.RemoveDupDesc,"Spróbuj usunąć budynki o podobnych nazwach, gdy wszystkie frakcje je posiadają (jak Ścieżki lub Platformy).",-
LV.CFac.AddPlants,Dodaj rośliny (uprawy i drzewa),-
LV.CFac.AddPlantsDesc,"Możesz uprawiać rośliny i drzewa innych frakcji. Musisz dodać Wodny Dom Folktails do wszystkich innych frakcji, aby zapobiec awarii.",-
LV.CFac.AddPlantsNotif,"Musisz dodać Aquatic Farmhouse do Iron Teeth, w przeciwnym razie nastąpi awaria podczas ładowania dla Iron Teeth.",-
LV.CFac.NoBotNeeds,Nie dodawaj potrzeb bota.,-
LV.CFac.NoBotNeedsDesc,"Nie dodawaj potrzeb Bota do innych frakcji (Biopaliwo i Energia).
Nie wolno dodawać budynku produkcji biopaliwa (Rafineria) do Żelaznych Zębów, ponieważ gra zawiesi się przy jego budowie.",-
LV.CFac.NoBotNeedsNotif,"Nie wolno dodawać budynku produkcji biopaliwa (rafinerii) do Żelaznych Zębów, ponieważ gra zawiesi się podczas jego budowy.",-
