ID,Text,Comment
Knatte.Subgroup_MGShafts.DisplayName,Wały,-
Knatte.Subgroup_MGPower.DisplayName,Generatory prądu,-
Knatte.Subgroup_MGPiles.DisplayName,Hemoroidy,-
Knatte.Subgroup_MGWarehouses.DisplayName,Magazyny,-
Knatte.Subgroup_MGTanks.DisplayName,Czołgi,-
Knatte.Subgroup_MGAqueduct.DisplayName,Akwedukty,-
Knatte.Subgroup_MGFloodgates.DisplayName,Zaporowe bramy,-
Knatte.Subgroup_MGAqueduct_Floors.DisplayName,Podłogi akweduktu,-
Knatte.Subgroup_MGDynamite.DisplayName,Dynamity,-
Knatte.Subgroup_MGRoofs.DisplayName,Dachy,-
Knatte.Subgroup_MGLevees.DisplayName,Wały przeciwpowodziowe,-
Knatte.Subgroup_MGPipe.DisplayName,Rury,-
Knatte.Subgroup_MGMetalPlatform.DisplayName,Metalowe platformy,-
Knatte.Subgroup_MGMetalOverhang.DisplayName,Metalowe nawisy,-
Knatte.Subgroup_MGBigMetalPillar.DisplayName,Duże metalowe filary,-
Knatte.Subgroup_MGOverhangs.DisplayName,Nawisy,-
Knatte.Subgroup_MGZiplines.DisplayName,Zipliny,-
Knatte.Subgroup_MGArchs.DisplayName,Łuki,-
Knatte.Subgroup_MGTubeways.DisplayName,Rurowe przejścia,-
Knatte.Subgroup_MGBridges.DisplayName,Mosty wiszące,-
Knatte.Subgroup_MGPillars.DisplayName,Filary,-
Knatte.Subgroup_MGPlatforms.DisplayName,Platformy,-
Knatte.Subgroup_MGStaircase.DisplayName,Schody,-
