ID,Text,Comment
ToolGroups.PoweredRoofs,Zasilane Dachy,-
Building.PoweredRoof1x1.DisplayName,Dach zasilany 1x1,-
Building.PoweredRoof1x2.DisplayName,Zasilany Dach 1x2,-
Building.PoweredRoof2x2.DisplayName,Zasilany dach 2x2,-
Building.PoweredRoof2x3.DisplayName,Zasilany Dach 2x3,-
Building.PoweredRoof3x2.DisplayName,Zasilany Dach 3x2,-
Building.PoweredHalfRoof1x1.DisplayName,Prądowy pół dach 1x1,-
Building.PoweredHalfRoof1x2.DisplayName,Zasilany półdach 1x2,-
Building.PoweredHalfRoof2x1.DisplayName,Półdach z napędem 2x1,-
Building.PoweredHalfRoof2x2.DisplayName,Zasilany pół dach 2x2,-
Building.PoweredHalfRoof3x2.DisplayName,Zasilany dach pół 3x2,-
Building.PoweredHalfRoof2x3.DisplayName,Zasilany pół dach 2x3,-
Building.PoweredRoof.FlavorDescription,"Te dachy zawierają szyb, dzięki czemu przekazują energię!",-
