ID,Text,Comment
LV.CFun.PointMul,Mnożnik efektu,-
LV.CFun.PointMulDesc,"Jak szybko rośnie punkt potrzeby dla budynków atrakcji. 
1 to domyślny ustawienie w grze, wyższa wartość oznacza szybszy wzrost (łatwiejsze), niższa wartość oznacza wolniejszy wzrost (trudniejsze).",-
LV.CFun.CapacityMul,Multiplikator pojemności,-
LV.CFun.CapacityMulDesc,"Multiplikuj pojemność budynków atrakcji. Zaokrąglone w dół z minimum 1. 
1 to domyślna wartość w grze, wyższe to większa pojemność (łatwiejsze), niższe to mniejsza pojemność (trudniejsze).
Na przykład, 1.5 oznacza, że Ognisko (domyślnie 5 miejsc) miałoby 7 miejsc.",-
LV.CFun.CapacityAdd,Dodatek do pojemności,-
LV.CFun.CapacityAddDesc,Zwiększa pojemność budynków atrakcji. Po pomnożeniu.,-
LV.CFun.RangeMul,Mnożnik zasięgu,-
LV.CFun.RangeMulDesc,"Pomnóż zasięg budynków przyciągających. Zaokrąglone w dół z minimalną wartością 1.  
1 to domyślna wartość w grze, wyższa oznacza większy zasięg (łatwiej), niższa oznacza mniejszy zasięg (trudniej).  
Na przykład 1,5 oznacza, że Pomnik Rolnika (domyślny zasięg 7 płytek) miałby zasięg 10 płytek.",-
LV.CFun.RangeAdd,Dodawanie zasięgu,-
LV.CFun.RangeAddDesc,Zwiększ zasięg budynków przyciągania. Po pomnożeniu.,-
