ID,Text,Comment
ToolGroups.Tunneling,Tunelowanie,-
Building.VerticalTubewayTunnel.Description,"Tunel w terenie, zastępując go pionowym tunelą. Użyj narzędzia warstw, aby zobaczyć pod terenem lub strukturami.",-
Building.VerticalTubewayTunnel.DisplayName,Pionowy Tunel Rurociągowy,-
Building.VerticalPowerShaftTunnel.Description,"Tunel przez teren, zastępując go pionowym wałem mocy. Użyj narzędzia warstw, aby zobaczyć pod terenem lub strukturami.",-
Building.VerticalPowerShaftTunnel.DisplayName,Tunel Pionowej Wałowej Mocy,-
Building.PathTunnel.Description,"Tunel przez teren, zastępując go tylko Ścieżką. Użyj narzędzia warstw, aby zobaczyć pod terenem lub strukturami.",-
Building.PathTunnel.DisplayName,Tunel tylko dla ścieżki,-
Building.PathPlatformTunnel.Description,"Tunel przez teren, zastępując go Platformą i Ścieżką. Użyj narzędzia warstw, aby zobaczyć pod terenem lub strukturami.",-
Building.PathPlatformTunnel.DisplayName,Tunel ścieżki pod platformą,-
Building.TubewayPlatformTunnel.Description,"Tunel przez teren, zastępując go Platformą i Tubewaye. Użyj narzędzia warstw, aby zobaczyć pod terenem lub strukturami.",-
Building.TubewayPlatformTunnel.DisplayName,Tunel pod platformą Tubeway,-
Building.PowerShaftPlatformTunnel.Description,"Przejdź przez teren, zastępując go platformą i wałem mocy. Użyj narzędzia warstw, aby zobaczyć pod terenem lub strukturami.",-
Building.PowerShaftPlatformTunnel.DisplayName,Wał napędowy pod tunelem platformy,-
Building.LadderformTunnel.Description,"Przeprowadzaj tunel przez teren, zastępując go drabiną. Użyj narzędzia warstw, aby zobaczyć pod terenem lub strukturami.",-
Building.LadderformTunnel.DisplayName,Tunnel Drabiniasty,-
