ID,Text,Comment
IgorZ.Automation.CancelTool.Description,"Użyj tego narzędzia, aby oczyścić wszelką automatyzację w budynkach lub na placach budowy.",-
IgorZ.Automation.CancelTool.Title,Anuluj automatyzację,-
IgorZ.Automation.CheckAccessBlockCondition.Blocking.Description,<YellowHighlight>blokuje ścieżkę</YellowHighlight>,-
IgorZ.Automation.CheckAccessBlockCondition.NotBlocking.Description,<YellowHighlight>nie blokuje ścieżki</YellowHighlight>,-
IgorZ.Automation.CheckAccessBlockCondition.NotYetReachable,"Budowniczy jeszcze nie mogą się tam dostać, ale ścieżka jest w budowie.",-
IgorZ.Automation.CheckAccessBlockCondition.UnreachableAlert,Niedostępny plac budowy,-
IgorZ.Automation.CheckAccessBlockCondition.UnreachableStatus,Budowniczowie nie mogą znaleźć drogi do tej lokalizacji. Może nic tutaj nie można zbudować.,-
IgorZ.Automation.DebugPickTool.Description,Drukuje komponenty na wybranym obiekcie.,-
IgorZ.Automation.DebugPickTool.DescriptionHint1,"Naciśnij <i>SHIFT</i>, aby wydrukować Dostępne.",-
IgorZ.Automation.DebugPickTool.DescriptionHint2,"Przytrzymaj <i>CTRL</i>, aby wydrukować krawędzie NavMesh.",-
IgorZ.Automation.DebugPickTool.Title,Narzędzie do debugowania,-
IgorZ.Automation.ShowStatusAction.AutomationErrorAlert,Błąd automatyzacji,-
IgorZ.Automation.ShowStatusAction.AutomationErrorDescription,Niektóre zasady automatyzacji nie mogą być wykonane.,-
IgorZ.Automation.ShowStatusAction.HoldCompletionStatusText,Czekając na zakończenie budowy innych budynków,-
IgorZ.Automation.ShowStatusAction.HoldConstruction,<YellowHighlight>zatrzymaj zakończenie</YellowHighlight>,-
IgorZ.Automation.ShowStatusAction.ResumeConstruction,tworzenie CV,-
IgorZ.Automation.Tool.tmpl.2LevelsDynamite.DisplayName,Wybuchnij dynamit 2 razy,-
IgorZ.Automation.Tool.tmpl.3LevelsDynamite.DisplayName,Wybuchnij dynamit 3 razy.,-
IgorZ.Automation.Tool.tmpl.4LevelsDynamite.DisplayName,Eksploduj dynamit 4 razy,-
IgorZ.Automation.Tool.tmpl.5LevelsDynamite.DisplayName,Wybuchnij dynamit pięć razy.,-
IgorZ.Automation.Tool.tmpl.6LevelsDynamite.DisplayName,Wybuchnij dynamit 6 razy,-
IgorZ.Automation.Tool.tmpl.BadtideCloseFloodgate.Description,"Zastosuj szablon na zapory, które muszą się zamknąć, gdy zaczyna się zły przypływ.",-
IgorZ.Automation.Tool.tmpl.BadtideCloseFloodgate.DisplayName,Zamknij grodzie podczas złej pływowej.,-
IgorZ.Automation.Tool.tmpl.BadtideOpenFloodgate.Description,"Zastosuj ten szablon do śluz, które muszą się otworzyć, gdy zaczyna się zły przypływ.",-
IgorZ.Automation.Tool.tmpl.BadtideOpenFloodgate.DisplayName,Otwórz zastawę podczas złej pływy.,-
IgorZ.Automation.Tool.tmpl.BadtidePause.Description,"Zastosuj ten szablon do budynków, które powinny pozostać wstrzymane podczas złych przypływów.",-
IgorZ.Automation.Tool.tmpl.BadtidePause.DisplayName,Zatrzymanie w czasie złej pływy,-
IgorZ.Automation.Tool.tmpl.BeaversAtMax.Description,"Zastosuj ten szablon do budynków, które powinny działać tak długo, jak są wolne łóżka.",-
IgorZ.Automation.Tool.tmpl.BeaversAtMax.DisplayName,"Biegaj, aż populacja bobrów osiągnie maksimum.",-
IgorZ.Automation.Tool.tmpl.BeaversAtMinus10.Description,"Zastosuj ten szablon do budynków, które powinny pozostać wstrzymane, aż populacja bobrów spadnie o 10 bobrów poniżej obecnego poziomu.",-
IgorZ.Automation.Tool.tmpl.BeaversAtMinus10.DisplayName,Populacja bobrów -10,-
IgorZ.Automation.Tool.tmpl.BeaversAtMinus20.Description,"Zastosuj ten szablon do budynków, które powinny pozostać wstrzymane do momentu, gdy populacja bobrów spadnie o 20 bobrów poniżej obecnego poziomu.",-
IgorZ.Automation.Tool.tmpl.BeaversAtMinus20.DisplayName,Populacja bobrów -20,-
IgorZ.Automation.Tool.tmpl.BeaversAtPlus10.Description,"Zastosuj ten szablon do budynków, które powinny działać, aż populacja bobrów przekroczy obecny poziom o 10 bobrów.",-
IgorZ.Automation.Tool.tmpl.BeaversAtPlus10.DisplayName,Populacja bobrów +10,-
IgorZ.Automation.Tool.tmpl.BeaversAtPlus20.Description,"Zastosuj ten szablon do budynków, które powinny działać, dopóki populacja bobrów nie przekroczy obecnego poziomu o 20 bobrów.",-
IgorZ.Automation.Tool.tmpl.BeaversAtPlus20.DisplayName,Populacja bobrów +20,-
IgorZ.Automation.Tool.tmpl.BotsAtMinus10.Description,"Zastosuj ten szablon do budynków, które muszą pozostać wstrzymane, dopóki populacja bobrów nie spadnie o 10 poniżej obecnego poziomu.",-
IgorZ.Automation.Tool.tmpl.BotsAtMinus10.DisplayName,Populacja botów -10,-
IgorZ.Automation.Tool.tmpl.BotsAtMinus20.Description,"Zastosuj ten szablon do budynków, które muszą pozostać wstrzymane, aż populacja bobrów spadnie o 20 poniżej obecnego poziomu.",-
IgorZ.Automation.Tool.tmpl.BotsAtMinus20.DisplayName,Populacja botów -20,-
IgorZ.Automation.Tool.tmpl.BotsAtPlus10.Description,"Zastosuj szablon do budynków, które powinny działać, aż populacja botów przekroczy obecny poziom o 10 botów.",-
IgorZ.Automation.Tool.tmpl.BotsAtPlus10.DisplayName,Populacja botów +10,-
IgorZ.Automation.Tool.tmpl.BotsAtPlus20.Description,"Zastosuj ten szablon do budynków, które powinny działać, dopóki populacja botów nie przekroczy obecnego poziomu o 20 botów.",-
IgorZ.Automation.Tool.tmpl.BotsAtPlus20.DisplayName,Populacja botów +20,-
IgorZ.Automation.Tool.tmpl.ChainedBuildings.Description,"Zastosuj ten szablon do placów budowy, które mogą blokować drogi do wejścia dla budowniczych. Uwaga: Wyniki nie są gwarantowane, szczególnie jeśli budynki nie są na tym samym poziomie.",-
IgorZ.Automation.Tool.tmpl.ChainedBuildings.DisplayName,Nie blokuj budowniczych,-
IgorZ.Automation.Tool.tmpl.DroughtCloseFloodgate.Description,"Zastosuj ten szablon na zaporach, które powinny się zamykać, gdy zaczyna się susza.",-
IgorZ.Automation.Tool.tmpl.DroughtCloseFloodgate.DisplayName,Zamknij wrota floodgate podczas suszy,-
IgorZ.Automation.Tool.tmpl.DroughtOpenFloodgate.Description,"Zastosuj ten szablon do tam, które powinny się otworzyć, gdy zaczyna się susza.",-
IgorZ.Automation.Tool.tmpl.DroughtOpenFloodgate.DisplayName,Otwórz wrota tamy podczas suszy.,-
IgorZ.Automation.Tool.tmpl.DroughtOpenFlowControl.Description,"Zastosuj ten szablon do regulatorów wodnych, które muszą być otwarte podczas suszy.",-
IgorZ.Automation.Tool.tmpl.DroughtOpenFlowControl.DisplayName,Regulator wody otwartej podczas suszy,-
IgorZ.Automation.Tool.tmpl.DroughtPause.Description,"Zastosuj ten szablon do budynków, które powinny pozostać wstrzymane podczas suszy.",-
IgorZ.Automation.Tool.tmpl.DroughtPause.DisplayName,Pauza podczas suszy,-
IgorZ.Automation.Tool.tmpl.EmptyAt50pct.DisplayName,"Opróżnij pamięć, jeśli pojemność jest powyżej 50%.",-
IgorZ.Automation.Tool.tmpl.EmptyAt60pct.DisplayName,"Opróżnij pamięć, jeśli pojemność przekracza 60%.",-
IgorZ.Automation.Tool.tmpl.EmptyAt70pct.DisplayName,"Opróżnij pamięć, jeśli pojemność przekracza 70%.",-
IgorZ.Automation.Tool.tmpl.EmptyAt80pct.DisplayName,"Opróżnij pamięć, jeśli pojemność jest powyżej 80%.",-
IgorZ.Automation.Tool.tmpl.EmptyAt90pct.DisplayName,"Opróżnij pamięć, jeśli pojemność przekracza 90%.",-
IgorZ.Automation.Tool.tmpl.EmptyAtXpct.Description,"Ten szablon może być stosowany do budynków, które produkują jeden rodzaj towaru i nie mają zapasów surowców. Jeśli poziom zapasów <i>wyjściowych</i> przekroczy ustalony próg, budynek przejdzie w tryb 'pusty', co ułatwi szybkie usuwanie towarów.",-
IgorZ.Automation.Tool.tmpl.TemperateCloseFloodgate.Description,"Zastosuj ten szablon do tam, które muszą się zamknąć, gdy zaczyna się sezon temperaturowy.",-
IgorZ.Automation.Tool.tmpl.TemperateCloseFloodgate.DisplayName,Zamknij grobowiec w czasie umiarkowanej pogody,-
IgorZ.Automation.Tool.tmpl.TemperateOpenFloodgate.Description,"Zastosuj ten szablon do tam, które muszą się otworzyć, gdy zaczyna się sezon umiarkowany.",-
IgorZ.Automation.Tool.tmpl.TemperateOpenFloodgate.DisplayName,Otwórz zaporę podczas umiarkowanej pogody,-
IgorZ.Automation.Tool.tmpl.TemperatePause.Description,"Zastosuj szablon do budynków, które powinny pozostać wstrzymane w czasie umiarkowanej pogody.",-
IgorZ.Automation.Tool.tmpl.TemperatePause.DisplayName,Zatrzymaj się podczas umiarkowanej pogody,-
IgorZ.Automation.Tool.tmpl.TemperateSemiOpenFloodgate.Description,"Zastosuj ten szablon do grodzisk, które powinny otworzyć się na 0,5 m ich maksymalnej wysokości, gdy rozpoczyna się sezon temperaturowy.",-
IgorZ.Automation.Tool.tmpl.TemperateSemiOpenFloodgate.DisplayName,Lekko otwarte wrota burzowe podczas umiarkowanej pogody,-
IgorZ.Automation.Tool.tmpl.XLevelsDynamite.Description,"Ten szablon można zastosować do dynamitów, niezależnie od tego, czy są one ukończone, czy wciąż w budowie. Po zakończeniu, dynamit eksploduje automatycznie, a nowy projekt dynamitu zostanie umieszczony, aby wykopać głębiej.",-
IgorZ.Automation.ToolGroup.Main.DisplayName,Ustaw automatyzację,-
IgorZ.Automation.ToolGroup.Population.DisplayName,Warunki ludnościowe,-
IgorZ.Automation.ToolGroup.Power.DisplayName,Warunki zasilania,-
IgorZ.Automation.ToolGroup.Storage.DisplayName,Warunki przechowywania,-
IgorZ.Automation.ToolGroup.Terrain.DisplayName,Zmiana terenu,-
IgorZ.Automation.ToolGroup.Water.DisplayName,Warunki wodne,-
IgorZ.Automation.Tool.CopyRules.Text,Skopiuj zasady {0},-
IgorZ.Automation.Tool.CopyRules.Title,Kopiuj zasady automatyzacji,-
IgorZ.Automation.Scriptable.Debug.Action.LogNum,zapisz liczbę do logów: {0},-
IgorZ.Automation.Scriptable.Debug.Action.LogStr,zapisz ciąg do dzienników: {0},-
IgorZ.Automation.Scriptable.Debug.Action.Log,zapisz do dzienników: '{0}',-
IgorZ.Automation.Scriptable.Debug.Signal.Ticker,tiker,-
IgorZ.Automation.Scriptable.District.Signal.Beavers,bóbr w dzielnicy,-
IgorZ.Automation.Scriptable.District.Signal.Bots,boty w dzielnicy,-
IgorZ.Automation.Scriptable.District.Signal.NumberOfBeds,łóżka w dzielnicy,-
IgorZ.Automation.Scriptable.District.Signal.ResourceCapacity,pojemność dzielnicy: {0},-
IgorZ.Automation.Scriptable.District.Signal.ResourceStock,zapas dzielnicy: {0},-
IgorZ.Automation.Scriptable.Floodgate.Action.SetHeight,ustaw wysokość bramy na {0},-
IgorZ.Automation.Scriptable.Inventory.Action.EmptyingStatus,Magazyn jest opróżniany w pierwszej kolejności.,-
IgorZ.Automation.Scriptable.Inventory.Action.StartEmptyingStock,zacznij opróżniać pamięć podręczną,-
IgorZ.Automation.Scriptable.Inventory.Action.StopEmptyingStock,przestań opróżniać pamięć,-
IgorZ.Automation.Scriptable.Inventory.Signal.InputGood,wejście/wyjście: {0},-
IgorZ.Automation.Scriptable.Inventory.Signal.OutputGood,{0},-
IgorZ.Automation.Scriptable.Pausable.Action.Pause,wstrzymać budowę,-
IgorZ.Automation.Scriptable.Pausable.Action.Resume,tworzenie CV,-
IgorZ.Automation.Scriptable.Weather.Signal.Season,sezon,-
IgorZ.Automation.Scripting.Expressions.AndOperator,i,-
IgorZ.Automation.Scripting.Expressions.OrOperator,lub,-
IgorZ.Automation.Scripting.Expressions.ParseError,BŁĄD PARSE'OWANIA,-
IgorZ.Automation.Scripting.Editor.ActionLabel,Wtedy,-
IgorZ.Automation.Scripting.Editor.ActionMustBeAction,Akcja musi być operatorem 'act',-
IgorZ.Automation.Scripting.Editor.AddRuleFromScriptBtn,Dodaj skrypt,-
IgorZ.Automation.Scripting.Editor.AddRuleViaConstructorBtn,Utwórz regułę za pomocą konstruktora,-
IgorZ.Automation.Scripting.Editor.ConditionLabel,Error,-
IgorZ.Automation.Scripting.Editor.ConditionMustBeBoolean,Warunek musi być wyrażeniem logicznym.,-
IgorZ.Automation.Scripting.Editor.ConditionMustHaveSignals,Warunek musi zawierać co najmniej jeden sygnał.,-
IgorZ.Automation.Scripting.Editor.DeletedRule,Zasada usunięta,-
IgorZ.Automation.Scripting.Editor.DialogHeader,Zasady automatyzacji,-
IgorZ.Automation.Scripting.Editor.DiscardChangesBtn,Odrzuć zmiany,-
IgorZ.Automation.Scripting.Editor.DiscardScriptBtn,Odrzuć,-
IgorZ.Automation.Scripting.Editor.EditAsScriptBtn,Scenariusz,-
IgorZ.Automation.Scripting.Editor.EditInConstructorBtn,Konstruktor,-
IgorZ.Automation.Scripting.Editor.MoreInfoBtn,Przeczytaj o skryptach,-
IgorZ.Automation.Scripting.Editor.NumberConstantType,numer,-
IgorZ.Automation.Scripting.Editor.PendingEditsNotification,W stanie edycji obowiązują zasady. Najpierw je wypełnij.,-
IgorZ.Automation.Scripting.Editor.ReadMoreLink,https://github.com/ihsoft/TimberbornMods/wiki/Automation-(scripting),-
IgorZ.Automation.Scripting.Editor.ResetChangesBtn,Resetuj zmiany,-
IgorZ.Automation.Scripting.Editor.SaveRulesBtn,Zapisz i zamknij,-
IgorZ.Automation.Scripting.Editor.SaveScriptBtn,Zapisz,-
IgorZ.Automation.Scripting.Editor.StringConstantType,ciąg,-
IgorZ.Automation.Scripting.Editor.TemplateFamilyLabel,Szablon grupa: {0},-
IgorZ.Automation.Scripting.Editor.TestScriptBtn,Test,-
IgorZ.Automation.Scripting.Editor.UnsavedChangesConfirmation,Istnieją niezapisane zmiany. Czy chcesz je odrzucić?,-
TimberDev_Utils.Tools.LockSelectTool.DescriptionHint,"Przytrzymaj <i>SHIFT</i>, aby zaznaczyć tylko przedmioty jednego rodzaju.",-
TimberDev_Utils.Tools.LockSelectTool.SelectingNObjects,Wybieranie: {0} (x{1}),-
TimberDev_Utils.Tools.LockSelectTool.SelectingObject,Wybieranie: {0},-
TimberDev_Utils.Tools.LockSelectTool.StartObjectSelectingPrompt,"Kliknij, aby rozpocząć wybieranie: {0}",-
TimberDev_Utils.Tools.LockSelectTool.StartSelectingPrompt,"Wskaż obiekt i kliknij, aby rozpocząć wybieranie.",-
