ID,Text,Comment
TerrainTools.ToolGroupButton.Label,Ferramentas de Terreno Extras,-
TerrainTools.KeyBindingGroup.Label,Ferramentas de Terreno,-
TerrainTools.Keybinding.Undo,Desfazer,-
TerrainTools.Keybinding.FastUndo,Desfazer x 5,-
TerrainTools.Keybinding.Redo,Refazer,-
TerrainTools.Keybinding.FastRedo,Refazer x 5,-
TerrainTools.Keybinding.CycleMode,Modo Ciclo,-
TerrainTools.Keybinding.Selection.PosUp,Mover Seleção Para Cima,-
TerrainTools.Keybinding.Selection.PosDown,Mover Seleção para Baixo,-
TerrainTools.Keybinding.Selection.PosForward,Mover Seleção para Frente,-
TerrainTools.Keybinding.Selection.PosBack,Mover Seleção para Trás,-
TerrainTools.Keybinding.Selection.PosLeft,Mover Seleção para a Esquerda,-
TerrainTools.Keybinding.Selection.PosRight,Mover Seleção para a Direita,-
TerrainTools.Keybinding.Selection.HeightUp,Elevar Altura da Seleção,-
TerrainTools.Keybinding.Selection.HeightDown,Diminuir Altura da Seleção,-
TerrainTools.Keybinding.Selection.Copy,Copiar Seleção,-
TerrainTools.Keybinding.Selection.Cut,Cortar Seleção,-
TerrainTools.Keybinding.Selection.Paste,Colar Seleção,-
TerrainTools.Keybinding.Selection.RotateCW,Girar Seleção Horário,-
TerrainTools.Keybinding.Selection.RotateCCW,Girar Seleção Anticlic,-
TerrainTools.Keybinding.Selection.Flip,Virar Seleção,-
TerrainTools.Keybinding.Selection.Reset,Redefinir Seleção,-
TerrainTools.Common.Button.Apply,Aplicar,-
TerrainTools.Common.Button.Reset,Redefinir,-
TerrainTools.Heightmap.Tool.Title,Gerador de Mapas de Altura,-
TerrainTools.Heightmap.Tool.Warning,As mudanças afetam todo o mapa,-
TerrainTools.Heightmap.Button.Generate,Gerar,-
TerrainTools.Heightmap.Checkbox.ClearObjects,Limpar objetos existentes,-
TerrainTools.Heightmap.Generate.Hint,Clique {0} para atualizar o terreno.,-
TerrainTools.Heightmap.Generate.Warning,{0} será removido. Esta ação não pode ser desfeita.,-
TerrainTools.Heightmap.Clear.WaterSourcesOnly,Todas as fontes de água,-
TerrainTools.Heightmap.Clear.All,Todos os objetos,-
TerrainTools.Heightmap.Status.Idle,Ocioso,-
TerrainTools.Heightmap.Status.Generating,Gerando,-
TerrainTools.Heightmap.Seed.Label,Semente,-
TerrainTools.Heightmap.Seed.Lock.Label,Trancar,-
TerrainTools.Heightmap.Slider.LOD,Nível de detalhe,-
TerrainTools.Heightmap.Slider.Amplitude,Amplitude,-
TerrainTools.Heightmap.Slider.Frequency,Frequência,-
TerrainTools.Heightmap.Slider.Crest,Forma de brasão,-
TerrainTools.Heightmap.Slider.Base,Forma base,-
TerrainTools.Heightmap.Slider.Mean,Altura média,-
TerrainTools.Heightmap.Slider.Min,Altura mínima,-
TerrainTools.Heightmap.Slider.Max,Altura máxima,-
TerrainTools.Heightmap.Slider.PeriodX,Período X,-
TerrainTools.Heightmap.Slider.PeriodY,Período Y,-
TerrainTools.PathPainter.Tool.Title,Pintor de Caminhos,-
TerrainTools.PathPainter.Tool.Description,Ajustar o terreno usando linhas,-
TerrainTools.PathPainter.Tip.AddMove,Adicionar ou Mover pontos,-
TerrainTools.PathPainter.Tip.DeleteHovered,{0} = Remover ponto destacado,-
TerrainTools.PathPainter.Tip.DeleteMultiple,{0} (Segurar) = Remover pontos,-
TerrainTools.PathPainter.Curve.Button.Line,Linha,-
TerrainTools.PathPainter.Curve.Button.3Points,3 pontos,-
TerrainTools.PathPainter.Curve.Button.4Points,4 pontos,-
TerrainTools.PathPainter.Curve.Button.Continuous,Contínuo,-
TerrainTools.PathPainter.Curve.Toggle.SingleSegment,Segmento único,-
TerrainTools.PathPainter.Curve.Toggle.DrawEndCaps,Fins suaves,-
TerrainTools.PathPainter.Curve.Slider.Distance,Distância,-
TerrainTools.PathPainter.ToggleText.Symmetry,Simetria,-
TerrainTools.PathPainter.ToggleText.Symmetry.On,Ativado,-
TerrainTools.PathPainter.ToggleText.Symmetry.Off,Desativado,-
TerrainTools.PathPainter.Button.ClearAll,Caminho claro,-
TerrainTools.Smoothing.Tool.Title,Escova de Alisamento,-
TerrainTools.Smoothing.Slider.Brush.Size,Tamanho do pincel,-
TerrainTools.Smoothing.Slider.Sample.Size,Tamanho da amostra,-
TerrainTools.Smoothing.Slider.Force,Força,-
TerrainTools.Smoothing.ToggleGroup.Shape,Forma do Pincel,-
TerrainTools.Smoothing.Shape.Square,Quadrado,-
TerrainTools.Smoothing.Shape.Circle,Círculo,-
TerrainTools.MoundMaker.Tool.Title,Construtor de Montículos,-
TerrainTools.MoundMaker.Hint.CycleSeed,{0} = Semente de ciclo,-
TerrainTools.MoundMaker.Hint.DigMode,{0} (Segurar) = Modo de Digitação,-
TerrainTools.MoundMaker.Header.Shape,Forma,-
TerrainTools.MoundMaker.Slider.PeakHeight,Altura do pico,-
TerrainTools.MoundMaker.Slider.MaxChange,Mudança máxima,-
TerrainTools.MoundMaker.Header.RadialNoise,Ruído Radial,-
TerrainTools.MoundMaker.Slider.Radial.Scale,Escala,-
TerrainTools.MoundMaker.Slider.Radial.Frequency,Frequência,-
TerrainTools.MoundMaker.Slider.Radial.Detail,Detalhe,-
TerrainTools.MoundMaker.Header.VerticalNoise,Ruído Vertical,-
TerrainTools.MoundMaker.Slider.Vertical.Amplitude,Amplitude,-
TerrainTools.MoundMaker.Slider.Vertical.Frequency,Frequência,-
TerrainTools.MoundMaker.Slider.Vertical.Detail,Detalhe,-
TerrainTools.MoundMaker.Checkbox.Randomize,Aleatorizar,-
TerrainTools.MoundMaker.Seed.Label,Semente,-
TerrainTools.CloneTool.Title,Editor de Seleção,-
TerrainTools.CloneTool.Description,"Copiar, Cortar, Girar, Virar e Colar",-
TerrainTools.CloneTool.InputGroup.Select,Selecionar área,-
TerrainTools.CloneTool.InputGroup.Cancel,Cancelar,-
TerrainTools.CloneTool.InputGroup.HeightSelect,Selecionar altura,-
TerrainTools.CloneTool.InputGroup.Confirm,Confirmar,-
TerrainTools.CloneTool.InputGroup.MoveSelection,Mover,-
TerrainTools.CloneTool.InputGroup.Cut,Desbastar,-
TerrainTools.CloneTool.InputGroup.Copy,Cópia,-
TerrainTools.CloneTool.InputGroup.Paste,Colar,-
TerrainTools.CloneTool.InputGroup.Rotate,Rotacionar,-
TerrainTools.CloneTool.InputGroup.Flip,Virar,-
TerrainTools.CloneTool.InputGroup.PositionTrim,Recortar posição,-
TerrainTools.CloneTool.InputGroup.HeightTrim,Altura de corte,-
TerrainTools.CloneTool.InputGroup.Reset,Redefinir,-
TerrainTools.CloneTool.InputDesciption.LeftClick,Clique esquerdo,-
TerrainTools.CloneTool.InputDesciption.RightClick,Clique com o botão direito,-
TerrainTools.CloneTool.InputDesciption.ClickAndDrag,Clique e arraste,-
TerrainTools.CloneTool.InputDesciption.MouseScroll,Rolagem do mouse,-
TerrainTools.CloneTool.InputDesciption.Hold,Segurar,-
TerrainTools.CloneTool.ToolTip.Start,Selecionar base,-
TerrainTools.CloneTool.ToolTip.Base,Selecionar base,-
TerrainTools.CloneTool.ToolTip.Height,Selecionar altura,-
TerrainTools.CloneTool.ToolTip.MoveApply,Seleção concluída,-
TerrainTools.CloneTool.Error.NoText,Erro - Sem texto,-
TerrainTools.CloneTool.Option.IncludeAirBlocks,Copiar blocos vazios,-
TerrainTools.CloneTool.Option.IncludeStackedBlocks,Copiar objetos empilhados,-
