ID,Text,Comment
IgorZ.Automation.CancelTool.Description,Use esta ferramenta para limpar qualquer automação nos edifícios ou canteiros de obras.,-
IgorZ.Automation.CancelTool.Title,Cancelar automação,-
IgorZ.Automation.CheckAccessBlockCondition.Blocking.Description,<YellowHighlight>bloqueia o caminho</YellowHighlight>,-
IgorZ.Automation.CheckAccessBlockCondition.NotBlocking.Description,<YellowHighlight>não bloqueia o caminho</YellowHighlight>,-
IgorZ.Automation.CheckAccessBlockCondition.NotYetReachable,"Os construtores ainda não conseguem alcançá-lo, mas um caminho está sendo construído.",-
IgorZ.Automation.CheckAccessBlockCondition.UnreachableAlert,Canteiro de obras inacessível,-
IgorZ.Automation.CheckAccessBlockCondition.UnreachableStatus,Os construtores não conseguem encontrar o caminho para este local. Talvez nada possa ser construído aqui.,-
IgorZ.Automation.DebugPickTool.Description,Imprime componentes no objeto selecionado.,-
IgorZ.Automation.DebugPickTool.DescriptionHint1,Segure <i>SHIFT</i> para imprimir Acessível.,-
IgorZ.Automation.DebugPickTool.DescriptionHint2,Segure <i>CTRL</i> para imprimir as bordas do NavMesh.,-
IgorZ.Automation.DebugPickTool.Title,Ferramenta de depuração,-
IgorZ.Automation.ShowStatusAction.AutomationErrorAlert,Erro de automação,-
IgorZ.Automation.ShowStatusAction.AutomationErrorDescription,Algumas regras de automação não podem ser executadas.,-
IgorZ.Automation.ShowStatusAction.HoldCompletionStatusText,Aguardando os outros prédios terminarem,-
IgorZ.Automation.ShowStatusAction.HoldConstruction,<YellowHighlight>manter conclusão</YellowHighlight>,-
IgorZ.Automation.ShowStatusAction.ResumeConstruction,<AmareloDestaque>construção de currículo</AmareloDestaque>,-
IgorZ.Automation.Tool.tmpl.2LevelsDynamite.DisplayName,Exploda dinamite 2 vezes,-
IgorZ.Automation.Tool.tmpl.3LevelsDynamite.DisplayName,Explodir dinamite 3 vezes,-
IgorZ.Automation.Tool.tmpl.4LevelsDynamite.DisplayName,Exploda dinamite 4 vezes.,-
IgorZ.Automation.Tool.tmpl.5LevelsDynamite.DisplayName,Exploda dinamite 5 vezes,-
IgorZ.Automation.Tool.tmpl.6LevelsDynamite.DisplayName,Exploda dinamite 6 vezes.,-
IgorZ.Automation.Tool.tmpl.RunIf1PlusCollectables.DisplayName,Executar se houver itens colecionáveis,-
IgorZ.Automation.Tool.tmpl.RunIf2PlusCollectables.DisplayName,Executar se houver 2 ou mais colecionáveis,-
IgorZ.Automation.Tool.tmpl.RunIf3PlusCollectables.DisplayName,Executar se houver 3 ou mais colecionáveis,-
IgorZ.Automation.Tool.tmpl.RunIf4PlusCollectables.DisplayName,Executar se houver 4 ou mais colecionáveis,-
IgorZ.Automation.Tool.tmpl.RunIf5PlusCollectables.DisplayName,Executar se houver 5 ou mais colecionáveis,-
IgorZ.Automation.Tool.tmpl.HasCollectables.Description,Applique este template em edifícios que devem funcionar enquanto houver itens cortáveis ou coletáveis na área do edifício que podem ser coletados.,-
IgorZ.Automation.Tool.tmpl.BadtideCloseFloodgate.Description,Aplique este modelo nas comportas que precisam fechar quando a maré alta começa.,-
IgorZ.Automation.Tool.tmpl.BadtideCloseFloodgate.DisplayName,Fechar comporta no início da maré alta,-
IgorZ.Automation.Tool.tmpl.BadtideOpenFloodgate.Description,Aplique este modelo nas comportas que precisam abrir quando a maré alta começar.,-
IgorZ.Automation.Tool.tmpl.BadtideOpenFloodgate.DisplayName,Abrir a comporta no início da maré alta.,-
IgorZ.Automation.Tool.tmpl.BadtidePause.Description,Aplique este modelo em edifícios que devem permanecer pausados durante as marés altas.,-
IgorZ.Automation.Tool.tmpl.BadtidePause.DisplayName,Pausa durante a maré baixa,-
IgorZ.Automation.Tool.tmpl.BeaversAtMax.Description,Aplique este modelo a edifícios que devem estar em funcionamento enquanto houver leitos desocupados.,-
IgorZ.Automation.Tool.tmpl.BeaversAtMax.DisplayName,Execute até que a população de castores esteja no máximo.,-
IgorZ.Automation.Tool.tmpl.BeaversAtMinus10.Description,Aplique este modelo a edifícios que devem permanecer pausados até que a população de castores caia 10 castores abaixo do nível atual.,-
IgorZ.Automation.Tool.tmpl.BeaversAtMinus10.DisplayName,População de castores -10,-
IgorZ.Automation.Tool.tmpl.BeaversAtMinus20.Description,Aplique este modelo a edifícios que devem permanecer pausados até que a população de castores caia 20 castores abaixo do nível atual.,-
IgorZ.Automation.Tool.tmpl.BeaversAtMinus20.DisplayName,População de castores -20,-
IgorZ.Automation.Tool.tmpl.BeaversAtPlus10.Description,Aplique este modelo a edifícios que devem funcionar até a população de castores exceder o nível atual em 10 castores.,-
IgorZ.Automation.Tool.tmpl.BeaversAtPlus10.DisplayName,População de castores +10,-
IgorZ.Automation.Tool.tmpl.BeaversAtPlus20.Description,Aplique este modelo a edifícios que devem estar em funcionamento até que a população de castores exceda o nível atual em 20 castores.,-
IgorZ.Automation.Tool.tmpl.BeaversAtPlus20.DisplayName,População de castores +20,-
IgorZ.Automation.Tool.tmpl.BotsAtMinus10.Description,Aplique este modelo a edifícios que devem permanecer pausados até que a população de robôs caia 10 castores abaixo do nível atual.,-
IgorZ.Automation.Tool.tmpl.BotsAtMinus10.DisplayName,População de bots -10,-
IgorZ.Automation.Tool.tmpl.BotsAtMinus20.Description,Aplique este modelo a edifícios que devem permanecer pausados até que a população de bots caia 20 castores abaixo do nível atual.,-
IgorZ.Automation.Tool.tmpl.BotsAtMinus20.DisplayName,População de bots -20,-
IgorZ.Automation.Tool.tmpl.BotsAtPlus10.Description,Aplique este modelo a edifícios que devem estar em funcionamento até que a população do bot exceda o nível atual em 10 bots.,-
IgorZ.Automation.Tool.tmpl.BotsAtPlus10.DisplayName,População de bots +10,-
IgorZ.Automation.Tool.tmpl.BotsAtPlus20.Description,Aplique este modelo a edifícios que devem estar operando até que a população de bots exceda o nível atual em 20 bots.,-
IgorZ.Automation.Tool.tmpl.BotsAtPlus20.DisplayName,População de bots +20,-
IgorZ.Automation.Tool.tmpl.ChainedBuildings.Description,"Aplique este template em canteiros de obras que podem bloquear os caminhos dos construtores. Nota: Resultados não garantidos, especialmente se os edifícios não estiverem no mesmo nível.",-
IgorZ.Automation.Tool.tmpl.ChainedBuildings.DisplayName,Não bloqueie os construtores.,-
IgorZ.Automation.Tool.tmpl.DroughtCloseFloodgate.Description,Aplique este modelo em comportas que devem fechar quando a seca começar.,-
IgorZ.Automation.Tool.tmpl.DroughtCloseFloodgate.DisplayName,Fechar a comporta no início da seca,-
IgorZ.Automation.Tool.tmpl.DroughtOpenFloodgate.Description,Aplique este modelo em comportas que devem se abrir quando a seca começa.,-
IgorZ.Automation.Tool.tmpl.DroughtOpenFloodgate.DisplayName,Abrir comporta no início da seca,-
IgorZ.Automation.Tool.tmpl.DroughtOpenFlowControl.Description,Aplique este modelo em edifícios de controle de fluxo de água (como <YellowHighlight>Domo de Água Ruim</YellowHighlight> ou <YellowHighlight>Válvula</YellowHighlight>) para mantê-los abertos durante as secas.,-
IgorZ.Automation.Tool.tmpl.DroughtOpenFlowControl.DisplayName,Controle de fluxo de água aberto durante a seca,-
IgorZ.Automation.Tool.tmpl.DroughtPause.Description,Aplique este modelo em edifícios que devem permanecer paralisados durante secas.,-
IgorZ.Automation.Tool.tmpl.DroughtPause.DisplayName,Pausa durante a seca,-
IgorZ.Automation.Tool.tmpl.DynamiteNow.Description,Detona automaticamente a dinamite quando a construção está completa. Este modelo também pode ser aplicado a uma dinamite finalizada.,-
IgorZ.Automation.Tool.tmpl.DynamiteNow.DisplayName,Explodir dinamite agora,-
IgorZ.Automation.Tool.tmpl.EmitSelectedGood.Description,Aplique este modelo em edifícios que devem emitir um sinal da quantidade do bem selecionado no armazenamento. O sinal pode ser usado em condições em outros edifícios.,-
IgorZ.Automation.Tool.tmpl.EmitSelectedGood.DisplayName,Emitir sinal do bem selecionado,-
IgorZ.Automation.Tool.tmpl.EmptyAt50pct.DisplayName,Esvazie o armazenamento se a capacidade estiver acima de 50%.,-
IgorZ.Automation.Tool.tmpl.EmptyAt60pct.DisplayName,Esvazie o armazenamento se a capacidade estiver acima de 60%.,-
IgorZ.Automation.Tool.tmpl.EmptyAt70pct.DisplayName,Esvazie o armazenamento se a capacidade estiver acima de 70%,-
IgorZ.Automation.Tool.tmpl.EmptyAt80pct.DisplayName,Esvazie o armazenamento se a capacidade estiver acima de 80%,-
IgorZ.Automation.Tool.tmpl.EmptyAt90pct.DisplayName,Esvazie o armazenamento se a capacidade estiver acima de 90%.,-
IgorZ.Automation.Tool.tmpl.EmptyAtXpct.Description,"Este modelo pode ser aplicado a edifícios que produzem mercadorias e não possuem estoque de insumos. Se o nível de estoque de <i>produtos</i> exceder o limiar pré-determinado, o edifício irá entrar em um modo 'vazio', facilitando a remoção rápida das mercadorias.",-
IgorZ.Automation.Tool.tmpl.FloodgateGroup.Description,Aplicar este modelo às comportas para controlar sua altura em sincronia.,-
IgorZ.Automation.Tool.tmpl.FloodgateGroup.DisplayName,Grupo de comportas,-
IgorZ.Automation.Tool.tmpl.PauseConstruction.Description,Applique este modelo em canteiros de obras que devem ser pausados assim que o progresso da construção atingir 100%.,-
IgorZ.Automation.Tool.tmpl.PauseConstruction.DisplayName,Pausar construção,-
IgorZ.Automation.Tool.tmpl.RunIfCanPlan.Description,Aplique este modelo a edifícios que devem estar em operação enquanto houver locais de plantio na área do edifício.,-
IgorZ.Automation.Tool.tmpl.RunIfCanPlan.DisplayName,Executar se algo puder ser plantado,-
IgorZ.Automation.Tool.tmpl.PrioritizeByHaulers.Description,Aplique este modelo em construções que devem ser priorizadas pelos transportadores assim que a construção estiver completa.,-
IgorZ.Automation.Tool.tmpl.PrioritizeByHaulers.DisplayName,Priorizar por transportadores,-
IgorZ.Automation.Tool.tmpl.StreamGauge.Description,Aplique este modelo a medidores de fluxo que devem emitir um sinal da condição atual da água. Os sinais podem ser usados em condições em outros edifícios.,-
IgorZ.Automation.Tool.tmpl.StreamGauge.DisplayName,Indicador de fluxo do rio,-
IgorZ.Automation.Tool.tmpl.TemperateCloseFloodgate.Description,Aplique este modelo em comportas que precisam ser fechadas quando a temporada de temperatura começa.,-
IgorZ.Automation.Tool.tmpl.TemperateCloseFloodgate.DisplayName,Feche a comporta no início do tempo ameno.,-
IgorZ.Automation.Tool.tmpl.TemperateOpenFloodgate.Description,Aplique este template nas comportas que precisam ser abertas quando a temporada temperada começa.,-
IgorZ.Automation.Tool.tmpl.TemperateOpenFloodgate.DisplayName,Abra o portão de inundação no início do clima ameno.,-
IgorZ.Automation.Tool.tmpl.TemperatePause.Description,Aplique este modelo em edifícios que devem permanecer parados durante o clima temperado.,-
IgorZ.Automation.Tool.tmpl.TemperatePause.DisplayName,Pausa durante o clima ameno,-
IgorZ.Automation.Tool.tmpl.TemperateSemiOpenFloodgate.Description,"Aplique este modelo em comportas que devem abrir 0,5 m de sua altura máxima quando a temporada temperada começar.",-
IgorZ.Automation.Tool.tmpl.TemperateSemiOpenFloodgate.DisplayName,Ponte de inundação levemente aberta durante o clima ameno,-
IgorZ.Automation.Tool.tmpl.XLevelsDynamite.Description,"Este modelo pode ser aplicado a dinamites, estejam elas finalizadas ou ainda em construção. Após a conclusão, a dinamite detonará automaticamente e um novo projeto de dinamite será colocado para cavar mais profundo.",-
IgorZ.Automation.ToolGroup.Main.DisplayName,Configurar automação,-
IgorZ.Automation.ToolGroup.Planting.DisplayName,Regras relacionadas ao plantio e à coleta,-
IgorZ.Automation.ToolGroup.Population.DisplayName,Regras relacionadas à população,-
IgorZ.Automation.ToolGroup.Power.DisplayName,Regras relacionadas à energia,-
IgorZ.Automation.ToolGroup.Signals.DisplayName,Regras relacionadas a sinais,-
IgorZ.Automation.ToolGroup.Storage.DisplayName,Regras relacionadas ao armazenamento,-
IgorZ.Automation.ToolGroup.Terrain.DisplayName,Regras de mudança de terreno,-
IgorZ.Automation.ToolGroup.Water.DisplayName,Regras relacionadas ao clima,-
=,=,-
IgorZ.Automation.Scripting.Error.ValueOutOfRange,ERRO: Valor fora do intervalo,-
IgorZ.Automation.Scripting.Error.DivisionByZero,ERRO: Divisão por zero,-
IgorZ.Automation.Scripting.Error.BadValue,ERRO: Valor inválido,-
IgorZ.Automation.Scripting.Error.InternalError,ERRO: Erro interno,-
IgorZ.Automation.AutomationFragment.AndMoreRow,...e {0} mais regras...,-
IgorZ.Automation.AutomationFragment.BuildingSignalSource,{0} ({1}),-
IgorZ.Automation.AutomationFragment.ClearRulesBtnHint,Limpar todas as regras,-
IgorZ.Automation.AutomationFragment.ClearSignalsBtnHint,Limpar todos os mapeamentos de sinais,-
IgorZ.Automation.AutomationFragment.CopyRulesBtnHint,Copiar regras para outro edifício,-
IgorZ.Automation.AutomationFragment.CopySignalsBtnHint,Copiar mapeamentos de sinais para outro edifício,-
IgorZ.Automation.AutomationFragment.ExportRulesBtnHint,Exportar regras e sinais como texto,-
IgorZ.Automation.AutomationFragment.ImportRulesBtnHint,Importar regras e sinais de texto,-
IgorZ.Automation.AutomationFragment.RuleActionText,Então {0},-
IgorZ.Automation.AutomationFragment.RuleConditionText,"Se {0},",-
IgorZ.Automation.AutomationFragment.RulesCountText,Regras: {0},-
IgorZ.Automation.AutomationFragment.SetupRulesBtnHint,Configurar regras,-
IgorZ.Automation.AutomationFragment.SetupSignalsBtnHint,Configure sinais que serão visíveis para os outros edifícios,-
IgorZ.Automation.AutomationFragment.SignalsCountText,Sinais: {0}/{1},-
IgorZ.Automation.Tool.CopyRules.Text,Copiar {0} regras,-
IgorZ.Automation.Tool.CopyRules.Title,Copiar regras de automação,-
IgorZ.Automation.Scriptable.Collectable.Signal.CollectableReady,pronto para coleta,-
IgorZ.Automation.Scriptable.Constructable.Signal.Progress,progresso da construção,-
IgorZ.Automation.Scriptable.Constructable.Signal.State,estado de construção,-
IgorZ.Automation.Scriptable.Constructable.Signal.State.Finished,Concluído,-
IgorZ.Automation.Scriptable.Debug.Action.LogNum,escrever um número nos logs: {0},-
IgorZ.Automation.Scriptable.Debug.Action.LogStr,escreva uma string nos logs: '{0}',-
IgorZ.Automation.Scriptable.Debug.Action.Log,escrever nos logs: '{0}',-
IgorZ.Automation.Scriptable.Debug.Signal.Ticker,temporizador,-
IgorZ.Automation.Scriptable.District.Signal.Beavers,castores no distrito,-
IgorZ.Automation.Scriptable.District.Signal.Bots,bots no distrito,-
IgorZ.Automation.Scriptable.District.Signal.NumberOfBeds,camas no distrito,-
IgorZ.Automation.Scriptable.District.Signal.ResourceCapacity,capacidade do distrito: {0},-
IgorZ.Automation.Scriptable.District.Signal.ResourceStock,estoque do distrito: {0},-
IgorZ.Automation.Scriptable.Dynamite.Action.Detonate,detonar dinamite,-
IgorZ.Automation.Scriptable.Dynamite.Action.DetonateAndRepeat,detonar dinamite e adicionar mais <GreenHighlight>{0} vezes</GreenHighlight>,-
IgorZ.Automation.Scriptable.Floodgate.Action.SetHeight,defina a altura do portão para {0},-
IgorZ.Automation.Scriptable.Floodgate.Signal.Height,altura da comporta,-
IgorZ.Automation.Scriptable.FlowControl.Action.Close,desativar fluxo,-
IgorZ.Automation.Scriptable.FlowControl.Action.Open,ativar fluxo,-
IgorZ.Automation.Scriptable.Inventory.Action.EmptyingStatus,O armazenamento está sendo esvaziado com prioridade.,-
IgorZ.Automation.Scriptable.Inventory.Action.StartEmptyingStock,comece a esvaziar o armazenamento,-
IgorZ.Automation.Scriptable.Inventory.Action.StopEmptyingStock,pare de esvaziar o armazenamento,-
IgorZ.Automation.Scriptable.Inventory.Signal.InputGood,entrada: {0},-
IgorZ.Automation.Scriptable.Inventory.Signal.OutputGood,{0},-
IgorZ.Automation.Scriptable.Manufactory.Action.SetRecipe,definir receita: {0},-
IgorZ.Automation.Scriptable.Pausable.Action.Pause,pausar construção,-
IgorZ.Automation.Scriptable.Pausable.Action.Resume,construção de currículo,-
IgorZ.Automation.Scriptable.Plantable.Signal.SpotsReady,pronto para plantar,-
IgorZ.Automation.Scriptable.Prioritizable.Action.ResetHaulers,- priorizar por entregadores,-
IgorZ.Automation.Scriptable.Prioritizable.Action.SetHaulers,+ priorizar pelos transportadores,-
IgorZ.Automation.Scriptable.Signals.Action.Set,definir sinal: {0} = {1},-
IgorZ.Automation.Scriptable.Signals.Signal.Get,sinal: {0},-
IgorZ.Automation.Scriptable.StreamGauge.Signal.Contamination,contaminação,-
IgorZ.Automation.Scriptable.StreamGauge.Signal.Current,atual,-
IgorZ.Automation.Scriptable.StreamGauge.Signal.Depth,profundidade,-
IgorZ.Automation.Scriptable.Weather.Signal.Season,estação,-
IgorZ.Automation.Scriptable.Workplace.Action.RemoveWorkers,remover trabalhadores,-
IgorZ.Automation.Scriptable.Workplace.Action.SetWorkers,atribuir {0} trabalhadores,-
IgorZ.Automation.Scripting.Expressions.AndOperator,e,-
IgorZ.Automation.Scripting.Expressions.OrOperator,ou,-
IgorZ.Automation.Scripting.Expressions.NotOperator,NÃO,-
IgorZ.Automation.Scripting.Expressions.ParseError,ERRO DE ANÁLISE,-
IgorZ.Automation.Scripting.Editor.ActionLabel,Então,-
IgorZ.Automation.Scripting.Editor.ActionMustBeAction,A ação deve ser o operador 'agir',-
IgorZ.Automation.Scripting.Editor.AddRuleFromScriptBtn,Adicionar script,-
IgorZ.Automation.Scripting.Editor.AddRuleViaConstructorBtn,Crie uma regra via construtor,-
IgorZ.Automation.Scripting.Editor.ArgumentMaxValueHint,(máx: {0}),-
IgorZ.Automation.Scripting.Editor.ConditionLabel,Se,-
IgorZ.Automation.Scripting.Editor.ConditionMustBeBoolean,A condição deve ser uma expressão booleana.,-
IgorZ.Automation.Scripting.Editor.ConditionMustHaveSignals,A condição deve conter pelo menos um sinal.,-
IgorZ.Automation.Scripting.Editor.DeletedRule,Regra removida,-
IgorZ.Automation.Scripting.Editor.DialogHeader,Regras de automação,-
IgorZ.Automation.Scripting.Editor.DiscardChangesBtn,Desconsiderar alterações,-
IgorZ.Automation.Scripting.Editor.DiscardScriptBtn,Descartar,-
IgorZ.Automation.Scripting.Editor.EditAsScriptBtn,Roteiro,-
IgorZ.Automation.Scripting.Editor.EditInConstructorBtn,Construtor,-
IgorZ.Automation.Scripting.Editor.ExportRulesBtn,Exportar regras,-
IgorZ.Automation.Scripting.Editor.ImportRulesBtn,Importar regras,-
IgorZ.Automation.Scripting.Editor.MoreInfoBtn,Leia sobre roteirização,-
IgorZ.Automation.Scripting.Editor.NumberConstantType,número,-
IgorZ.Automation.Scripting.Editor.PendingEditsNotification,Existem regras no estado de edição. Complete-as primeiro.,-
IgorZ.Automation.Scripting.Editor.ReadMoreLink,https://github.com/ihsoft/TimberbornMods/wiki/Automation-(scripting),-
IgorZ.Automation.Scripting.Editor.ResetChangesBtn,Reiniciar alterações,-
IgorZ.Automation.Scripting.Editor.RulesWithErrorsNotification,Algumas regras têm erros! Corrija-os primeiro.,-
IgorZ.Automation.Scripting.Editor.SaveRulesBtn,Salvar e fechar,-
IgorZ.Automation.Scripting.Editor.SaveScriptBtn,Salvar,-
IgorZ.Automation.Scripting.Editor.StringConstantType,cadeia,-
IgorZ.Automation.Scripting.Editor.TemplateFamilyLabel,Grupo de modelo: {0},-
IgorZ.Automation.Scripting.Editor.TestScriptBtn,Teste,-
IgorZ.Automation.Scripting.SignalsEditor.DialogHeader,Configurar sinais de construção,-
IgorZ.Automation.Scripting.SignalsEditor.BadSignalNameMsg,"❌ Nome de sinal inválido! O nome deve começar com uma letra e conter apenas letras, dígitos e pontos.",-
IgorZ.Automation.Scripting.Editor.ExportDialogHeader,Exportar regras de automação,-
IgorZ.Automation.Scripting.Editor.ImportDialogHeader,Importar regras de automação,-
IgorZ.Automation.Scripting.ImportDialog.AllowErrors,Importar com erros,-
IgorZ.Automation.Scripting.ImportDialog.DeleteExistingRules,Excluir regras existentes,-
IgorZ.Automation.Scripting.ImportDialog.ReadMore,Leia sobre importações,-
IgorZ.Automation.Scripting.ImportDialog.ReadMoreUrl,https://github.com/ihsoft/TimberbornMods/wiki/Automation-export-import-concept,-
IgorZ.Automation.Scripting.ImportDialog.SkipFailedRules,Ignorar regras falhadas,-
IgorZ.Automation.Scripting.ImportRules.ActionNotApplicableError,Ação não aplicável: {0},-
IgorZ.Automation.Scripting.ImportRules.ConditionNotApplicableError,Condição não aplicável: {0},-
IgorZ.Automation.Scripting.ImportRules.ExpectedActionError,Expressão de ação esperada,-
IgorZ.Automation.Scripting.ImportRules.ExpectedConditionError,Expressão de condição esperada,-
IgorZ.Automation.Scripting.ImportRules.ImportError,Erro na linha {0}: {1},-
IgorZ.Automation.Scripting.ImportRules.IncompleteDeclarationError,Declaração de regra incompleta,-
IgorZ.Automation.Scripting.ImportRules.UnclosedMultiLineComment,Comentário de várias linhas não fechado,-
IgorZ.Automation.Settings.Debug.PathCheckingProfiling,Registrar estatísticas do mecanismo de verificação de caminho,-
IgorZ.Automation.Settings.Debug.LogSignalSetting,Registrar valores de sinal de configuração,-
IgorZ.Automation.Settings.Debug.LogSignalPropagating,Registrar propagação de sinal,-
IgorZ.Automation.Settings.Debug.ReevaluateRulesOnLoad,Reavaliar regras ao carregar,-
IgorZ.Automation.Settings.Debug.ResetSignalsOnLoad,Resetar sinais personalizados ao carregar,-
IgorZ.Automation.Settings.EntityPanel.Header,Controles no painel de construção,-
IgorZ.Automation.Settings.EntityPanel.RulesDescriptionStyle,Estilo da descrição da regra,-
IgorZ.Automation.Settings.EntityPanel.RulesDescriptionStyle.HumanReadable,Texto,-
IgorZ.Automation.Settings.EntityPanel.RulesDescriptionStyle.Script,Script,-
IgorZ.Automation.Settings.EntityPanel.RulesDescriptionStyle.ScriptShort,Pseudo-script,-
IgorZ.Automation.Settings.EntityPanel.EvalValuesInConditions,Os valores corretos nas condições,-
IgorZ.Automation.Settings.EntityPanel.EvalValuesInActionArguments,""" Avaliar valores nos argumentos da ação""",-
IgorZ.Automation.Settings.EntityPanel.MaxRulesShown,Número de regras a serem exibidas no painel,-
IgorZ.Automation.Settings.ScriptEditor.Header,Editor de script,-
IgorZ.Automation.Settings.ScriptEditor.DefaultScriptSyntax,Sintaxe de expressões padrão,-
IgorZ.Automation.Settings.ScriptEditor.DefaultScriptSyntaxLisp,Lisp-style,-
IgorZ.Automation.Settings.ScriptEditor.DefaultScriptSyntaxPython,estilo Python,-
IgorZ.Automation.Settings.ScriptEditor.DefaultScriptSyntaxTooltip,A sintaxe pode ser substituída no corpo da expressão adicionando o prefixo '#PY' para Python ou '#LP' para Lisp.,-
IgorZ.Automation.Settings.ScriptEngine.Header,Configurações do motor de script,-
IgorZ.Automation.Settings.ScriptEngine.CheckArgumentValues,Verificar valor do argumento em tempo de execução,-
IgorZ.Automation.Settings.ScriptEngine.CheckOptionsArguments,Verificar argumentos com conjunto fixo de valores,-
IgorZ.Automation.Settings.ScriptEngine.SignalExecutionStackSize,Tamanho da pilha de execução do sinal,-
TimberDev_Utils.Settings.Debug.VerboseLogging,Registro detalhado,-
TimberDev_Utils.Settings.Debug.VerboseLoggingTooltip,"Os registros terão detalhes mais úteis, mas isso pode afetar o desempenho do jogo.",-
TimberDev_Utils.Settings.DebugSection,Depuração e resolução de problemas,-
TimberDev_Utils.Tools.LockSelectTool.DescriptionHint,Mantenha <i>SHIFT</i> pressionado para selecionar itens de um único tipo.,-
TimberDev_Utils.Tools.LockSelectTool.SelectingNObjects,Selecionando: {0} (x{1}),-
TimberDev_Utils.Tools.LockSelectTool.SelectingObject,Selecionando: {0},-
TimberDev_Utils.Tools.LockSelectTool.StartObjectSelectingPrompt,Clique para começar a selecionar: {0},-
TimberDev_Utils.Tools.LockSelectTool.StartSelectingPrompt,Aponte para uma entidade e clique para começar a selecionar,-
TimberDev_UI.AbstractDialog.UnsavedChangesConfirmation,Existem alterações não salvas. Você deseja descartá-las?,-
IgorZ.Automation.Scripting.Editor.UnsavedChangesConfirmation,Existem alterações não salvas. Você deseja descartá-las?,-
