ID,Text,Comment
UI.TW.SimpleWorkshopControl.Blocked,Várias condições de controle não atendidas,-
UI.TW.SimpleWorkshopControl.BlockedInput,Condição de Ingredientes Automáticos não atendida,-
UI.TW.SimpleWorkshopControl.BlockedProduct,Condição de produtos automáticos não atendida,-
UI.TW.SimpleWorkshopControl.BlockedUser,Condição de controle do usuário não atendida,-
UI.TW.SimpleWorkshopControl.SciencePoints,Pontos de Ciência,-
UI.TW.SimpleWorkshopControl.BotPopulation,População de Bots,-
UI.TW.SimpleWorkshopControl.BeaverPopulation,População de Castores,-
UI.TW.SimpleWorkshopControl.WorkshopControls,Controles da Oficina,-
UI.TW.SimpleWorkshopControl.Hide,Esconder,-
UI.TW.SimpleWorkshopControl.RequireInputs,Ingredientes Automáticos,-
UI.TW.SimpleWorkshopControl.UseAutoProducts,Produtos Automáticos,-
UI.TW.SimpleWorkshopControl.Controller,Controle do Usuário,-
UI.TW.SimpleWorkshopControl.RangeType,Escala,-
UI.TW.SimpleWorkshopControl.Start,Iniciar,-
UI.TW.SimpleWorkshopControl.Stop,Parar,-
UI.TW.SimpleWorkshopControl.NullGoodId,Nenhum,-
UI.TW.SimpleWorkshopControl.Percent,Porcentagem,-
UI.TW.SimpleWorkshopControl.Value,Valor,-
ModSetting.TWSimpleWorkshopControl.ShowStatusIcons,Exibir ícones de status,-
ModSetting.TWSimpleWorkshopControl.ShowStatusIconsDesc,Um ícone de status aparecerá acima dos edifícios bloqueados,-
ModSetting.TWSimpleWorkshopControl.RequireInputsDefault,Ingredientes automáticos por padrão,-
ModSetting.TWSimpleWorkshopControl.RequireInputsDefaultDesc,Os edifícios recém-construídos começarão com Ingredientes Automáticos ativados.,-
ModSetting.TWSimpleWorkshopControl.AutoProductsDefault,Produto automático padrão,-
ModSetting.TWSimpleWorkshopControl.AutoProductsDefaultDesc,Os edifícios recém-construídos começarão com Produtos Automáticos ativados,-
ModSetting.TWSimpleWorkshopControl.RecipeRequirementStart,Inicio padrão do ingrediente automático,-
ModSetting.TWSimpleWorkshopControl.RecipeRequirementStartDesc,Os edifícios de ingredientes automáticos começarão quando todos os ingredientes atingirem esta porcentagem da capacidade global.,-
ModSetting.TWSimpleWorkshopControl.RecipeRequirementStop,Parada padrão de ingrediente automático,-
ModSetting.TWSimpleWorkshopControl.RecipeRequirementStopDesc,As fábricas de ingredientes automáticas pararão quando qualquer ingrediente cair abaixo deste percentual da capacidade global.,-
ModSetting.TWSimpleWorkshopControl.AutoProductStart,Inicio automático de produto padrão,-
ModSetting.TWSimpleWorkshopControl.AutoProductStartDesc,Os edifícios de produção automática começarão quando todos os produtos estiverem abaixo deste percentual da capacidade global,-
ModSetting.TWSimpleWorkshopControl.AutoProductStop,Parada automática de produto padrão,-
ModSetting.TWSimpleWorkshopControl.AutoProductStopDesc,Os edifícios de produção automática pararão quando qualquer produto estiver acima desta porcentagem da capacidade global.,-
ModSetting.TWSimpleWorkshopControl.UIMinHeight,Altura mínima da UI,-
ModSetting.TWSimpleWorkshopControl.UIMinHeightDesc,Controla quanto espaço o fragmento de controle pode usar no painel da entidade,-
ModSetting.TWSimpleWorkshopControl.UIMaxHeight,Altura máxima da UI,-
ModSetting.TWSimpleWorkshopControl.UIMaxHeightDesc,Controla quanto espaço o fragmento de controle pode usar no painel da entidade,-
ModSetting.TWSimpleWorkshopControl.PerBuildingAutoSliders,Deslizadores automáticos por edifício,-
ModSetting.TWSimpleWorkshopControl.PerBuildingAutoSlidersDesc,"Quando marcado, os valores de início/parada para cada prédio podem ser escolhidos no jogo. Quando desmarcado, todos os prédios usarão os padrões da configuração do mod.",-
