ID,Text,Comment
LV.CPl.PlacementSect,Opções de colocação:,-
LV.CPl.RemoveCorner,Remover ocupação de canto,-
LV.CPl.RemoveCornerDesc,Permite construir estruturas como Plataformas sobre plantas.,-
LV.CPl.RemovePath,Remover ocupação de caminho,-
LV.CPl.RemovePathDesc,Permite construir caminhos através de plantas.,-
LV.CPl.WithoutGround,Plantar sem solo,-
LV.CPl.WithoutGroundDesc,Permite o plantio diretamente em telhados e plataformas sem solo. Essas plantas recebem irrigação e contaminação do solo abaixo.,-
LV.CPl.NoConUp,> Sem contaminação (trapaceiro :P),-
LV.CPl.NoConUpDesc,"Previne que a contaminação do solo seja levantada. Permite o plantio de árvores ou culturas em plataformas, mesmo que o solo abaixo seja inadequado.",-
LV.CPl.GrowthSect,"<b>Opções de crescimento:</b> Defina abaixo do padrão ×1 para diminuir a dificuldade, exceto para o Multiplicador de Saída. Exemplos:
- Multiplicador de Tempo de Plantio ×0.5: Plantar Carvalho 1 hora → 0,5 hora.
- Taxa de Crescimento ×0.5: Batata cresce em 5 dias → 2,5 dias.
- Multiplicador de Saída ×1.5: Cenoura rende 3 → 4.
- Multiplicador de Tempo de Colheita ×0.5: Corte de Carvalho 2 horas → 1 hora.
- Multiplicador de Tempo de Demolição ×0.5: demolir Pinho 1,2 horas → 0,6 horas.",-
LV.CPl.PlantingTime,Multiplicador de tempo de plantio,-
LV.CPl.PlantingTimeDesc,Multiplicador para o tempo necessário para plantar.,-
LV.CPl.GrowthRate,Multiplicador da taxa de crescimento,-
LV.CPl.GrowthRateDesc,Multiplicador para o tempo de crescimento.,-
LV.CPl.OutputMul,Multiplicador de saída,-
LV.CPl.OutputMulDesc,Multiplicador para saída (arredondado para baixo).,-
LV.CPl.HarvestTime,Multiplicador de tempo de colheita,-
LV.CPl.HarvestTimeDesc,Multiplicador para o tempo levado para colher/cortar.,-
LV.CPl.DemolishTime,Multiplicador de tempo de demolição,-
LV.CPl.DemolishTimeDesc,Multiplicador para o tempo necessário para demolir.,-
LV.CPl.TreeSect,"Opções de árvore: <b>Plantas que fornecem madeira</b> que são plantadas por Lenhadores (por exemplo, Pinheiro, Carvalho).",-
LV.CPl.CropSect,"Opções de cultivo: Todas as outras plantas que são plantadas por Agricultores ou Silvicultores (por exemplo, Cenoura, Mirtilo e Dente-de-leão <b>Arbustos</b>).",-
LV.CPl.ProductSect,"Opções de produtos: <b>Produtos</b> que crescem em plantas maduras (ex: Resina de Pinheiro, Mirtilos).",-
LV.CPl.AllSect,Para todas as plantas:,-
LV.CPl.ReproducibleChanceMultiplier,Multiplicador de chance reproduzível,-
LV.CPl.ReproducibleChanceMultiplierDesc,"Ajusta a chance de as árvores reproduzirem a cada hora (padrão: 1–3% dependendo do tipo).  
Padrão: ×1. ×0 desativa a reprodução. Exemplo: ×2 faz com que um Pinheiro com uma chance base de 3% reproduza com 6% de chance.",-
