ID,Text,Comment
MapMakerPlants.GiantSequoia.DisplayName,Sequóia Gigante 3x3,-
MapMakerPlants.2X2treePlaceholder1.DisplayName,árvore 2x2 ???,-
MapMakerPlants.Brambles.DisplayName,Brambleiras,-
MapMakerPlants.NewVineV.DisplayName,Cakas (verticais),-
MapMakerPlants.NewVineH.DisplayName,Cercas (Horizontal),-
MapMakerPlants.Waterbamboo.DisplayName,2x2 W.bambu,-
MapMakerPlants.Baobab.DisplayName,5x5 Baobá,-
MapMakerPlants.LemonTree.DisplayName,Limoeiro,-
MapMakerPlants.PinkBirch.DisplayName,Floração Eterna,-
MapMakerPlants.RuinedPath.DisplayName,Caminho arruinado,-
MapMakerPlants.BrokenHouse.DisplayName,Casa quebrada (troncos),-
MapMakerPlants.PlankRuin.DisplayName,Casa quebrada (Pranchas),-
NaturalResource.PinkBirch.DisplayName,Sempreflor,-
Good.Pumpkin.DisplayName,Abóbora,-
NaturalResource.Waterbamboo.DisplayName,Inacreditavelmente alto bambu,-
Lapantouflemagic.NewVineH.DisplayName,Videira,-
MapMakerPlants.CrystalSupport.Description,"Suporte necessário para colocar cristais flutuantes acima do nível Z 1.  
Autoempilhável  
Ficará invisível e não terá hitbox durante o jogo.",-
MapMakerPlants.CrystalSupport.DisplayName,Suporte Crystal,-
MPME.FloatingRock.DisplayName,Cristal Flutuante,-
MPME.FloatingRock.Description,Flutua no céu para sustentar uma ilha no céu.,-
MPME.FloatingRock.FlavorDescription,"Como isso funciona?""
Oh? Oh, agora? Depois de todos esses anos? Depois de todos esses jogos? Agora você me pergunta como isso funciona?",-
MapMakerPlants.GearsRuin.DisplayName,Edifício quebrado (Engrenagens),-
Building.SkyBadwaterSource.DisplayName,Fonte Badwater do Céu,-
Building.SkyWaterSource.DisplayName,Fonte de Água do Céu,-
Building.VoidSinkHole.DisplayName,Bloco de céu de buraco de afundamento,-
Building.VoidSinkHole.Description,"Exclui visualmente o chão abaixo dele.  
Age como uma fonte negativa de água para deletar a água que cai das ilhas.  
A bandeira não será visível no jogo.",-
MapMakerPlants.VoidTile.DisplayName,Bloquinho do Céu,-
MapMakerPlants.VoidTile.Description,Exclui visualmente o solo debaixo dele. Para lugares onde você nunca espera ver água.,-
MapMakerPlants.VoidTileLarge.DisplayName,Bloco de céu 9x9,-
