ID,Text,Comment
GreedyNation.biofuel,Biocombustível,-
GreedyNation.displayname,Nação Gananciosa,-
GreedyNation.description,"Quando a colônia Greedy encontra a colônia Greedy, o caos se instala :D",-
GreedyBots,GreedyBot #,-
GreedyNation.WonderCompletion.Message,Bem feito!,-
GreedyNation.WonderCompletion.Flavour,"Foi um grande esforço, não foi? :D",-
GreedyNation.GameOver.Message,...Como você fez isso?,-
GreedyNation.GameOver.Flavour,"Vamos lá, você pode fazer melhor que isso!",-
GreedyNationBots,Robô da Nação Gananciosa #,-
