ID,Text,Comment
LV.TI.EnableFreeCamera,Ativar câmera livre,-
LV.TI.EnableFreeCameraDesc,Remova as restrições da câmera no jogo.,-
LV.TI.DisableFog,Desativar névoa,-
LV.TI.DisableFogDesc,Remova a neblina no jogo.,-
LV.TI.ShowCoords,Mostre as coordenadas,-
LV.TI.ShowCoordsDesc,Mostre as coordenadas do bloco no canto superior direito. Z é a altura. NÃO DISPONÍVEL PARA ATUALIZAÇÃO 7 AINDA.,-
LV.TI.CoordsLabel,"(X, Y, Z): ({0}, {1}, {2})",-
LV.TI.HeightLabel,Altura: {0},-
LV.TI.OnlyShowHeight,Apenas mostre a altura.,-
LV.TI.OnlyShowHeightDesc,Mostre apenas a altura em vez das coordenadas completas.,-
LV.TI.PrioritizeRubbles,Priorize entulhos,-
LV.TI.PrioritizeRubblesDesc,Defina automaticamente a prioridade dos entulhos como Alta.,-
LV.TI.ShowGameTime,Mostrar tempo de jogo,-
LV.TI.ShowGameTimeDesc,Mostre o tempo de jogo atual no canto superior direito.,-
LV.TI.EnableSpeedS25,"Habilitar velocidade 0,25x [Shift+1]",-
LV.TI.EnableSpeedS25Desc,"Desbloqueie a opção de velocidade 0,25x no jogo pressionando Shift+1. Normalmente, isso está disponível apenas no Modo de Desenvolvimento.",-
LV.TI.EnableSpeed4,Ativar velocidade 30x [4],-
LV.TI.EnableSpeed4Desc,"Desbloqueie a opção de 4ª velocidade 30x no jogo pressionando 4. Normalmente, isso só está disponível no Modo Desenvolvedor.",-
LV.TI.EnableSpeed5,Ativar velocidade 99x [5] (!),-
LV.TI.EnableSpeed5Desc,"Desbloqueie a opção de velocidade 5x 99 no jogo pressionando 5. Normalmente, isso só está disponível no Modo Dev. Esteja avisado de que essa velocidade é instável e pode causar problemas no jogo. Alguém disse que os castores podem ficar com fome e sede.",-
LV.TI.StaticLight,Luz do dia estática,-
LV.TI.StaticLightDesc,Visual/UI apenas. Esta iluminação diurna permanecerá a mesma o tempo todo.,-
LV.TI.LightSunrise,Nascer do sol,-
LV.TI.LightDay,Dia,-
LV.TI.LightSunset,Pôr do sol,-
LV.TI.LightNight,Noite,-
LV.TI.QuickQuit,Sair Rápido/Sair Forçado [Ctrl + Shift + Q] (!),-
LV.TI.QuickQuitDesc,"Pressione Ctrl + Shift + Q para sair do jogo imediatamente, encerrando o processo do jogo. NÃO HÁ SALVAMENTO ou limpeza do estado do jogo. Tenha cuidado!",-
LV.TI.BiggerBuildDragArea,Área de arrasto de construção maior (!),-
LV.TI.BiggerBuildDragAreaDesc,"Aumente a área de arrasto de construção para edifícios como Barragens (padrão 10x10) ou Estradas (25). Isso aumenta significativamente o tempo de carregamento e o uso de memória, então use com cautela. Exemplo: definir isso para 5 fará com que a área de arrasto seja 15x15 Barragens ou 30 Estradas. Pode ser alterado apenas no Menu Principal.",-
LV.TI.AutoClearDeadTrees,Limpar tocos mortos,-
LV.TI.AutoClearDeadTreesDesc,"Limpar automaticamente tocos ou arbustos mortos (aqueles que você poderia ter destruído imediatamente construindo sobre eles):
- Não: não limpe nada
- Ferramenta: ao usar a Ferramenta de Demolição
- Automático: apenas limpe-os assim que aparecerem",-
LV.TI.AddRealTimeClock,Adicionar relógio em tempo real,-
LV.TI.AddRealTimeClockDesc,Adicione um relógio em tempo real no canto superior direito. Isso é útil para os jogadores que querem acompanhar o tempo enquanto jogam.,-
LV.TI.NewDayAction,Em um novo dia,-
LV.TI.NewDayActionDesc,"Escolha o que fazer em um novo dia:
- Nenhum: não fazer nada
- Pausar: pausar o jogo
- Velocidade 1: definir a velocidade do jogo para 1x",-
LV.TI.NewDayActionNone,Nenhum,-
LV.TI.NewDayActionPause,Pausa,-
LV.TI.NewDayActionSpeed1,Velocidade 1,-
LV.TI.NewDayAll,Todo dia,-
LV.TI.NewDayWarning,Em dias de alerta meteorológico,-
LV.TI.NewDayHazard,Em dias de clima perigoso,-
LV.TI.NewDayNewCycle,Nos dias de novo ciclo,-
