ID,Text,Comment
jeferson90.progressivedifficulty.settings.header.temperate,Temperado,-
jeferson90.progressivedifficulty.settings.header.hazardous,Perigoso,-
jeferson90.progressivedifficulty.settings.header.brutal,Brutal,-
jeferson90.progressivedifficulty.settings.hazardous_minimal_coeficient,Multiplicador Mínimo,-
jeferson90.progressivedifficulty.settings.hazardous_maximum_coeficient,Multiplicador Máximo,-
jeferson90.progressivedifficulty.settings.brutal_cycle_enable,Ativar Ciclo Brutal,-
jeferson90.progressivedifficulty.settings.brutal_cycle_enable_tooltip,Um Ciclo Brutal acontece uma vez em qualquer ciclo perigoso aleatório dentro do intervalo estabelecido.,-
jeferson90.progressivedifficulty.settings.brutal_cycle_range,Amplitude,-
jeferson90.progressivedifficulty.settings.brutal_cycle_range_tooltip,"Entre esse intervalo, um Ciclo Brutal é garantido.
Por exemplo:
para um valor de 10, um Ciclo Brutal é garantido após o ciclo 9
Assim, entre o Ciclo 10 e 19 ocorrerá uma vez, entre o Ciclo 20 e 29 mais uma vez e assim por diante
---
para um valor de 13, um Ciclo Brutal é garantido após o ciclo 12
Assim, entre o Ciclo 13 e 25 ocorrerá uma vez, entre o Ciclo 26 e 39 mais uma vez e assim por diante",-
jeferson90.progressivedifficulty.settings.brutal_coeficient,Multiplicador de Ciclo Brutal,-
jeferson90.progressivedifficulty.settings.temperate_handicap,Atalho da equação temperada em ciclos,-
jeferson90.progressivedifficulty.settings.temperate_minimal_coeficient,Múltiplo Mínimo,-
jeferson90.progressivedifficulty.settings.temperate_maximum_coeficient,Multiplicador Máximo,-
jeferson90.progressivedifficulty.settings.temperate_min_max_coeficient_tooltip,A duração do ciclo temperado agora é proporcional à duração do próximo ciclo perigoso.,-
jeferson90.progressivedifficulty.settings.temperate_min_days,Dias mínimos,-
jeferson90.progressivedifficulty.settings.temperate_min_days_tooltip,Quantidade mínima de dias de clima temperado,-
jeferson90.progressivedifficulty.settings.badtidechance,Chance de maré ruim,-
jeferson90.progressivedifficulty.settings.jfloodchance,Chance de inundação,-
jeferson90.progressivedifficulty.settings.badtidehandicap,Desvantagem de maré baixa,-
jeferson90.progressivedifficulty.settings.jfloodhandicap,Desvantagem de inundação,-
jeferson90.progressivedifficulty.settings.header.main,Configurações,-
Weather.Flood,Inundação,-
Weather.Notification.FloodApproaching,Inundação se aproximando,-
Weather.Notification.FloodInProgress,Inundação em andamento,-
Weather.FloodStartedNotification,Inundação iniciada,-
Weather.FloodEndedNotification,Inundação encerrada,-
jeferson90.progressivedifficulty.settings.other,Outros,-
jeferson90.progressivedifficulty.settings.evaporation_framework_enable_setting,Ativar Evaporação Personalizada,-
jeferson90.progressivedifficulty.settings.badtidechance_tooltip,"Chance de um ciclo perigoso acontecer, 0,1 = 10%, 0,15 = 15%.. 0,5 = 50% e assim por diante.  
Recomendado manter muito baixo.  

Se a chance de maré alta é 0,5 (50%) e a chance de inundação é 0,5 (50%), então não haverá Clima de Seca.  
Se a chance de maré alta é 0,1 (10%) e a chance de inundação é 0,2 (20%), haverá 70% de chance de Clima de Seca.",-
jeferson90.progressivedifficulty.settings.header.jevaporation,Evaporação+Filtração,-
jeferson90.progressivedifficulty.settings.jevaporation.enable,Ativar,-
jeferson90.progressivedifficulty.settings.jevaporation.enable_tooltip,Ativar evaporação e percolação,-
jeferson90.progressivedifficulty.settings.jevaporation.airevaporation,Multiplicador de Evaporação do Ar,-
jeferson90.progressivedifficulty.settings.jevaporation.seepage,Multiplicador de Vazamento,-
jeferson90.progressivedifficulty.settings.header.general,Geral,-
jeferson90.progressivedifficulty.settings.header.randomizer,Randomizador de Clima,-
