ID,Text,Comment
IgorZ.Automation.CancelTool.Description,Use esta ferramenta para limpar qualquer automação nos edifícios ou canteiros de obras.,-
IgorZ.Automation.CancelTool.Title,Cancelar automação,-
IgorZ.Automation.CheckAccessBlockCondition.Blocking.Description,<YellowHighlight>bloqueia o caminho</YellowHighlight>,-
IgorZ.Automation.CheckAccessBlockCondition.NotBlocking.Description,<YellowHighlight>não bloqueia o caminho</YellowHighlight>,-
IgorZ.Automation.CheckAccessBlockCondition.NotYetReachable,"Os construtores ainda não conseguem alcançá-lo, mas um caminho está sendo construído.",-
IgorZ.Automation.CheckAccessBlockCondition.UnreachableAlert,Canteiro de obras inacessível,-
IgorZ.Automation.CheckAccessBlockCondition.UnreachableStatus,Os construtores não conseguem encontrar o caminho para este local. Talvez nada possa ser construído aqui.,-
IgorZ.Automation.DebugPickTool.Description,Imprime componentes no objeto selecionado.,-
IgorZ.Automation.DebugPickTool.DescriptionHint1,Segure <i>SHIFT</i> para imprimir Acessível.,-
IgorZ.Automation.DebugPickTool.DescriptionHint2,Segure <i>CTRL</i> para imprimir as bordas do NavMesh.,-
IgorZ.Automation.DebugPickTool.Title,Ferramenta de depuração,-
IgorZ.Automation.ShowStatusAction.AutomationErrorAlert,Erro de automação,-
IgorZ.Automation.ShowStatusAction.AutomationErrorDescription,Algumas regras de automação não podem ser executadas.,-
IgorZ.Automation.ShowStatusAction.HoldCompletionStatusText,Aguardando os outros prédios terminarem,-
IgorZ.Automation.ShowStatusAction.HoldConstruction,<YellowHighlight>manter conclusão</YellowHighlight>,-
IgorZ.Automation.ShowStatusAction.ResumeConstruction,<AmareloDestaque>construção de currículo</AmareloDestaque>,-
IgorZ.Automation.Tool.tmpl.2LevelsDynamite.DisplayName,Exploda dinamite 2 vezes,-
IgorZ.Automation.Tool.tmpl.3LevelsDynamite.DisplayName,Explodir dinamite 3 vezes,-
IgorZ.Automation.Tool.tmpl.4LevelsDynamite.DisplayName,Exploda dinamite 4 vezes.,-
IgorZ.Automation.Tool.tmpl.5LevelsDynamite.DisplayName,Exploda dinamite 5 vezes,-
IgorZ.Automation.Tool.tmpl.6LevelsDynamite.DisplayName,Exploda dinamite 6 vezes.,-
IgorZ.Automation.Tool.tmpl.BadtideCloseFloodgate.Description,Aplique este modelo nas comportas que precisam fechar quando a maré alta começa.,-
IgorZ.Automation.Tool.tmpl.BadtideCloseFloodgate.DisplayName,Fechar o comporta durante a maré alta,-
IgorZ.Automation.Tool.tmpl.BadtideOpenFloodgate.Description,Aplique este modelo nas comportas que precisam abrir quando a maré alta começar.,-
IgorZ.Automation.Tool.tmpl.BadtideOpenFloodgate.DisplayName,Abra a comporta durante a maré alta.,-
IgorZ.Automation.Tool.tmpl.BadtidePause.Description,Aplique este modelo em edifícios que devem permanecer pausados durante as marés altas.,-
IgorZ.Automation.Tool.tmpl.BadtidePause.DisplayName,Pausa durante a maré baixa,-
IgorZ.Automation.Tool.tmpl.BeaversAtMax.Description,Aplique este modelo a edifícios que devem estar em funcionamento enquanto houver leitos desocupados.,-
IgorZ.Automation.Tool.tmpl.BeaversAtMax.DisplayName,Execute até que a população de castores esteja no máximo.,-
IgorZ.Automation.Tool.tmpl.BeaversAtMinus10.Description,Aplique este modelo a edifícios que devem permanecer pausados até que a população de castores caia 10 castores abaixo do nível atual.,-
IgorZ.Automation.Tool.tmpl.BeaversAtMinus10.DisplayName,População de castores -10,-
IgorZ.Automation.Tool.tmpl.BeaversAtMinus20.Description,Aplique este modelo a edifícios que devem permanecer pausados até que a população de castores caia 20 castores abaixo do nível atual.,-
IgorZ.Automation.Tool.tmpl.BeaversAtMinus20.DisplayName,População de castores -20,-
IgorZ.Automation.Tool.tmpl.BeaversAtPlus10.Description,Aplique este modelo a edifícios que devem funcionar até a população de castores exceder o nível atual em 10 castores.,-
IgorZ.Automation.Tool.tmpl.BeaversAtPlus10.DisplayName,População de castores +10,-
IgorZ.Automation.Tool.tmpl.BeaversAtPlus20.Description,Aplique este modelo a edifícios que devem estar em funcionamento até que a população de castores exceda o nível atual em 20 castores.,-
IgorZ.Automation.Tool.tmpl.BeaversAtPlus20.DisplayName,População de castores +20,-
IgorZ.Automation.Tool.tmpl.BotsAtMinus10.Description,Aplique este modelo a edifícios que devem permanecer pausados até que a população de robôs caia 10 castores abaixo do nível atual.,-
IgorZ.Automation.Tool.tmpl.BotsAtMinus10.DisplayName,População de bots -10,-
IgorZ.Automation.Tool.tmpl.BotsAtMinus20.Description,Aplique este modelo a edifícios que devem permanecer pausados até que a população de bots caia 20 castores abaixo do nível atual.,-
IgorZ.Automation.Tool.tmpl.BotsAtMinus20.DisplayName,População de bots -20,-
IgorZ.Automation.Tool.tmpl.BotsAtPlus10.Description,Aplique este modelo a edifícios que devem estar em funcionamento até que a população do bot exceda o nível atual em 10 bots.,-
IgorZ.Automation.Tool.tmpl.BotsAtPlus10.DisplayName,População de bots +10,-
IgorZ.Automation.Tool.tmpl.BotsAtPlus20.Description,Aplique este modelo a edifícios que devem estar operando até que a população de bots exceda o nível atual em 20 bots.,-
IgorZ.Automation.Tool.tmpl.BotsAtPlus20.DisplayName,População de bots +20,-
IgorZ.Automation.Tool.tmpl.ChainedBuildings.Description,"Aplique este template em canteiros de obras que podem bloquear os caminhos dos construtores. Nota: Resultados não garantidos, especialmente se os edifícios não estiverem no mesmo nível.",-
IgorZ.Automation.Tool.tmpl.ChainedBuildings.DisplayName,Não bloqueie os construtores.,-
IgorZ.Automation.Tool.tmpl.DroughtCloseFloodgate.Description,Aplique este modelo em comportas que devem fechar quando a seca começar.,-
IgorZ.Automation.Tool.tmpl.DroughtCloseFloodgate.DisplayName,Fechar a comporta durante a seca,-
IgorZ.Automation.Tool.tmpl.DroughtOpenFloodgate.Description,Aplique este modelo em comportas que devem se abrir quando a seca começa.,-
IgorZ.Automation.Tool.tmpl.DroughtOpenFloodgate.DisplayName,Abrir comporta durante a seca,-
IgorZ.Automation.Tool.tmpl.DroughtOpenFlowControl.Description,Aplique este modelo em reguladores de água que precisam estar abertos durante as secas.,-
IgorZ.Automation.Tool.tmpl.DroughtOpenFlowControl.DisplayName,Regulador de água aberta durante a seca,-
IgorZ.Automation.Tool.tmpl.DroughtPause.Description,Aplique este modelo em edifícios que devem permanecer paralisados durante secas.,-
IgorZ.Automation.Tool.tmpl.DroughtPause.DisplayName,Pausa durante a seca,-
IgorZ.Automation.Tool.tmpl.EmptyAt50pct.DisplayName,Esvazie o armazenamento se a capacidade estiver acima de 50%.,-
IgorZ.Automation.Tool.tmpl.EmptyAt60pct.DisplayName,Esvazie o armazenamento se a capacidade estiver acima de 60%.,-
IgorZ.Automation.Tool.tmpl.EmptyAt70pct.DisplayName,Esvazie o armazenamento se a capacidade estiver acima de 70%,-
IgorZ.Automation.Tool.tmpl.EmptyAt80pct.DisplayName,Esvazie o armazenamento se a capacidade estiver acima de 80%,-
IgorZ.Automation.Tool.tmpl.EmptyAt90pct.DisplayName,Esvazie o armazenamento se a capacidade estiver acima de 90%.,-
IgorZ.Automation.Tool.tmpl.EmptyAtXpct.Description,"Este modelo pode ser aplicado a edifícios que produzem um tipo de produto e não possuem estoque de insumos. Se o nível de estoque de <i>produtos</i> exceder o limiar pré-determinado, o edifício irá entrar em um modo 'vazio', facilitando a remoção rápida dos produtos.",-
IgorZ.Automation.Tool.tmpl.TemperateCloseFloodgate.Description,Aplique este modelo em comportas que precisam ser fechadas quando a temporada de temperatura começa.,-
IgorZ.Automation.Tool.tmpl.TemperateCloseFloodgate.DisplayName,Feche a comporta durante o tempo ameno.,-
IgorZ.Automation.Tool.tmpl.TemperateOpenFloodgate.Description,Aplique este template nas comportas que precisam ser abertas quando a temporada temperada começa.,-
IgorZ.Automation.Tool.tmpl.TemperateOpenFloodgate.DisplayName,Abra o portão de inundação durante o clima ameno.,-
IgorZ.Automation.Tool.tmpl.TemperatePause.Description,Aplique este modelo em edifícios que devem permanecer parados durante o clima temperado.,-
IgorZ.Automation.Tool.tmpl.TemperatePause.DisplayName,Pausa durante o clima ameno,-
IgorZ.Automation.Tool.tmpl.TemperateSemiOpenFloodgate.Description,"Aplique este modelo em comportas que devem abrir 0,5 m de sua altura máxima quando a temporada temperada começar.",-
IgorZ.Automation.Tool.tmpl.TemperateSemiOpenFloodgate.DisplayName,Ponte de inundação levemente aberta durante o clima ameno,-
IgorZ.Automation.Tool.tmpl.XLevelsDynamite.Description,"Este modelo pode ser aplicado a dinamites, estejam elas finalizadas ou ainda em construção. Após a conclusão, a dinamite detonará automaticamente e um novo projeto de dinamite será colocado para cavar mais profundo.",-
IgorZ.Automation.ToolGroup.Main.DisplayName,Configurar automação,-
IgorZ.Automation.ToolGroup.Population.DisplayName,Condições populacionais,-
IgorZ.Automation.ToolGroup.Power.DisplayName,Condições de energia,-
IgorZ.Automation.ToolGroup.Storage.DisplayName,Condições de armazenamento,-
IgorZ.Automation.ToolGroup.Terrain.DisplayName,Mudança de terreno,-
IgorZ.Automation.ToolGroup.Water.DisplayName,Condições da água,-
IgorZ.Automation.Tool.CopyRules.Text,Copiar {0} regras,-
IgorZ.Automation.Tool.CopyRules.Title,Copiar regras de automação,-
IgorZ.Automation.Scriptable.Debug.Action.LogNum,escrever um número nos logs: {0},-
IgorZ.Automation.Scriptable.Debug.Action.LogStr,escreva uma string nos logs: {0},-
IgorZ.Automation.Scriptable.Debug.Action.Log,escrever nos logs: '{0}',-
IgorZ.Automation.Scriptable.Debug.Signal.Ticker,temporizador,-
IgorZ.Automation.Scriptable.District.Signal.Beavers,castores no distrito,-
IgorZ.Automation.Scriptable.District.Signal.Bots,bots no distrito,-
IgorZ.Automation.Scriptable.District.Signal.NumberOfBeds,camas no distrito,-
IgorZ.Automation.Scriptable.District.Signal.ResourceCapacity,capacidade do distrito: {0},-
IgorZ.Automation.Scriptable.District.Signal.ResourceStock,estoque do distrito: {0},-
IgorZ.Automation.Scriptable.Floodgate.Action.SetHeight,defina a altura do portão para {0},-
IgorZ.Automation.Scriptable.Inventory.Action.EmptyingStatus,O armazenamento está sendo esvaziado com prioridade.,-
IgorZ.Automation.Scriptable.Inventory.Action.StartEmptyingStock,comece a esvaziar o armazenamento,-
IgorZ.Automation.Scriptable.Inventory.Action.StopEmptyingStock,pare de esvaziar o armazenamento,-
IgorZ.Automation.Scriptable.Inventory.Signal.InputGood,entrada: {0},-
IgorZ.Automation.Scriptable.Inventory.Signal.OutputGood,{0},-
IgorZ.Automation.Scriptable.Pausable.Action.Pause,pausar construção,-
IgorZ.Automation.Scriptable.Pausable.Action.Resume,construção de currículo,-
IgorZ.Automation.Scriptable.Weather.Signal.Season,estação,-
IgorZ.Automation.Scripting.Expressions.AndOperator,e,-
IgorZ.Automation.Scripting.Expressions.OrOperator,ou,-
IgorZ.Automation.Scripting.Expressions.ParseError,ERRO DE ANÁLISE,-
IgorZ.Automation.Scripting.Editor.ActionLabel,Então,-
IgorZ.Automation.Scripting.Editor.ActionMustBeAction,A ação deve ser o operador 'agir',-
IgorZ.Automation.Scripting.Editor.AddRuleFromScriptBtn,Adicionar script,-
IgorZ.Automation.Scripting.Editor.AddRuleViaConstructorBtn,Crie uma regra via construtor,-
IgorZ.Automation.Scripting.Editor.ConditionLabel,Se,-
IgorZ.Automation.Scripting.Editor.ConditionMustBeBoolean,A condição deve ser uma expressão booleana.,-
IgorZ.Automation.Scripting.Editor.ConditionMustHaveSignals,A condição deve conter pelo menos um sinal.,-
IgorZ.Automation.Scripting.Editor.DeletedRule,Regra removida,-
IgorZ.Automation.Scripting.Editor.DialogHeader,Regras de automação,-
IgorZ.Automation.Scripting.Editor.DiscardChangesBtn,Desconsiderar alterações,-
IgorZ.Automation.Scripting.Editor.DiscardScriptBtn,Descartar,-
IgorZ.Automation.Scripting.Editor.EditAsScriptBtn,Roteiro,-
IgorZ.Automation.Scripting.Editor.EditInConstructorBtn,Construtor,-
IgorZ.Automation.Scripting.Editor.MoreInfoBtn,Leia sobre roteirização,-
IgorZ.Automation.Scripting.Editor.NumberConstantType,número,-
IgorZ.Automation.Scripting.Editor.PendingEditsNotification,Existem regras no estado de edição. Complete-as primeiro.,-
IgorZ.Automation.Scripting.Editor.ReadMoreLink,https://github.com/ihsoft/TimberbornMods/wiki/Automation-(scripting),-
IgorZ.Automation.Scripting.Editor.ResetChangesBtn,Reiniciar alterações,-
IgorZ.Automation.Scripting.Editor.SaveRulesBtn,Salvar e fechar,-
IgorZ.Automation.Scripting.Editor.SaveScriptBtn,Salvar,-
IgorZ.Automation.Scripting.Editor.StringConstantType,cadeia,-
IgorZ.Automation.Scripting.Editor.TemplateFamilyLabel,Grupo de modelo: {0},-
IgorZ.Automation.Scripting.Editor.TestScriptBtn,Teste,-
IgorZ.Automation.Scripting.Editor.UnsavedChangesConfirmation,Existem alterações não salvas. Você deseja descartá-las?,-
TimberDev_Utils.Tools.LockSelectTool.DescriptionHint,Mantenha <i>SHIFT</i> pressionado para selecionar itens de um único tipo.,-
TimberDev_Utils.Tools.LockSelectTool.SelectingNObjects,Selecionando: {0} (x{1}),-
TimberDev_Utils.Tools.LockSelectTool.SelectingObject,Selecionando: {0},-
TimberDev_Utils.Tools.LockSelectTool.StartObjectSelectingPrompt,Clique para começar a selecionar: {0},-
TimberDev_Utils.Tools.LockSelectTool.StartSelectingPrompt,Aponte para uma entidade e clique para começar a selecionar,-
