ID,Text,Comment
Knatte.PowerLevee.DisplayName,Manguito Energizado,-
Knatte.PowerLevee.Description,Dique que possui eixo para acionar as bombas. Tanto horizontal quanto vertical.,-
Knatte.UPowerLevee.DisplayName,Manga Universal com Alimentação,-
Knatte.UPowerLevee.Description,Levee que possui um eixo para acionar bombas. Conectado em todos os lados.,-
Knatte.LargeWaterWheelLevee.DisplayName,Grande Roda d'Água com Dique,-
Knatte.LargeWaterWheelLevee.Description,Roda d'água que também possui uma barragem inclinada para ajudar a manter a água dentro dos canais e evitar transbordamentos.,-
Knatte.TurbineSmall.DisplayName,Turbina Pequena,-
Knatte.TurbineSmall.Description,Uma pequena turbina que gera energia na mesma direção que o eixo.,-
Knatte.TurbineSmall.FlavorDescription,Obrigado 99Cent e Ymerzeru pela inspiração.,-
Knatte.TurbineBig.DisplayName,Turbina Grande,-
Knatte.TurbineBig.Description,Uma turbina grande que gera energia na mesma direção que o eixo,-
Knatte.TurbineBig.FlavorDescription,"Ou vai grande, ou vai pra casa",-
