ID,Text,Comment
LV.T4UX.KeybindingGroup,TImprovement 4 UX,-
LV.T4UX.UndoHotkey,Desfazer construção,-
LV.T4UX.ShiftToDelete,Pressione Shift para deletar,-
LV.T4UX.ShiftToDeleteDesc,Segure a Ação Alternativa (Shift por padrão) enquanto escolhe a ferramenta de construção para deletar esse tipo de construção.,-
LV.T4UX.ShiftToDeleteAll,Excluir todos os tipos de edifícios,-
LV.T4UX.ShiftToDeleteAllDesc,"Segurando a Ação Alternativa, delete todos os tipos de edifícios em vez de apenas este tipo.",-
LV.T4UX.ConfirmUndo,"Alguns edifícios já estavam em andamento ou concluídos, você tem certeza de que deseja desfazer a construção?",-
LV.T4UX.RecentToolHotkey,Ferramenta recente,-
LV.T4UX.UndoCount,Contagem de desfazer,-
LV.T4UX.UndoCountDesc,Quantas ações de construção Desfazer você pode realizar em sequência,-
LV.T4UX.UndoEmpty,Nenhuma ação de desfazer disponível,-
LV.T4UX.CollapseEntityPanel,Painéis de entidades colapsáveis,-
LV.T4UX.CollapseEntityPanelDesc,Faça os painéis de entidade (os painéis de informações à direita quando você seleciona um edifício) serem colapsáveis. Só pode ser alterado a partir do Menu Principal.,-
LV.T4UX.CollapseEntityPanelGlobal,Estado de colapso global,-
LV.T4UX.CollapseEntityPanelGlobalDesc,Faça com que o estado de colapso seja salvo globalmente em vez de por salvamento,-
LV.T4UX.ShowDynamiteDestruction,Mostrar destruição de dinamite,-
LV.T4UX.ShowDynamiteDestructionDesc,"Mostre o terreno e os edifícios que seriam destruídos ao selecionar uma Dinamite. Se você tiver o mod Dinamite Multidirecional ativado, esta opção não é necessária, e esse mod sempre irá habilitar esta opção.",-
LV.T4UX.UpdateText740,"- Adicionada a função 'Copiar edifício'. Enquanto estiver na ferramenta padrão (Cursor), clique com o botão do meio do mouse (mouse 3, reatributível) em um edifício para mudar rapidamente para a ferramenta desse edifício. Você também pode segurar Shift para deletar edifícios correspondentes com a função 'Shift para Deletar'.
- As seguintes funções agora funcionam no Editor de Mapas: Ferramenta recente, painéis de entidades recolhíveis e a função 'Copiar edifício' recém-adicionada.
- Corrigido o aviso de trabalhador ocioso desativado nas Configurações do Mod que não estava funcionando.
- Corrigido a tecla de atalho da ferramenta recente que não estava funcionando.",-
LV.T4UX.WorkerIdleWarning,Aviso sobre trabalhadores ociosos,-
LV.T4UX.WorkerIdleWarningDesc,Adicionar um aviso quando um trabalhador não tiver trabalho a fazer em um local de trabalho,-
LV.T4UX.WorkerIdleWarningDisable,Desativar aviso de inatividade para todos os {0},-
LV.T4UX.WorkerIdleStatus,Há trabalhadores sem nada para fazer,-
LV.T4UX.WorkerIdleStatusShort,Trabalhador ocioso,-
LV.T4UX.CopyHotkey,Copiar construção,-
LV.T4UX.RotateCordinalLeft,Rotação Cardinal para Esquerda,-
LV.T4UX.RotateCordinalRight,Rotação Cardinal à Direita,-
Name_AdjustableStrengthPowerGeneratorFragment,Gerador de Potência de Desenvolvimento,-
Name_AdulthoodFragment,Idade Adulta,-
Name_AttractionFragment,Visitantes,-
Name_AttractionLoadRateFragment,Popularidade,-
Name_BatteryFragment,Bateria,-
Name_BeaverBuildingsFragment,Edifícios Relacionados,-
Name_BehaviorManagerDebugFragment,Depuração de Comportamento,-
Name_BonusManagerDebugFragment,Depuração de Bônus,-
Name_BreedingPodFragment,Reprodutor de Biomas,-
Name_BuildingHPFragment,HP da Construção,-
Name_CharacterControlFragment,Depuração de Controle de Personagem,-
Name_ConstructionSiteDebugFragment,Depuração de Construção,-
Name_ConstructionSiteFragment,Canteiro de Obras,-
Name_DemolishableFragment,Demolição,-
Name_DemolishablePriorityFragment,Prioridade de Demolição,-
Name_DeteriorableDebugFragment,Depuração de Degradação,-
Name_DeteriorableFragment,Durabilidade,-
Name_DistrictCenterFragment,Centro do Distrito,-
Name_DistrictCrossingInventoryFragment,Inventário de Cruzamento,-
Name_DwellingDebugFragment,Depuração de Habitação,-
Name_DwellingUserFragment,Residentes,-
Name_DyingNaturalResourceFragment,Status da Planta,-
Name_DynamiteFragment,Dinamite,-
Name_FarmHouseFragment,Casa de Fazenda,-
Name_FloodgateFragment,Portão de Inundação,-
Name_ForesterFragment,Silvicultor,-
Name_GatherableFragment,Coletável,-
Name_GatherablePrioritizerFragment,Prioridade de Coleta,-
Name_GoodCarrierFragment,Transportador,-
Name_GoodConsumingBuildingFragment,Consumindo,-
Name_GoodStackFragment,Pilha de Bens,-
Name_GrowableFragment,Crescimento,-
Name_HaulCandidateDebugFragment,Depuração de Transporte,-
Name_HaulCandidateFragment,Transportando,-
Name_InventoryDebugFragment,Depuração do Inventário,-
Name_ManufactoryFragment,Manufatura,-
Name_ManufactoryInventoryFragment,Inventário da Oficina,-
Name_ManufactoryTogglableRecipesFragment,Receitas,-
Name_MechanicalNodeFragment,Nó de Potência,-
Name_MMFragment,Macrogestão,-
Name_MultiSelectFragment,Multi-Seletor,-
Name_PlantablePrioritizerFragment,Prioridade de Plantio,-
Name_ProductionProgressFragment,Progresso,-
Name_ProductivityFragment,Produtividade,-
Name_RecoveredGoodStackFragment,Bens Recuperados,-
Name_RenovationStockpileFragment,Depósito de Renovação,-
Name_RuinFragment,Ruína,-
Name_ScienceNeedingBuildingFragment,Ciência Necessária,-
Name_SimpleOutputInventoryFragment,Inventário,-
Name_SluiceFragment,Portão de Sangria,-
Name_StatusListFragment,Status,-
Name_StockpileGoodColumnVisualizerDebugFragment,Depuração de Estoque,-
Name_StockpileInventoryDebugFragment,Depuração de Inventário,-
Name_StockpileInventoryFragment,Estoque,-
Name_StockpilePriorityFragment,Prioridade do Armazém,-
Name_StreamGaugeFragment,Medidor de Fluxo,-
Name_TailDecalSupplierFragment,Decalque de Cauda,-
Name_WaterInputDepthFragment,Profundidade da Água,-
Name_WaterMoverFragment,Bomba de Fluido,-
Name_WaterSourceFragment,Fonte de Água (Dev),-
Name_WaterSourceRegulatorFragment,Regulador de Fluxo,-
Name_WellbeingFragment,Bem-estar,-
Name_WindGaugeFragment,Anemômetro,-
Name_WirelessCoilFragment,Bobina Sem Fio,-
Name_WonderDebugFragment,Depuração de Maravilhas,-
Name_WonderFragment,Maravilha,-
Name_WorkplaceFragment,Local de Trabalho,-
Name_WorkshopDebugFragment,Estrutura de Depuração,-
Name_ZiplineTowerFragment,Torres de Zipline,-
Name_DistrictCenterFragment_DistrictCenterInventoryFragment,Inventário,-
Name_SluiceFragment_Automation,Automação de Comporta,-
Name_SluiceFragment_WaterInfo,Informações sobre a Água da Barragem,-
Name_BreedingPodFragment_BreedingPodInventoryFragment,Inventário,-
Name_WorkplaceShiftFragment,Horário do Turno,-
Name_UnstableCoreFragment,Núcleo Instável,-
Name_DecalSupplierFragment,Fornecedor de Decalques,-
Name_TimedComponentActivatorSettingsFragment,Configurações do Ativador de Componente Temporizado,-
Name_BlueprintDebugFragment,Depuração de Projeto,-
Name_UnstableCoreDebugFragment,Núcleo Instável de Debug,-
Name_FlippableDecalFragment,[NÃO_ENCOLHER],-
Name_RecoveredGoodStackDisintegrationFragment,[NÃO_COLAPSE],-
Name_SluiceFragment_SynchronizeWrapper,[NÃO_COMPRIMIR],-
Name_TailDecalSupplierFragment_,[NÃO_COLAPSE],-
Name_DecalSupplierFragment_,[NÃO_DUSE_FRAQUEJAR],-
