ID,Text,Comment
Knatte.Subgroup_MGShafts.DisplayName,Eixos,-
Knatte.Subgroup_MGPower.DisplayName,Geradores de Energia,-
Knatte.Subgroup_MGPiles.DisplayName,Pilhas,-
Knatte.Subgroup_MGWarehouses.DisplayName,Armazéns,-
Knatte.Subgroup_MGTanks.DisplayName,Tanques,-
Knatte.Subgroup_MGAqueduct.DisplayName,Aquedutos,-
Knatte.Subgroup_MGFloodgates.DisplayName,Portões de inundação,-
Knatte.Subgroup_MGAqueduct_Floors.DisplayName,Pisos de Aqueduto,-
Knatte.Subgroup_MGDynamite.DisplayName,Dinamites,-
Knatte.Subgroup_MGRoofs.DisplayName,Telhados,-
Knatte.Subgroup_MGLevees.DisplayName,Diques,-
Knatte.Subgroup_MGPipe.DisplayName,Tubos,-
Knatte.Subgroup_MGMetalPlatform.DisplayName,Plataformas de metal,-
Knatte.Subgroup_MGMetalOverhang.DisplayName,Beirais de metal,-
Knatte.Subgroup_MGBigMetalPillar.DisplayName,Grandes pilares de metal,-
Knatte.Subgroup_MGOverhangs.DisplayName,Beirais,-
Knatte.Subgroup_MGZiplines.DisplayName,Tirolesas,-
Knatte.Subgroup_MGArchs.DisplayName,Arcos,-
Knatte.Subgroup_MGTubeways.DisplayName,Tubovias,-
Knatte.Subgroup_MGBridges.DisplayName,Pontes suspensas,-
Knatte.Subgroup_MGPillars.DisplayName,Pilares,-
Knatte.Subgroup_MGPlatforms.DisplayName,Plataformas,-
Knatte.Subgroup_MGStaircase.DisplayName,Escadarias,-
