ID,Text,Comment
UI.TW.SimpleWorkshopControl.Blocked,Várias condições de controle não atendidas,-
UI.TW.SimpleWorkshopControl.BlockedInput,Condição de Ingredientes Automáticos não atendida,-
UI.TW.SimpleWorkshopControl.BlockedProduct,Condição de produtos automáticos não atendida,-
UI.TW.SimpleWorkshopControl.BlockedUser,Condição de controle do usuário não atendida,-
UI.TW.SimpleWorkshopControl.BlockedPlanting,Condição de plantio automático não atendida,-
UI.TW.SimpleWorkshopControl.BlockedHarvest,Nada adequado para colher,-
UI.TW.SimpleWorkshopControl.SciencePoints,Pontos de Ciência,-
UI.TW.SimpleWorkshopControl.BotPopulation,População de Bots,-
UI.TW.SimpleWorkshopControl.BeaverPopulation,População de Castores,-
UI.TW.SimpleWorkshopControl.BeaverGlobalPopulation,"População de Castores, Global",-
UI.TW.SimpleWorkshopControl.BeaverDistrictPopulation,"População de Castores, Distrito",-
UI.TW.SimpleWorkshopControl.BotGlobalPopulation,"População de Bots, Global",-
UI.TW.SimpleWorkshopControl.BotDistrictPopulation,"População de Bots, Distrito",-
UI.TW.SimpleWorkshopControl.WorkshopControls,Controles da Oficina,-
UI.TW.SimpleWorkshopControl.Hide,Esconder,-
UI.TW.SimpleWorkshopControl.RequireInputs,Ingredientes Automáticos,-
UI.TW.SimpleWorkshopControl.UseAutoProducts,Produtos Automáticos,-
UI.TW.SimpleWorkshopControl.Controller,Controle do Usuário:,-
UI.TW.SimpleWorkshopControl.AutoPlanting,Plantio Automático,-
UI.TW.SimpleWorkshopControl.UseHarvestCheck,Verificar colheita,-
UI.TW.SimpleWorkshopControl.NullGoodId,Nenhum,-
UI.TW.SimpleWorkshopControl.Percent,Porcentagem,-
UI.TW.SimpleWorkshopControl.Value,Valor,-
UI.TW.SimpleWorkshopControl.Invert,Inverter,-
UI.TW.SimpleWorkshopControl.Start,Iniciar,-
UI.TW.SimpleWorkshopControl.Stop,Parar,-
UI.TW.SimpleWorkshopControl.CurrentStock,Estoque,-
UI.TW.SimpleWorkshopControl.Capacity,Capacidade,-
UI.TW.SimpleWorkshopControl.InfoHeader,Informações do Controle da Oficina,-
UI.TW.SimpleWorkshopControl.AtOrBelow,igual ou abaixo,-
UI.TW.SimpleWorkshopControl.AtOrAbove,igual ou acima,-
UI.TW.SimpleWorkshopControl.Below,abaixo,-
UI.TW.SimpleWorkshopControl.Above,acima,-
UI.TW.SimpleWorkshopControl.ZeroCapacityProductWarning,! Produto de capacidade zero; o edifício funcionará até o armazenamento privado estar cheio.,-
UI.TW.SimpleWorkshopControl.ZeroCapacityIngredientWarning,! Ingrediente de capacidade zero; o controle comparará os bens disponíveis às necessidades da receita em vez de à porcentagem da capacidade (aplica-se a todos os ingredientes).,-
UI.TW.SimpleWorkshopControl.GlobalInventoryFallback,Nenhum distrito disponível. Usando inventário global.,-
ModSetting.TWSimpleWorkshopControl.ShowStatusIcons,Exibir ícones de status,-
ModSetting.TWSimpleWorkshopControl.ShowStatusIconsDesc,Um ícone de status aparecerá acima dos edifícios bloqueados,-
ModSetting.TWSimpleWorkshopControl.RequireInputsDefault,Ingredientes automáticos por padrão,-
ModSetting.TWSimpleWorkshopControl.RequireInputsDefaultDesc,Os edifícios recém-construídos começarão com Ingredientes Automáticos ativados.,-
ModSetting.TWSimpleWorkshopControl.AutoProductsDefault,Produto automático padrão,-
ModSetting.TWSimpleWorkshopControl.AutoProductsDefaultDesc,Os edifícios recém-construídos começarão com Produtos Automáticos ativados,-
ModSetting.TWSimpleWorkshopControl.RecipeRequirementStart,Inicio padrão dos ingredientes automáticos,-
ModSetting.TWSimpleWorkshopControl.RecipeRequirementStartDesc,Os edifícios de ingredientes automáticos começarão quando todos os ingredientes atingirem esta porcentagem da capacidade global.,-
ModSetting.TWSimpleWorkshopControl.RecipeRequirementStop,Parada padrão de ingredientes automático,-
ModSetting.TWSimpleWorkshopControl.RecipeRequirementStopDesc,As fábricas de ingredientes automáticas pararão quando qualquer ingrediente cair abaixo deste percentual da capacidade global.,-
ModSetting.TWSimpleWorkshopControl.AutoProductStart,Inicio automático de produtos padrão,-
ModSetting.TWSimpleWorkshopControl.AutoProductStartDesc,Os edifícios de produção automática começarão quando todos os produtos estiverem abaixo deste percentual da capacidade global,-
ModSetting.TWSimpleWorkshopControl.AutoProductStop,Parada automática de produtos padrão,-
ModSetting.TWSimpleWorkshopControl.AutoProductStopDesc,Os edifícios de produção automática pararão quando qualquer produto estiver acima desta porcentagem da capacidade global.,-
ModSetting.TWSimpleWorkshopControl.UIMinHeight,Altura mínima da UI,-
ModSetting.TWSimpleWorkshopControl.UIMinHeightDesc,Controla quanto espaço o fragmento de controle pode usar no painel da entidade,-
ModSetting.TWSimpleWorkshopControl.UIMaxHeight,Altura máxima da UI,-
ModSetting.TWSimpleWorkshopControl.UIMaxHeightDesc,Controla quanto espaço o fragmento de controle pode usar no painel da entidade,-
ModSetting.TWSimpleWorkshopControl.AutoPlantingDefault,Plantio automático padrão,-
ModSetting.TWSimpleWorkshopControl.AutoPlantingDefaultDesc,Edifícios recém-construídos começarão com o Plantio Automático ativado,-
UI.TW.SimpleWorkshopControl.AutoPlantingCooldown,Tempo de recarga:,-
UI.TW.SimpleWorkshopControl.HarvestCheckCooldown,Tempo de recarga:,-
UI.TW.SimpleWorkshopControl.UseGlobalInventory,Inventário Global,-
ModSetting.TWSimpleWorkshopControl.GlobalInventory,Usar inventário global,-
ModSetting.TWSimpleWorkshopControl.GlobalInventoryDesc,Utilize o inventário global em vez do inventário do distrito.,-
ModSetting.TWSimpleWorkshopControl.PerBuildingGlobalInventory,Inventário global por edifício,-
ModSetting.TWSimpleWorkshopControl.PerBuildingGlobalInventoryDesc,Selecione o inventário global ou do distrito em cada edifício. A configuração 'usar inventário global' acima desta será usada como padrão para novos edifícios.,-
ModSetting.TWSimpleWorkshopControl.GoodsMax,Máximo do controle deslizante de bens,-
ModSetting.TWSimpleWorkshopControl.GoodsMaxDesc,O valor máximo permitido para os controles deslizantes de controle do usuário,-
ModSetting.TWSimpleWorkshopControl.PopulationMax,Máximo do controle deslizante de população,-
ModSetting.TWSimpleWorkshopControl.PopulationMaxDesc,O valor máximo permitido para os controles deslizantes do usuário,-
ModSetting.TWSimpleWorkshopControl.ScienceMax,Máximo do controle deslizante de ciência,-
ModSetting.TWSimpleWorkshopControl.ScienceMaxDesc,O valor máximo permitido para os controles deslizantes de usuário,-
ModSetting.TWSimpleWorkshopControl.CheckHarvestableCooldown,Verificar cooldown de colheita,-
ModSetting.TWSimpleWorkshopControl.CheckHarvestableCooldownDesc,Número padrão de horas de castor para manter o edifício ativo após não haver plantas colecionáveis.,-
ModSetting.TWSimpleWorkshopControl.harvestCheckDefault,Verificar padrão de colheita,-
ModSetting.TWSimpleWorkshopControl.HarvestCheckDefaultDesc,Os edifícios recém-construídos começarão com a opção Verificar Colhível ativada,-
UI.TW.SimpleWorkshopControl.TT.HarvestCheckToggle,Desligar quando não há nada para colher,-
UI.TW.SimpleWorkshopControl.TT.HarvestCooldown,Permanece ativo por este tempo após a colheita ser concluída (em horas-de-capivara),-
UI.TW.SimpleWorkshopControl.TT.IncreaseUI,Aumentar a altura da interface,-
UI.TW.SimpleWorkshopControl.TT.DecreaseUI,Diminuir altura da interface,-
UI.TW.SimpleWorkshopControl.TT.HideUI,Ocultar controles de comportamento da oficina,-
UI.TW.SimpleWorkshopControl.TT.ShowBehaviorInfo,Mostrar informações de depuração do comportamento,-
UI.TW.SimpleWorkshopControl.TT.UseGlobalInventory,Comparar inventário global ou do distrito,-
UI.TW.SimpleWorkshopControl.TT.AutoPlantingToggle,Ativar e desativar a construção quando houver plantio a ser feito,-
UI.TW.SimpleWorkshopControl.TT.AutoPlantingCooldown,Permanece ativo por este tempo após o plantio ser concluído (em horas de castor),-
UI.TW.SimpleWorkshopControl.TT.AutoIngredientsToggle,Desligar a construção quando os ingredientes estiverem baixos,-
UI.TW.SimpleWorkshopControl.TT.ShowSettings,Mostrar configurações,-
UI.TW.SimpleWorkshopControl.TT.HideSettings,Ocultar configurações,-
UI.TW.SimpleWorkshopControl.TT.AutoProductsToggle,Desligar construção quando os produtos estiverem acima de Parar,-
UI.TW.SimpleWorkshopControl.TT.UserControlInputChannel,Cano de entrada a ser usado para o comportamento de controle do usuário,-
UI.TW.SimpleWorkshopControl.TT.UserControlInvert,Trocar as posições de Iniciar e Parar,-
UI.TW.SimpleWorkshopControl.TT.UserPercentDropdown,Escolha se Iniciar e Parar são uma porcentagem ou um número absoluto,-
UI.TW.UI.TT.Start,Iniciar,-
UI.TW.UI.TT.Stop,Parar,-
ModSetting.TWSimpleWorkshopControl.UseToolTips,Mostrar Dicas,-
ModSetting.TWSimpleWorkshopControl.UseToolTipsDesc,Exibir pequenas janelas de ajuda ao passar o mouse sobre os controles (como esta aqui! =^.^= ),-
ModSetting.TWSimpleWorkshopControl.AutoPlantingFarmCooldown,Recuperação de plantio da fazenda,-
ModSetting.TWSimpleWorkshopControl.AutoPlantingFarmCooldownDesc,Quantas horas-de-castor as fazendas de plantio automático permanecerão ativas após o término do último trabalho de plantio.,-
ModSetting.TWSimpleWorkshopControl.AutoPlantingForesterCooldown,Tempo de recarga do plantio do Silvicultor,-
ModSetting.TWSimpleWorkshopControl.AutoPlantingForesterCooldownDesc,Quantas horas de castor os plantadores automáticos permanecerão ativos após o último trabalho de plantio ser concluído.,-
ModSetting.TWSimpleWorkshopControl.AutoIngredientsZeroCapMultiplier,Escala de zero-cap para ingredientes automáticos,-
ModSetting.TWSimpleWorkshopControl.AutoIngredientsZeroCapMultiplierDesc,"Quando não há capacidade de armazenamento para um recurso, os ingredientes automáticos verificarão o estoque disponível em relação à quantidade da receita multiplicada por este número (em vez de em relação a uma porcentagem da capacidade de armazenamento).",-
ModSetting.TWSimpleWorkshopControl.AutoIngredientsIncludeFuel,Incluir combustível,-
ModSetting.TWSimpleWorkshopControl.AutoIngredientsIncludeFuelDesc,Combustível será incluído como um ingrediente necessário.,-
UI.TW.SimpleWorkshopControl.TT.AutoProductsZeroCapWarning,Sem edifício de armazenamento para o(s) produto(s). Usando regras de capacidade zero (clique para mais informações),-
UI.TW.SimpleWorkshopControl.TT.AutoIngredientsZeroCapWarning,Sem edifício de armazenamento para ingrediente(s). Usando regras de capacidade zero (clique para mais info),-
ModSetting.TWSimpleWorkshopControl.PriorityHarvestDefault,Prioridade de colheita padrão,-
ModSetting.TWSimpleWorkshopControl.PriorityHarvestDefaultDesc,As construções recém-construídas começarão com o Prioritizador de Coleta ativado.,-
UI.TW.SimpleWorkshopControl.UsePriorityHarvest,Prioridade de colheita,-
UI.TW.SimpleWorkshopControl.TT.UsePriorityHarvestToggle,Definir automaticamente o recurso priorizado para o mais necessário.,-
UI.TW.SimpleWorkshopControl.RangeType,Escala,-
ModSetting.TWSimpleWorkshopControl.PerBuildingAutoSliders,Deslizadores automáticos por edifício,-
ModSetting.TWSimpleWorkshopControl.PerBuildingAutoSlidersDesc,"Quando marcado, os valores de início/parada para cada prédio podem ser escolhidos no jogo. Quando desmarcado, todos os prédios usarão os padrões da configuração do mod.",-
