ID,Text,Comment
ToolGroups.Platforms,Plataformas e Salientes,-
Building.Overhang7x1.DisplayName,Saliente 7x1,-
Building.Overhang3x1.Centered.DisplayName,Saliente 3x1 Centralizado,-
Building.Overhang5x1.Centered.DisplayName,Saliente 5x1 Centralizado,-
Building.Overhang7x1.Centered.DisplayName,Saliente 7x1 Centralizado,-
Building.MetalPlatform7x7.DisplayName,Plataforma de Metal 7x7,-
Building.MetalPlatform7x7.Ladder.DisplayName,Plataforma de Metal 7x7 com Escada,-
Building.SuspensionBridge7x1.DisplayName,Ponte Pênsil 7x1,-
Building.SuspensionBridge8x1.DisplayName,Ponte Pênsil 8x1,-
