ID,Text,Comment
Building.JamStove.DisplayName,Fogão de Geleia,-
Building.JamStove.Description,Ferve frutas silvestres em geleia para processamento adicional.,-
Building.JamStove.FlavorDescription,A panela teve que ser fechada depois que muitos castores amantes de doces foram tentados pela deliciosa geleia.,-
Good.BerryBun.DisplayName,pães de frutas,-
Good.BerryBun.PluralDisplayName,Pãezinhos de fruta,-
Good.BerryJam.DisplayName,Geleia de fruta,-
Good.BerryJam.PluralDisplayName,Geleia de fruta,-
