ID,Text,Comment
LV.AC.AirlockChamber,Câmara de Despressurização,-
LV.AC.AirlockChamberDesc,"Bloqueia a água, mas permite a passagem em ambas as direções.",-
LV.AC.AirlockChamberFlavor,Reengenharia de um cofre submerso rotulado 'Não Abra Quando Úmido',-
LV.AC.AirlockChamber4,Câmara de Acesso com 6 Lados,-
LV.AC.AirlockChamber4Desc,"Bloquear água, mas permitir passagem em seis direções.",-
LV.AC.AirlockChamber4Flavor,Princípio Schröbeaver: estados de caminho e poça colapsam apenas quando você espia.,-
