ID,Text,Comment
Knatte.Subgroup_MGShafts.DisplayName,Валы,-
Knatte.Subgroup_MGPower.DisplayName,Электрогенераторы,-
Knatte.Subgroup_MGPiles.DisplayName,Геморрой,-
Knatte.Subgroup_MGWarehouses.DisplayName,Склады,-
Knatte.Subgroup_MGTanks.DisplayName,Танки,-
Knatte.Subgroup_MGAqueduct.DisplayName,Акведуки,-
Knatte.Subgroup_MGFloodgates.DisplayName,Дамбы,-
Knatte.Subgroup_MGAqueduct_Floors.DisplayName,Акведук Полы,-
Knatte.Subgroup_MGDynamite.DisplayName,Динамиты,-
Knatte.Subgroup_MGRoofs.DisplayName,Крыши,-
Knatte.Subgroup_MGLevees.DisplayName,Дамбы,-
Knatte.Subgroup_MGPipe.DisplayName,Трубы,-
Knatte.Subgroup_MGMetalPlatform.DisplayName,Металлические платформы,-
Knatte.Subgroup_MGMetalOverhang.DisplayName,Металлические выступы,-
Knatte.Subgroup_MGBigMetalPillar.DisplayName,Большие металлические колонны,-
Knatte.Subgroup_MGOverhangs.DisplayName,Выступы,-
Knatte.Subgroup_MGZiplines.DisplayName,Зиплайны,-
Knatte.Subgroup_MGArchs.DisplayName,Арки,-
Knatte.Subgroup_MGTubeways.DisplayName,Трубопроводы,-
Knatte.Subgroup_MGBridges.DisplayName,Подвесные мосты,-
Knatte.Subgroup_MGPillars.DisplayName,Колонны,-
Knatte.Subgroup_MGPlatforms.DisplayName,Платформы,-
Knatte.Subgroup_MGStaircase.DisplayName,Лестницы,-
