ID,Text,Comment
Building.Brewery.Description,"Заваривайте фрукты, семена и урожай в вкусный чай.",-
Building.Brewery.DisplayName,Пивоварня,-
Building.Brewery.FlavorDescription,"Время чая, всем.",-
Building.JamStove.Description,Варит ягоды в варенье для дальнейшей переработки.,-
Building.JamStove.DisplayName,Варочная печь для варенья,-
Building.JamStove.FlavorDescription,"Кастрюлю пришлось закрыть после того, как слишком много сладкоежек-бобров было соблазнено вкусным вареньем.",-
Building.MealPrepHut.Description,Сортирует еду по определённым наборам блюд.,-
Building.MealPrepHut.DisplayName,Хижина приготовления еды,-
Building.MealPrepHut.FlavorDescription,Время готовить много еды.,-
Building.MedicalBedBeeSting.Description,Ускоренное лечение от укусов пчел.,-
Building.MedicalBedBeeSting.DisplayName,Медицинская кровать - Укус пчелы,-
Building.MedicalBedBeeSting.FlavorDescription,Укус пчелы — это неприятно.,-
Building.MedicalBedInjury.Description,Ускоренное лечение травм.,-
Building.MedicalBedInjury.DisplayName,Медицинская кровать - Травма,-
Building.MedicalBedInjury.FlavorDescription,Травмы случаются.,-
Good.BeeStingRemedy.DisplayName,Препарат от укуса пчелы,-
Good.BeeStingRemedy.PluralDisplayName,Средства от укусов пчел,-
Good.BerryBun.DisplayName,Ягодные булочки,-
Good.BerryBun.PluralDisplayName,Ягодные булочки,-
Good.BerryJam.DisplayName,Ягодное варенье,-
Good.BerryJam.PluralDisplayName,Ягодное варенье,-
Good.BerryMuffin.DisplayName,Ягодный маффин,-
Good.BerryMuffin.PluralDisplayName,Ягодные кексы,-
Good.BerryPie.DisplayName,Ягодный пирог,-
Good.BerryPie.PluralDisplayName,Ягодные Пироги,-
Good.BerryTea.DisplayName,Ягодный чай,-
Good.BerryTea.PluralDisplayName,Ягодный чай,-
Good.CBJSandwich.DisplayName,Сэндвич с арахисовым маслом и желе,-
Good.CBJSandwich.PluralDisplayName,Хлеб с арахисовым маслом и джемом,-
Good.CarrotCake.DisplayName,Морковный торт,-
Good.CarrotCake.PluralDisplayName,Морковные торты,-
Good.CarrotTea.DisplayName,Морковный чай,-
Good.CarrotTea.PluralDisplayName,Морковный чай,-
Good.CassavaCake.DisplayName,Кассавовый пирог,-
Good.CassavaCake.PluralDisplayName,Кассава Кеки,-
Good.ChestnutButter.DisplayName,Каштановое масло,-
Good.ChestnutButter.PluralDisplayName,Ореховый крем,-
Good.CornCoffee.DisplayName,Кукурузный кофе,-
Good.CornCoffee.PluralDisplayName,Кукурузный кофе,-
Good.DandelionTea.DisplayName,Чай из одуванчиков,-
Good.DandelionTea.PluralDisplayName,Череда Данделиона,-
Good.FermentedBerries.DisplayName,Ферментированные ягоды,-
Good.FermentedBerries.PluralDisplayName,Ферментированные Ягоды,-
Good.FermentedCorn.DisplayName,Броженая кукуруза,-
Good.FermentedCorn.PluralDisplayName,Броженый кукуруза,-
Good.FermentedEggplant.DisplayName,Квашеный баклажан,-
Good.FermentedEggplant.PluralDisplayName,Ферментированный Баклажан,-
Good.GrilledCarrot.DisplayName,Жареная морковь,-
Good.GrilledCarrot.PluralDisplayName,Жареная морковь,-
Good.GrilledSunflowerSeeds.DisplayName,Жареное подсолнечное семя,-
Good.GrilledSunflowerSeeds.PluralDisplayName,Запеченные семена подсолнуха,-
Good.GrilledWaffle.DisplayName,Жареный вафля,-
Good.GrilledWaffle.PluralDisplayName,Жареный вафель,-
Good.HealingBandage.DisplayName,Пояс целебной повязки,-
Good.HealingBandage.PluralDisplayName,Целебные повязки,-
Good.HealingBrew.DisplayName,Целебный напиток,-
Good.HealingBrew.PluralDisplayName,Лечебный напиток,-
Good.MangroveFruitCoffee.DisplayName,Кофе из мангровых фруктов,-
Good.MangroveFruitCoffee.PluralDisplayName,Кофе из фруктов мангрового дерева,-
Good.MealBox.DisplayName,Коробка с едой,-
Good.MealBox.PluralDisplayName,Коробки с едой,-
Good.MealFTSet1.DisplayName,Набор свежих блюд 1,-
Good.MealFTSet1.PluralDisplayName,Свежие блюда Набор 1,-
Good.MealFTSet2.DisplayName,Свежий набор блюд 2,-
Good.MealFTSet2.PluralDisplayName,Свежие блюда Набор 2,-
Good.MealFTSet3.DisplayName,Свежий набор блюд 3,-
Good.MealFTSet3.PluralDisplayName,Набор свежих блюд 3,-
Good.MealFTSet4.DisplayName,Набор свежих блюд 4,-
Good.MealFTSet4.PluralDisplayName,Набор свежих блюд 4,-
Good.MealFTSet5.DisplayName,Набор свежих блюд 5,-
Good.MealFTSet5.PluralDisplayName,Набор свежих блюд 5,-
Good.MealITSet1.DisplayName,Экспресс-набор еды 1,-
Good.MealITSet1.PluralDisplayName,Набор экспресс-блюд 1,-
Good.MealITSet2.DisplayName,Экспресс-набор еды 2,-
Good.MealITSet2.PluralDisplayName,Набор экспресс-блюд 2,-
Good.MealITSet3.DisplayName,Экспресс-набор еды 3,-
Good.MealITSet3.PluralDisplayName,Набор Экспресс Блюд 3,-
Good.MealITSet4.DisplayName,Экспресс-набор еды 4,-
Good.MealITSet4.PluralDisplayName,Набор быстрых блюд 4,-
Good.MealITSet5.DisplayName,Экспресс-набор блюд 5,-
Good.MealITSet5.PluralDisplayName,Набор экспресс-блюд 5,-
Good.PotatoWedge.DisplayName,Картофельный клин,-
Good.PotatoWedge.PluralDisplayName,Картофельные дольки,-
Good.RoastedKohlrabi.DisplayName,Запечённый кольраби,-
Good.RoastedKohlrabi.PluralDisplayName,Жареные кольраби,-
Good.RoastedMushroom.DisplayName,Жареный гриб,-
Good.RoastedMushroom.PluralDisplayName,Жареные грибы,-
Good.SoyCoffee.DisplayName,Соевый кофе,-
Good.SoyCoffee.PluralDisplayName,Соевый кофе,-
Good.SunflowerTea.DisplayName,Солнечный Чай,-
Good.SunflowerTea.PluralDisplayName,Подсолнечный чай,-
Good.BakedPotatoFries.DisplayName,Запеченный картофель фри,-
Good.BakedPotatoFries.PluralDisplayName,Запечённый картофель фри,-
Good.RoastedCarrot.DisplayName,Жареная морковь,-
Good.RoastedCarrot.PluralDisplayName,Жареная Морковь,-
Good.SpadderdockWaffle.DisplayName,Вафля Спаддердока,-
Good.SpadderdockWaffle.PluralDisplayName,Спаддердок Вафля,-
