ID,Text,Comment
Bentos.Recipe.FolktailsBentos,Фольклорные бенто,-
Bentos.Good.FolktailsBento.DisplayName,Фольклорный Бенто,-
Bentos.Good.FolktailsBento.PluralDisplayName,Фольклорные бенто,-
Bentos.Recipe.IronTeethBentos,Железные Зубы Бентос,-
Bentos.Good.IronTeethBento.DisplayName,Железные Зубы Бенто,-
Bentos.Good.IronTeethBento.PluralDisplayName,Железные Зубы Бенто,-
Bentos.Recipe.EmberpeltsBentos,Эмберпелтс Бентос,-
Bentos.Good.EmberpeltsBento.DisplayName,Эмберпелтс Бенто,-
Bentos.Good.EmberpeltsBento.PluralDisplayName,Эмберпелтс Бентосы,-
