ID,Text,Comment
ModSettingsBox.GameNotChangeable,Не может быть изменено во время игры.,-
ModSettingsBox.MainMenuNotChangeable,Не может быть изменено в главном меню.,-
ModSettingsBox.MapEditorNotChangeable,Не может быть изменено в редакторе карт.,-
ModSettingsBox.ResetMessage,Вы хотите сбросить все настройки по умолчанию?,-
ModSettingsBox.ResetToDefault,Сбросить на настройки по умолчанию,-
