ID,Text,Comment
MapMakerPlants.GiantSequoia.DisplayName,3x3 Гигантская секвойя,-
MapMakerPlants.2X2treePlaceholder1.DisplayName,2x2 ??? дерево,-
MapMakerPlants.Brambles.DisplayName,Щетиницы,-
MapMakerPlants.NewVineV.DisplayName,Лозы (вертикальные),-
MapMakerPlants.NewVineH.DisplayName,Плющи (Горизонтальные),-
MapMakerPlants.Waterbamboo.DisplayName,2x2 В. бамбук,-
MapMakerPlants.Baobab.DisplayName,5x5 Баобаб,-
MapMakerPlants.LemonTree.DisplayName,Лимонное дерево,-
MapMakerPlants.PinkBirch.DisplayName,Вечный цветок,-
MapMakerPlants.RuinedPath.DisplayName,Порушенная дорожка,-
MapMakerPlants.BrokenHouse.DisplayName,Сломанный дом (бревна),-
MapMakerPlants.PlankRuin.DisplayName,Сломанный дом (Доски),-
NaturalResource.PinkBirch.DisplayName,Вечноцветущий,-
Good.Pumpkin.DisplayName,Тыква,-
NaturalResource.Waterbamboo.DisplayName,Невероятно высокий бамбук,-
Lapantouflemagic.NewVineH.DisplayName,Виноградная лоза,-
MapMakerPlants.CrystalSupport.Description,"Поддержка, необходимая для размещения плавающих кристаллов выше Z-уровня 1.  
Самонакладывающийся  
Будет невидимым и не будет иметь хитбокса во время игры",-
MapMakerPlants.CrystalSupport.DisplayName,Кристальная поддержка,-
MPME.FloatingRock.DisplayName,Плавающий кристалл,-
MPME.FloatingRock.Description,"Плавают в небе, поддерживая небесный остров.",-
MPME.FloatingRock.FlavorDescription,"""Как это работает?"" О? О, теперь? После всех этих лет? После всех этих игр? Теперь ты спрашиваешь МЕНЯ, как это работает?",-
MapMakerPlants.GearsRuin.DisplayName,Сломанное здание (Шестерни),-
Building.SkyBadwaterSource.DisplayName,Источник Скай Бадвотер,-
Building.SkyWaterSource.DisplayName,Водный источник неба,-
Building.VoidSinkHole.DisplayName,Скважина в небе блоков,-
Building.VoidSinkHole.Description,"Визуально удаляет землю под собой. 
Действует как негативный источник воды для удаления воды, падающей с островов. 
Флаг не будет виден в игре.",-
MapMakerPlants.VoidTile.DisplayName,Скайблок,-
MapMakerPlants.VoidTile.Description,"Визуально убирает землю под собой. Для мест, где вы никогда не ожидаете увидеть воду.",-
MapMakerPlants.VoidTileLarge.DisplayName,Небесный блок 9x9,-
