ID,Text,Comment
Grauschweif.WaterSourceClean.DisplayName,Источник Чистой Воды,-
Grauschweif.WaterSourceClean.FlavorDescription,Это хороший вариант,-
Grauschweif.WaterSourceCleanStrong.DisplayName,Сильный источник воды,-
Grauschweif.WaterSourceCleanStrong.FlavorDescription,Он никогда не иссякнет,-
Grauschweif.WaterSourceImmutable.DisplayName,Неподвижный водный источник,-
Grauschweif.WaterSourceImmutable.FlavorDescription,'это бесконечно и свежо,-
Grauschweif.WaterSourceDirty.DisplayName,Грязный источник воды,-
Grauschweif.WaterSourceDirty.FlavorDescription,красный до корней,-
Grauschweif.ImmutableDrain.DisplayName,Дренаж,-
Grauschweif.ImmutableDrain.Description,«Это действительно глубокая яма»,-
Grauschweif.MapEditor.Well.Description,Внизу находится настоящая сеть и хороший поток.,-
Grauschweif.MapEditor.Well.DisplayName,Волшебный колодец,-
