ID,Text,Comment
LV.SPE.AllFixedDepth,Используйте фиксированную глубину,-
LV.SPE.AllFixedDepthDesc,Все насосы будут иметь фиксированную максимальную глубину.,-
LV.SPE.FixedDepth,Фиксированная глубина,-
LV.SPE.FixedDepthDesc,Фиксированная глубина для всех максимальных глубин насосов,-
LV.SPE.AllMultiplier,Используйте множитель,-
LV.SPE.AllMultiplierDesc,Все насосы будут использовать множитель для максимальной глубины.,-
LV.SPE.Multiplier,Множитель,-
LV.SPE.MultiplierDesc,Множитель для всех максимальных глубин насосов,-
LV.SPE.WaterConversation,Коэффициент конверсии водных продуктов,-
LV.SPE.WaterConversationDesc,"Коэффициент преобразования для водного продукта по сравнению с объемом. Значение по умолчанию в игре: 0.2, что означает, что водяные насосы используют 0.2 м³ для производства 1 водного продукта, а водные сливы производят 0.2 м³ на 1 водный продукт.",-
LV.SPE.MechPumpWater,Количество механических насосов (⚡!),-
LV.SPE.MechPumpWaterDesc,"Количество воды в секунду, которую перекачивает механический насос (по умолчанию в игре: 0,25 м³/с).  
⚡ Примечание: изменение этого параметра также соответственно увеличивает или уменьшает потребление энергии, см. ниже.",-
LV.SPE.MechPumpWaterMul,Множитель количества механических насосов (⚡!),-
LV.SPE.MechPumpWaterMulDesc,"Ключевое имя: LV.SPE.MechPumpWaterMulDesc - Новый текст для перевода: ""Множитель для количества воды в секунду, которое перекачивает механический насос (по умолчанию в игре: 1x = 0.25м³/с).
⚡ Примечание: изменение этого параметра также увеличивает или уменьшает потребление энергии соответственно.
Примечание: не увеличивайте это слишком сильно (> x2), так как насос все равно может забрать воду только из 1 куба.""",-
LV.SPE.MechPumpPowerMultiplier,Механический насосный усилитель мощности,-
LV.SPE.MechPumpPowerDesc,"Когда вы увеличиваете или уменьшаете количество воды, перекачиваемой механическим насосом, потребление энергии также регулируется соответственно. Однако вы можете изменить множитель потребления энергии здесь, чтобы он использовал больше или меньше (жульничая :P) энергии, чем вычисление по умолчанию. Например, установка количества воды на x2 при установке этого значения на x0.5 заставит насос использовать ту же энергию, что и по умолчанию, но перекачивать в два раза больше воды.",-
LV.SPE.WaterProdTimeMultiplier,Множитель времени производства воды,-
LV.SPE.WaterProdTimeMultiplierDesc,"Множитель времени производства воды (больше значение — сложнее). По умолчанию в игре 1x = 0.33 часа за 1 воду для водяных насосов. Установка этого значения на 0.5 позволит производить 1 воду за 0.165 часа, в то время как установка на 2 сделает 1 воду за 0.66 часа.",-
