ID,Text,Comment
Faction.LeafCoats.DisplayName,Листья Верхней Одежды,-
Faction.LeafCoats.Description,"Эмберпелты имеют affinity к деревьям и растительности в целом. Они любят строить так, чтобы это имитировало природу, включая обширное сооружение, которое напоминает гигантское дерево. Их девиз: <i>Путь Дерева.</i>",-
Bot.DisplayName.LeafCoats,Деревобот {0},-
Building.DistrictCenter.FlavorDescription.LeafCoats,"""Путь Деревьев."" — Лозунг LeafCoats",-
Building.Levee.Curved.DisplayName,Изогнутая дамба,-
Building.HousingUnit.Small.LeafCoats.DisplayName,Небольшое жилое помещение,-
Building.HousingUnit.Small.LeafCoats.FlavorDescription,"Лучше, чем спать на земле.",-
Building.HousingUnit.Medium.LeafCoats.DisplayName,Среднее жилое помещение,-
Building.HousingUnit.Medium.LeafCoats.FlavorDescription,Начальный дом.,-
Building.HousingUnit.LeafCoats.DisplayName,Жилое помещение,-
Building.HousingUnit.LeafCoats.Description,"Жилищный блок, оформленный в виде среза бревна",-
Building.HousingUnit.LeafCoats.FlavorDescription,Небо — предел!,-
Building.HousingUnit.Double.LeafCoats.DisplayName,Двухквартирный дом,-
Building.HousingUnit.Double.LeafCoats.Description,Это как два из них один на другом.,-
Building.HousingUnit.Double.LeafCoats.FlavorDescription,Больше! Выше!,-
Building.MediumPile.DisplayName,Средняя куча,-
Building.Path2.LeafCoats.DisplayName,Путь с перилами,-
Building.Path2.LeafCoats.Description,Эта версия пути всегда имеет перила.,-
Building.Path3.LeafCoats.DisplayName,Перила дорожки,-
Building.Path3.LeafCoats.Description,Эта версия пути имеет только перила.,-
Building.Path4.LeafCoats.DisplayName,Путь с живой изгородью,-
Building.Path4.LeafCoats.Description,Эта версия дорожки имела живую изгородь по краям.,-
Building.Path5.LeafCoats.DisplayName,Живой забор,-
Building.Path5.LeafCoats.Description,Эта версия пути является только оградой из кустарников.,-
Building.Floodgate.Flat.DisplayName,Плоская верхняя затвор,-
Building.DoubleFloodgate.Flat.DisplayName,Плоский двойной затвор,-
Building.TripleFloodgate.Flat.DisplayName,Плоский тройной затвор,-
Building.Floodgate.Flat.Description,Блокирует воду до регулируемой высоты. Новый более компактный дизайн позволяет строить на них.,-
Building.Branch.DisplayName,Ветка,-
Building.Branch.Description,"Ветвь. Она может соединяться с боковой частью многих зданий в стиле Дерева. Некоторые здания предпочтут соединяться с Ветвями, а не с Путями.",-
Building.Branch.Bridge.DisplayName,Мост из веток,-
Building.Branch.Entrance.DisplayName,Вход в филиал,-
Building.Branch.Entrance.Description,Часть ветки с соединением с дорогой. Это позволяет бобрам перемещаться между дорогами и ветками.,-
Building.TreeTrunk.Side.DisplayName,Боковой блок ствола дерева,-
Building.TreeTrunk.Corner.DisplayName,Угол Корабельного Бревна,-
Building.TreeTrunk.Description,Декоративный блок для заполнения пустот в структуре дерева,-
Building.TreeTrunk.Branch.DisplayName,Боковой блок ствола дерева с доступом к ветке,-
Building.TreeTrunk.Branch.Description,Боковой блок ствола дерева с дверью с одной стороны и соединением ветки с другой. Это позволяет бобрам проходить между путями (или центральным доступом к дереву) и веткой.,-
Building.Grinder.DisplayName,Мельница,-
Building.Grinder.Description,Перемалывает металлолом в металлические блоки.,-
Building.DirtExcavator.FlavorDescription.LeafCoats,Самый агрессивный корень дерева,-
Building.PowerDam.DisplayName,Электрическая плотина,-
Building.PowerDam.Description,Плотина с встроенной водяной мельницей для генерации энергии,-
Building.PowerLevee.DisplayName,Энергетическая насыпь,-
Building.PowerLevee.Description,Набережная с внутренним силовым валом,-
Building.VerticalPowerShaftTunnel.DisplayName,Вертикальный энергетический шахтный тоннель,-
Building.LeveeTunnel.DisplayName,Плотинный тоннель,-
Building.PowerLeveeTunnel.DisplayName,Энергетический дамбовый туннель,-
Building.TunnelOther.Description,"Туннели через местность, заменяя её на другое здание. Используйте инструмент слоя, чтобы увидеть под землёй или структурами.",-
Building.PowerTreadmill.DisplayName,Электрическая беговая дорожка,-
Building.Garden.DisplayName,Сад,-
Building.ObservationTerrace.DisplayName,Смотровая площадка,-
Building.Plaza.DisplayName,Площадь,-
Building.PruningFlag.DisplayName,Флаг обрезки,-
Building.DiggerFlag.DisplayName,Флаг Погрузчика,-
Building.DiggerFlag.Description,Собирает грязь из рыхлой земли.,-
Building.DiggerFlag.FlavorDescription,Не кладет землю в банки,-
Building.LooseDirt.DisplayName,Раздетая Земля,-
Building.LooseDirt.Description,Территория готова к дальнейшему разрушению. При удалении выпадает земля.,-
Building.LooseDirt.FlavorDescription,Копаем целый день!,-
Building.LoosenDirt.DisplayName,Ослабить Рельеф,-
Building.LoosenDirt.Description,"Преобразуйте эту строительную плиту в рыхлую почву, которую могут собирать бобры. Можно использовать только на поверхности.",-
Building.RemoveDirt.DisplayName,Убрать Землю,-
Building.RemoveDirt.Description,"«Бобры уберут этот участок земли. • <RedHighlight>Предупреждение:</RedHighlight> Объекты, поддерживаемые этим участком земли, рухнут!»",-
Building.LumberPress.DisplayName,Лесной пресс,-
Building.LumberPress.Description,Склеивает ветки в ветки или доски.,-
Building.LumberPress.FlavorDescription,Здоровая альтернатива убийству деревьев,-
Building.ToolFactory.DisplayName,Фабрика инструментов,-
Building.ToolFactory.Description,Для создания инструментов терраформирования.,-
Building.FoodProcessor.DisplayName,Продовольственный процессор,-
Building.FoodProcessor.Description,Превращает ингредиенты в еду.,-
Building.Pile.DisplayName,Свалка,-
Building.Warehouse.DisplayName,Склад,-
Building.DecorativeFloor.DisplayName,Декоративный пол,-
Building.DecorativeFloor.Description,Чисто декоративная напольная панель.,-
Building.LeveeZiplineBeam.DisplayName,Набережная с зиплайном,-
Building.BotAssembler.Description.LeafCoats,"Собирает автономных роботов, которые могут помогать бобрам в их повседневных задачах. Предназначен для установки сверху на Фабрику Частей Роботов после постройки на дереве.",-
Tobbert.Ladder.DisplayName,Ступенька,-
Tobbert.Ladder.Description,"Платформа, внутри которой находится лестница.",-
Tobbert.Ladder.FlavorDiscription,'Но как они должны удерживать свои предметы?' -Pmduda,-
Good.Leaf.DisplayName,Лист,-
Good.Leaf.PluralDisplayName,Листья,-
Good.Bark.DisplayName,Кора,-
Good.Bark.PluralDisplayName,Корка,-
Good.Branch.DisplayName,Ветвь,-
Good.Branch.PluralDisplayName,Ветки,-
Good.Shovel.DisplayName,Лопата,-
Good.Shovel.PluralDisplayName,Лопаты,-
Good.Apple.DisplayName,Яблоко,-
Good.Apple.PluralDisplayName,Яблоки,-
Good.Lubricant.DisplayName,Смазка,-
Good.Lubricant.PluralDisplayName,Смазка,-
Good.ChestnutFlour.DisplayName,каштановая мука,-
Good.ChestnutFlour.PluralDisplayName,Каштановая мука,-
Good.FermentedChestnut.DisplayName,Ферментированный каштан,-
Good.FermentedChestnut.PluralDisplayName,Бродильные каштаны,-
Good.FermentedDandelion.DisplayName,Ферментированный одуванчик,-
Good.FermentedDandelion.PluralDisplayName,Ферментированные одуванчики,-
Good.FermentedFruit.DisplayName,Ферментированный фрукт,-
Good.FermentedFruit.PluralDisplayName,Ферментированные Фрукты,-
Good.Grapes.DisplayName,Виноград,-
Good.Grapes.PluralDisplayName,Виноград,-
Good.FancyApples.DisplayName,МодныйЯблоко,-
Good.FancyApples.PluralDisplayName,ИзящныеЯблоки,-
Good.FruitSalad.DisplayName,Фруктовый салат,-
Good.FruitSalad.PluralDisplayName,ФруктовыйСалат,-
NaturalResource.AppleTree.DisplayName,Яблоня,-
NaturalResource.AppleTree.FlavorDescription,Семена были принесены путешественниками из далеких земель.,-
NaturalResource.GrapeVine.DisplayName,Виноградная лоза,-
NaturalResource.GrapeVine.FlavorDescription,Виноград - это отличное улучшение по сравнению с ягодами.,-
ToolGroups.Platforms,Платформы и навесы,-
ToolGroups.TreeBuildings,Деревянная структура,-
ToolGroups.Industry,Промышленность,-
ToolGroups.Bridges,Мосты,-
Zipline.DisplayName,Зиплайны,-
NaturalResource.Eucalyptus.DisplayName,Эвкалипт,-
NaturalResource.Eucalyptus.FlavorDescription,"Эвкалиптовые деревья сбрасывают кору, давайте использовать это с пользой!",-
NaturalResource.Willow.DisplayName,Ива,-
NaturalResource.Willow.FlavorDescription,"Ивы producen много веток, и их следует регулярно обрезать.",-
Need.PlantMurderer.DisplayName,Убийца растений,-
Building.MetalPlatform3x3.Ladder.DisplayName,Металлическая платформа 3x3 с лестницей,-
Building.MetalPlatform5x5.Ladder.DisplayName,Металлическая платформа 5x5 с лестницей,-
Building.MetalPlatform.DisplayName,Металлическая платформа,-
Building.DistrictGate.Description,Разделяет районы.,-
Building.DistrictGate.DisplayName,Ворота района,-
Building.DistrictGate.FlavorDescription,"Вы должны собрать свои припасы перед тем, как отправиться в путь.",-
Building.Dam.Top.DisplayName,Декоративный верх дамбы,-
Building.Dam.Top.Description,"Деталь декора, похожая на верхнюю часть затвора.",-
Building.MetalLantern.DisplayName,Металлический фонарь,-
Building.MetalGate.DisplayName,Металлические ворота,-
Building.MetalGate.Description,Ворота для металлического забора.,-
Need.Greenery.DisplayName,Зеленery,-
Building.HedgeGate.DisplayName,Заборная ворота,-
Building.HedgeGate.Description,Ворота для живой изгороди.,-
Building.ArchBanner.DisplayName,Арочный баннер,-
Building.LadderTunnel.DisplayName,Лестничный туннель,-
Building.GathererHut.DisplayName,Собирательская хижина,-
