ID,Text,Comment
LV.BuffDebuffDemo.PositiveBuff,Позитив дня,-
LV.BuffDebuffDemo.PositiveBuffDesc,Ваши бобры сегодня чувствуют себя хорошо.,-
LV.BuffDebuffDemo.NegativeBuff,Отрицание дня,-
LV.BuffDebuffDemo.NegativeBuffDesc,Ваши бобры сегодня чувствуют себя плохо.,-
LV.BuffDebuffDemo.LuckyBuff,Случайный буст,-
LV.BuffDebuffDemo.LuckyBuffDesc,Ваши бобры сегодня чувствуют себя удачливыми (или неудачливыми).,-
LV.BuffDebuffDemo.SpeedBuffEffectDesc,Скорость передвижения: {0},-
