ID,Text,Comment
LV.MWSb.Skyblight,Небесная погибель,-
LV.MWSb.SkyblightStrength,Сила заболевания,-
LV.MWSb.SkyblightStrengthDesc,"Насколько быстро порча распространяется в воду (0,1%/тик). Каждый игровой тик (0,6 с) часть воды превращается в плохую воду. Например, при значении по умолчанию 0,5% ваш резервуар без новой пресной воды станет на 100% загрязнённым через 120 с (примерно за половину игрового дня).",-
LV.MWSb.Badrain,Бадрейн,-
LV.MWSb.BadrainLimitMoisture,Ограничение диапазона влажности,-
LV.MWSb.BadrainLimitMoistureDesc,"Ограничьте диапазон увлажнения вашей земли, когда активен плохой дождь.",-
LV.MWSb.BadrainMoistureRange,Ограниченный диапазон влажности,-
LV.MWSb.BadrainMoistureRangeDesc,"Максимальный диапазон влажности, когда активен плохой дождь.",-
LV.MWSb.BadrainContamination,Частое загрязнение земли,-
LV.MWSb.BadrainContaminationDesc,"Загрязняйте землю время от времени, когда активен плохой дождь.",-
LV.MWSb.BadrainContaminationDuration,Продолжительность загрязнения,-
LV.MWSb.BadrainContaminationDurationDesc,"Как долго земля загрязнена (дни), когда активен плохой дождь.",-
LV.MWSb.BadrainClearDuration,Продолжительность очистки,-
LV.MWSb.BadrainClearDurationDesc,"Сколько дней земля остаётся свободной от загрязнения, когда активен плохой дождь.",-
LV.MWSb.Update704,"Настройка силы Skyblight теперь отображается в процентах вместо промилле.
Вы также можете установить ее на меньшее число, используя десятичные дроби.
Значение по умолчанию установлено на 0,1% (в 5 раз медленнее, чем предыдущие настройки по умолчанию).",-
LV.MWSb.SkyblightDesc,Опасная погода: Вода со временем загрязняется. Не влияет на воду в хранилищах (баки).,-
LV.MWSb.BadrainDesc,"Опасная погода: Тот же эффект, что и Удар Неба, и дополнительные эффекте на выбор:
- Ограниченный диапазон влаги: ваша земля может удерживать влагу только в гораздо более узком диапазоне.
- Загрязнение земли: земля будет периодически загрязняться.",-
