ID,Text,Comment
LV.RSa.CleanUpAll,Убрать все обломки СЕЙЧАС!,-
LV.RSa.NotEnoughSpace,Недостаточно места для размещения этих предметов: {0},-
LV.RSa.Item,• {0} {1},-
LV.RSa.DiscardRemaining,Оставшееся удалить,-
LV.RSa.DiscardConfirm,"Вы уверены, что хотитеDiscard отменить оставшиеся предметы? Следующие предметы будут потеряны и это действие нельзя будет отменить:  
{0}",-
