ID,Text,Comment
Building.UltimatePlatformBase.Description,Модульное расширение платформы может быть прикреплено к её сторонам.,-
Building.UltimatePlatformBase.DisplayName,Модульная платформа,-
Building.UltimatePlatformExtension.Description,Можно прикрепить к бокам Модульной Платформы.,-
Building.UltimatePlatformExtension.DisplayName,Расширение Модульной Платформы,-
DeletionBlocker.PlatformPhysics,Строение поддерживает другие строения.,-
