ID,Text,Comment
LV.VF.RemoveCorner,Уберите оккупацию угла.,-
LV.VF.RemoveCornerDesc,"Позволяет вам строить конструкции, такие как платформы над растениями.",-
LV.VF.RemovePath,Удалить путь занятия,-
LV.VF.RemovePathDesc,Позволяет вам строить пути через растения.,-
LV.VF.WithoutGround,Растение без земли,-
LV.VF.WithoutGroundDesc,Разрешить размещение на крышах и платформах напрямую без почвы. Эти растения получают полив (влажность) и загрязнение с земли под ними.,-
LV.VF.NoConUp,Никакой контаминации вверх (мошенник :P),-
LV.VF.NoConUpDesc,"Не поднимайте вопрос о заражении земли, что означает, что вы можете сажать деревья или культуры на платформах, в то время как на земле внизу вы этого сделать не можете.",-
