ID,Text,Comment
LV.CFun.PointMul,Коэффициент эффекта,-
LV.CFun.PointMulDesc,"Как быстро увеличивается значение потребности для зданий Привлечения.  
1 - это значение по умолчанию в игре, больше - быстрее (легче), меньше - медленнее (труднее).",-
LV.CFun.CapacityMul,Множитель ёмкости,-
LV.CFun.CapacityMulDesc,"Увеличивает ёмкость зданий Привлечения. Округляется вниз, минимум 1. 
1 — это значение по умолчанию в игре, больше — больше ёмкости (легче), меньше — меньше ёмкости (сложнее). 
Например, 1.5 означает, что Костёр (по умолчанию 5 мест) будет иметь 7 мест.",-
LV.CFun.CapacityAdd,Добавление мощности,-
LV.CFun.CapacityAddDesc,Добавить к ёмкости зданий Привлечения. После умножения.,-
LV.CFun.RangeMul,Множитель диапазона,-
LV.CFun.RangeMulDesc,"Увеличивает диапазон зданий Привлечения. Округляется вниз до 1.
1 - это значение по умолчанию в игре, больше - больший диапазон (легче), меньше - меньший диапазон (сложнее).
Например, 1.5 означает, что Памятник Фермера (по умолчанию 7 клеток диапазона) будет иметь диапазон в 10 клеток.",-
LV.CFun.RangeAdd,Добавление диапазона,-
LV.CFun.RangeAddDesc,Добавить к радиусу действия зданий Привлечения. После умножения.,-
