ID,Text,Comment
LV.CAS.Enabled,Включено,-
LV.CAS.EnabledDesc,Включен ли этот мод.,-
LV.CAS.SaveFrequency,Частота автосохранения (реальные минуты),-
LV.CAS.SaveFrequencyDesc,Как часто должны происходить автосохранения? Значение по умолчанию для игры: 10.,-
LV.CAS.SaveCount,Количество автосохранений,-
LV.CAS.SaveCountDesc,Сколько автосохранений должно быть сохранено. Значение по умолчанию для игры: 3,-
LV.CAS.SaveWeatherWarning,Дополнительная экономия при предупреждении о погоде,-
LV.CAS.SaveWeatherWarningDesc,"Когда выдается предупреждение о погоде, создайте дополнительное сохранение с именем 'weatherwarning.save', которое будет перезаписываться только предупреждением следующего цикла. Это сохранение не учитывается в общем числе сохранений.",-
LV.CAS.KeyBindingTriggerAutosave,Запустить автоматическое сохранение,-
LV.CAS.AutosaveWarning,Предупредить перед автосохранением,-
LV.CAS.AutosaveWarningDesc,"Показывать предупреждение за некоторое время до автоматического сохранения игры. Это полезно для игроков, которые не любят зависания игры при автоматическом сохранении.",-
LV.CAS.AutosaveWarningText,Автосохранение произойдет через {0} секунд!,-
