ID,Text,Comment
EBR.UnlimitedAbove,Безграничное выше,-
EBR.UnlimitedAboveDesc,Строители всегда могут строить выше себя (По умолчанию в игре: нет),-
EBR.UnlimitedBelow,Неограниченно ниже,-
EBR.UnlimitedBelowDesc,Строители всегда могут строить ниже себя (По умолчанию в игре: да),-
EBR.RangeAbove,Диапазон выше,-
EBR.RangeAboveDesc,Строители могут строить до этого количества плиток над собой (по умолчанию в игре: 1),-
EBR.RangeBelow,Диапазон ниже,-
EBR.RangeBelowDesc,Строители могут размещать до этого количества плиток ниже себя (стандартное значение игры: бесконечно),-
