ID,Text,Comment
ToolGroups.Tunneling,Тоннелирование,-
Building.VerticalTubewayTunnel.Description,"Тоннель через местность, заменяющий её на Вертикальный Трубопровод. Используйте инструмент слоя, чтобы увидеть под землёй или под сооружениями.",-
Building.VerticalTubewayTunnel.DisplayName,Вертикальный трубопроводный туннель,-
Building.VerticalPowerShaftTunnel.Description,"Проложите туннель через местность, заменяя её Вертикальным Энергетическим Валом. Используйте инструмент слоя, чтобы видеть под землёй или конструкциями.",-
Building.VerticalPowerShaftTunnel.DisplayName,Вертикальный энергетический вал тоннель,-
Building.PathTunnel.Description,"Туннель под ландшафтом, заменяя его только на Путь. Используйте инструмент слоя, чтобы увидеть под ландшафтом или конструкциями.",-
Building.PathTunnel.DisplayName,Туннель только для пути,-
Building.PathPlatformTunnel.Description," tunnel сквозь землю, заменяя её на Платформу и Путь. Используйте инструмент слоя, чтобы увидеть, что находится под землёй или конструкциями.",-
Building.PathPlatformTunnel.DisplayName,Путь под платформойTunnel,-
Building.TubewayPlatformTunnel.Description,"Прокладывает туннель через местность, заменяя её платформой и трубопроводом. Используйте инструмент слоя, чтобы увидеть под землёй или конструкциями.",-
Building.TubewayPlatformTunnel.DisplayName,Подплатформенный туннель Тубвей,-
Building.PowerShaftPlatformTunnel.Description,"Туннель сквозь местность, заменяя её на платформу и силовой вал. Используйте инструмент слоя, чтобы увидеть под землёй или под структурами.",-
Building.PowerShaftPlatformTunnel.DisplayName,Энергетический вал под платформой тоннеля,-
Building.LadderformTunnel.Description,"Прокладывайте туннель через местность, заменяя ее лестницей. Используйте инструмент слоя, чтобы увидеть под местностью или структурами.",-
Building.LadderformTunnel.DisplayName,Лестничный туннель,-
