ID,Text,Comment
evaporation.settings.enablemod,Включить мод,-
evaporation.settings.enablemod.desc,Включает или выключает весь мод.,-
evaporation.settings.coveredevaporationrate,Закрытая скорость испарения,-
evaporation.settings.coveredevaporationrate.desc,"Насколько медленно или быстро испаряется покрытая вода по сравнению с ванилью. 100% = ваниль, 1% - в 100 раз медленнее.",-
evaporation.settings.maxsearchheight,Высота поиска покрытия,-
evaporation.settings.maxsearchheight.desc,"На какой высоте над водой искать укрытие. Более высокие значения обнаруживают более высокие объекты, но могут негативно сказаться на производительности на больших картах.",-
evaporation.settings.updateinterval,Проверьте частоту,-
evaporation.settings.updateinterval.desc,"Как часто обновлять обнаружение покрытия (1=быстрее, 10=медленнее). Приблизительно: 1≈полдня, 5≈2 дня, 10≈неделя.",-
