ID,Text,Comment
GreedyCoats.biofuel,生物燃料,-
GreedyCoats.displayname,三种族-叶纹,-
GreedyCoats.description,在参观了示范区后，叶纹认为应该加入这项合作计划，兼容并济、全面发展。<br>叶纹种族学习了亲族们的科技，与神尾、铁牙一起，尝试更加和谐的发展道路。<br>座右铭：<i>水与木的交融艺术。</i>,-
GreedyBots,混动机关人 {0},-
GreedyCoats.WonderCompletion.Message,很漂亮！你成功融合了三个种族的科技路线，在这片土地上站稳脚跟，证明了新道路的可行性。,-
GreedyCoats.WonderCompletion.Flavour,海狸们受到了空前的鼓舞，它们将重拾先祖的文化，将古老的智慧与现代的科技相结合，建立起全新的文明。,-
GreedyCoats.GameOver.Message,很可惜，你没能成功实现海狸们的技术融合。,-
GreedyCoats.GameOver.Flavour,合作计划无疾而终，海狸们离开了这片伤心之地。故事结束了。,-
GreedyCoatBots,环保机关人 {0},-
