ID,Text,Comment
LV.MWRS.Redsurge,血汛潮,-
LV.MWRS.RedsurgeMultiplier,血汛潮最大倍率,-
LV.MWRS.RedsurgeMultiplierDesc,血汛潮时水源的额外水力倍率，即水源的水力会变为“水力×(基础倍率+额外倍率)”。<br>注意，此数值受天气初始强度值、适应周期数影响。,-
LV.MWRS.RedsurgeDesc,模组扩展的恶劣类天气，狂暴的恶水赤红如血，所过之处再无生机。<br>- 所有水源都会流出恶水。<br>- 所有水源的水力都会额外增加300%（模组默认，可更改），但不超过游戏限制。,-
