ID,Text,Comment
Building.PowerLinePylon.Description,通过线缆传输能量。,-
Building.PowerLinePylon.DisplayName,能量线缆塔架,-
Building.PowerLinePylon.FlavorDescription,海狸们喜欢能量线缆，它让能量传输变得无比方便。,-
Building.PowerLineBeam.Description,通过线缆传输能量。,-
Building.PowerLineBeam.DisplayName,能量线缆梁木,-
Building.PowerLineBeam.FlavorDescription,海狸们讨厌能量线缆，它让乘坐体验变得抖动而吵闹——不对，这个不能坐。,-
