ID,Text,Comment
LV.BVM.ExpTitle,经验值：{0:0},-
LV.BVM.ExpDesc,|  工作速度: {0:+0}%,-
LV.BVM.ExpDescWithPending,|  工作速度: {0:+0}%<br>|  待统计经验值: {1:0.0},-
LV.BVM.ExpDescBook,（书籍提供额外经验）,-
LV.BVM.Fitness,体能值,-
LV.BVM.FitnessTitle,体能值：{0},-
LV.BVM.FitnessDesc,|  移动速度: {0:+0}%  承载能力: {0:+0}%<br>|  今日户外时间: {1:0.0} 小时,-
LV.BVM.DeteriorationTitle,耐久度：{0:0%},-
LV.BVM.DeteriorationDesc,|  工作速度: {0:0.0%}  移动速度: {1:0.0%},-
LV.BVM.LowFitnessStatusDesc,这只海狸需要更多户外时间以锻炼并恢复体能。,-
LV.BVM.LowFitnessStatusDescShort,海狸太宅了,-
LV.BVM.UpdateText710,海狸现在在特定建筑内可获得×1.5的户外时间，而非完全无法获得：<br>- 神尾：动力轮、游泳池和舞厅。<br>- 铁牙：大型动力轮、游泳池和健身广场。<br><RedHighlight><b>铁牙玩家重要提示：</b></RedHighlight> 本次更新还移除了为铁牙派系添加纸张和书籍的功能。取而代之的是一个名为'Papers And Books For IT'的可选模组。如果您有任何此前由本模组添加的建筑或物品，请在继续游戏前订阅该模组。,-
