ID,Text,Comment
BeaverStatistics.TabName,工作效率,-
BeaverStatistics.KeyBinding,打开工作效率选项卡,-
BeaverStatistics.Settings.Header,工作效率统计设置,-
BeaverStatistics.Settings.UpdateInterval,更新间隔（%）,-
BeaverStatistics.Settings.UpdateInterval.Tooltip,统计较长耗时行为数据的更新频率，以游戏中的一天为基准（1% = 0.24小时，10% = 2.4小时，100% = 24小时）。,-
BeaverStatistics.Settings.YellowThreshold,黄色警告阈值（%）,-
BeaverStatistics.Settings.YellowThreshold.Tooltip,耗时超过此百分比的行为将显示为黄色。,-
BeaverStatistics.Settings.RedThreshold,红色警报阈值（%）,-
BeaverStatistics.Settings.RedThreshold.Tooltip,耗时超过此百分比的行为将显示为红色。,-
BeaverStatistics.Behavior.WanderRootBehavior,闲逛,-
BeaverStatistics.Behavior.CarryRootBehavior,搬运,-
BeaverStatistics.Behavior.CharacterControlRootBehavior,受控,-
BeaverStatistics.Behavior.DeadRootBehavior,死亡,-
BeaverStatistics.Behavior.DieRootBehavior,濒死,-
BeaverStatistics.Behavior.ContaminateRootBehavior,受污染,-
BeaverStatistics.Behavior.CriticalNeederRootBehavior,紧急需求,-
BeaverStatistics.Behavior.StrandedRootBehavior,被困,-
BeaverStatistics.Behavior.WorkerRootBehavior,工作,-
BeaverStatistics.Behavior.NeederRootBehavior,需求,-
BeaverStatistics.Behavior.SleepNeedBehavior,睡眠需求,-
BeaverStatistics.Behavior.ChildRootBehavior,幼崽,-
BeaverStatistics.Behavior.BuilderHubWorkplaceBehavior,建筑工中转工作,-
BeaverStatistics.Behavior.BuildBehavior,建造建筑,-
BeaverStatistics.Behavior.EmptyInventoriesWorkplaceBehavior,清空库存,-
BeaverStatistics.Behavior.FarmHouseGoodStackRetrieverWorkplaceBehavior,农屋取物,-
BeaverStatistics.Behavior.FillInputWorkplaceBehavior,补充原料,-
BeaverStatistics.Behavior.LumberjackFlagWorkplaceBehavior,伐木工工作,-
BeaverStatistics.Behavior.GatherWorkplaceBehavior,采集,-
BeaverStatistics.Behavior.FarmHouseGoodStackRetrieverBehavior,取走农屋物品,-
BeaverStatistics.Behavior.HaulWorkplaceBehavior,拖运,-
BeaverStatistics.Behavior.TimberborneWorkplaceBehavior,工作场所,-
BeaverStatistics.Behavior.PlanterWorkplaceBehavior,种植,-
BeaverStatistics.Behavior.RecoveredGoodStackRetrievingBehavior,回收物资,-
BeaverStatistics.Behavior.ScavengerWorkplaceBehavior,拾荒,-
BeaverStatistics.Behavior.WaitInsideIdlyWorkplaceBehavior,空闲（停滞）,-
BeaverStatistics.Behavior.YieldRemoverBehavior,收获,-
BeaverStatistics.Behavior.ProduceWorkplaceBehavior,生产,-
BeaverStatistics.Behavior.WorkWorkplaceBehavior,工作,-
BeaverStatistics.Behavior.WaitForInactiveWonderWorkplaceBehavior,等待奇观启动,-
BeaverStatistics.Behavior.SupplyGoodWorkplaceBehavior,供应物资,-
BeaverStatistics.Behavior.ObtainGoodWorkplaceBehavior,获取物资,-
BeaverStatistics.Behavior.BringNutrientWorkplaceBehavior,运送养分,-
BeaverStatistics.Behavior.LaborWorkplaceBehavior,劳作,-
BeaverStatistics.Behavior.FarmHouseWorkplaceBehavior,农屋工作,-
BeaverStatistics.Behavior.EmptyOutputWorkplaceBehavior,清空产物,-
BeaverStatistics.Behavior.RemoveUnwantedStockWorkplaceBehavior,移除多余库存,-
BeaverStatistics.Behavior.DistrictCrossingWorkplaceBehavior,跨越地区,-
BeaverStatistics.Behavior.AttractionNeed,娱乐需求,-
BeaverStatistics.Behavior.InventoryNeed,进食需求,-
BeaverStatistics.Executor.WalkToPositionExecutor,行走至位置,-
BeaverStatistics.Executor.WalkInsideExecutor,行走于建筑内,-
BeaverStatistics.Executor.ApplyEffectExecutor,施加效果/补充需求中,-
BeaverStatistics.Executor.WalkToAccessibleExecutor,行走至目标,-
BeaverStatistics.Executor.AnimateExecutor,播放动画,-
BeaverStatistics.Executor.WaitExecutor,发呆中,-
BeaverStatistics.Executor.WorkExecutor,工作中,-
BeaverStatistics.Executor.ProduceExecutor,生产中,-
BeaverStatistics.Executor.PlantExecutor,种植中,-
BeaverStatistics.Executor.WalkToReservableExecutor,行走至收获对象,-
BeaverStatistics.Executor.RemoveYieldExecutor,收获中,-
BeaverStatistics.Executor.BuildExecutor,建造中,-
BeaverStatistics.Executor.DemolishExecutor,拆除中,-
