ID,Text,Comment
beestingconfiguration.settings.mode,蜜蜂蜇伤模式,-
beestingconfiguration.settings.mode.tooltip,可以更改蜜蜂蜇伤状态及其效果。,-
beestingconfiguration.settings.mode.off,无蜇伤,-
beestingconfiguration.settings.mode.vanilla,游戏默认,-
beestingconfiguration.settings.mode.morestings,频繁蜇伤：更容易被蛰,-
beestingconfiguration.settings.mode.stackingstings,急速蜇伤：被蛰后移动速度+10%,-
beestingconfiguration.settings.mode.beneficialstings,幸福蜇伤：被蛰后康乐度+1,-
beestingconfiguration.settings.stackcount,最大蜇伤层数,-
beestingconfiguration.settings.stackcount.tooltip,选择“急速蜇伤”时，允许蜜蜂蜇伤状态叠加的最大层数。,-
