ID,Text,Comment
UI.TW.SimpleWorkshopControl.Blocked,多项控制条件未满足。,-
UI.TW.SimpleWorkshopControl.BlockedInput,原料控制条件未满足。,-
UI.TW.SimpleWorkshopControl.BlockedProduct,产物控制条件未满足。,-
UI.TW.SimpleWorkshopControl.BlockedUser,自定义控制条件未满足。,-
UI.TW.SimpleWorkshopControl.BlockedPlanting,自动种植条件不满足,-
UI.TW.SimpleWorkshopControl.BlockedHarvest,“没有合适的可收获物”,-
UI.TW.SimpleWorkshopControl.SciencePoints,科学点数,-
UI.TW.SimpleWorkshopControl.BotPopulation,机关人数量,-
UI.TW.SimpleWorkshopControl.BeaverPopulation,海狸数量,-
UI.TW.SimpleWorkshopControl.BeaverGlobalPopulation,河狸种群，全球,-
UI.TW.SimpleWorkshopControl.BeaverDistrictPopulation,海狸人口，区域,-
UI.TW.SimpleWorkshopControl.BotGlobalPopulation,机器人数量，全球,-
UI.TW.SimpleWorkshopControl.BotDistrictPopulation,机器人人口，区域,-
UI.TW.SimpleWorkshopControl.WorkshopControls,工作启停控制,-
UI.TW.SimpleWorkshopControl.Hide,隐藏,-
UI.TW.SimpleWorkshopControl.RequireInputs,受原料控制,-
UI.TW.SimpleWorkshopControl.UseAutoProducts,受产物控制,-
UI.TW.SimpleWorkshopControl.Controller,用户控制：,-
UI.TW.SimpleWorkshopControl.AutoPlanting,自动种植,-
UI.TW.SimpleWorkshopControl.UseHarvestCheck,检查可收获,-
UI.TW.SimpleWorkshopControl.NullGoodId,无,-
UI.TW.SimpleWorkshopControl.Percent,全局库存百分比,-
UI.TW.SimpleWorkshopControl.Value,全局库存数值,-
UI.TW.SimpleWorkshopControl.Invert,反转,-
UI.TW.SimpleWorkshopControl.Start,启用,-
UI.TW.SimpleWorkshopControl.Stop,关停,-
UI.TW.SimpleWorkshopControl.CurrentStock,库存,-
UI.TW.SimpleWorkshopControl.Capacity,容量,-
UI.TW.SimpleWorkshopControl.InfoHeader,车间控制信息,-
UI.TW.SimpleWorkshopControl.AtOrBelow,小于或等于,-
UI.TW.SimpleWorkshopControl.AtOrAbove,“等于或高于”,-
UI.TW.SimpleWorkshopControl.Below,以下,-
UI.TW.SimpleWorkshopControl.Above,上方,-
UI.TW.SimpleWorkshopControl.ZeroCapacityProductWarning,!零容量产品；建筑将持续运行直到私人仓库满为止。,-
UI.TW.SimpleWorkshopControl.ZeroCapacityIngredientWarning,“！零容量原料；控制将根据可用商品与配方需求进行比较，而不是与容量百分比进行比较（适用于所有原料）。”,-
UI.TW.SimpleWorkshopControl.GlobalInventoryFallback,“没有可用的区块。正在使用全球库存。”,-
ModSetting.TWSimpleWorkshopControl.ShowStatusIcons,显示状态图标,-
ModSetting.TWSimpleWorkshopControl.ShowStatusIconsDesc,勾选后，会在控制条件未满足的建筑上方显示状态图标。,-
ModSetting.TWSimpleWorkshopControl.RequireInputsDefault,原料控制默认设置,-
ModSetting.TWSimpleWorkshopControl.RequireInputsDefaultDesc,勾选后，新建建筑的“受原料控制”选项将默认启用。<br>受原料控制：此工作场所会在配方中任一原料的全局库存降至0时关闭，并在所有原料升至配方所需数量的指定倍数时启用。,-
ModSetting.TWSimpleWorkshopControl.AutoProductsDefault,产物控制默认设置,-
ModSetting.TWSimpleWorkshopControl.AutoProductsDefaultDesc,勾选后，新建建筑的“受产物控制”选项将默认启用。<br>受产物控制：此工作场所会在配方中任一产物的全局库存升至满值时关闭，并在所有产物降至满值的指定百分比时启用。,-
ModSetting.TWSimpleWorkshopControl.RecipeRequirementStart,自动原料启动默认,-
ModSetting.TWSimpleWorkshopControl.RecipeRequirementStartDesc,当所有原料高于此全局库存百分比时，“受原料控制”建筑将启用,-
ModSetting.TWSimpleWorkshopControl.RecipeRequirementStop,自动原料关闭默认,-
ModSetting.TWSimpleWorkshopControl.RecipeRequirementStopDesc,当任何原料低于此全局库存百分比时，“受原料控制”建筑将关停,-
ModSetting.TWSimpleWorkshopControl.AutoProductStart,自动产品启动默认,-
ModSetting.TWSimpleWorkshopControl.AutoProductStartDesc,当所有产物低于此全局库存百分比时，“受产物控制”建筑将启用,-
ModSetting.TWSimpleWorkshopControl.AutoProductStop,自动产品停止默认,-
ModSetting.TWSimpleWorkshopControl.AutoProductStopDesc,当任何产物高于此全局库存百分比时，自动生产建筑将停止。,-
ModSetting.TWSimpleWorkshopControl.UIMinHeight,界面最小高度,-
ModSetting.TWSimpleWorkshopControl.UIMinHeightDesc,可以调整此模组界面在详情面板中的最小高度。,-
ModSetting.TWSimpleWorkshopControl.UIMaxHeight,界面最大高度,-
ModSetting.TWSimpleWorkshopControl.UIMaxHeightDesc,可以调整此模组界面在详情面板中的最大高度。,-
ModSetting.TWSimpleWorkshopControl.AutoPlantingDefault,自动种植默认设置,-
ModSetting.TWSimpleWorkshopControl.AutoPlantingDefaultDesc,新建的建筑将默认启用自动种植。,-
UI.TW.SimpleWorkshopControl.AutoPlantingCooldown,冷却时间：,-
UI.TW.SimpleWorkshopControl.HarvestCheckCooldown,冷却时间：,-
UI.TW.SimpleWorkshopControl.UseGlobalInventory,全球库存,-
ModSetting.TWSimpleWorkshopControl.GlobalInventory,使用全局库存,-
ModSetting.TWSimpleWorkshopControl.GlobalInventoryDesc,使用全球库存而不是地区库存。,-
ModSetting.TWSimpleWorkshopControl.PerBuildingGlobalInventory,每栋建筑的全球库存,-
ModSetting.TWSimpleWorkshopControl.PerBuildingGlobalInventoryDesc,“在每个建筑上选择全球或地区库存。上述的‘使用全球库存’设置将作为新建筑的默认值。”,-
ModSetting.TWSimpleWorkshopControl.GoodsMax,“物品滑块最大值”,-
ModSetting.TWSimpleWorkshopControl.GoodsMaxDesc,“用户控制滑块允许的最大值”,-
ModSetting.TWSimpleWorkshopControl.PopulationMax,人口滑块最大值,-
ModSetting.TWSimpleWorkshopControl.PopulationMaxDesc,“用户控制滑块允许的最大值”,-
ModSetting.TWSimpleWorkshopControl.ScienceMax,科学滑块最大值,-
ModSetting.TWSimpleWorkshopControl.ScienceMaxDesc,“用户控制滑块允许的最大值”,-
ModSetting.TWSimpleWorkshopControl.CheckHarvestableCooldown,检查可收获冷却时间,-
ModSetting.TWSimpleWorkshopControl.CheckHarvestableCooldownDesc,“在没有可采收植物后，保持建筑物活跃的默认海狸工时数。”,-
ModSetting.TWSimpleWorkshopControl.harvestCheckDefault,检查可收获默认值,-
ModSetting.TWSimpleWorkshopControl.HarvestCheckDefaultDesc,新建的建筑将默认启用检查可收获,-
UI.TW.SimpleWorkshopControl.TT.HarvestCheckToggle,“没有可收获时关闭”,-
UI.TW.SimpleWorkshopControl.TT.HarvestCooldown,收割完成后保持活跃的时间（以海狸小时计算）,-
UI.TW.SimpleWorkshopControl.TT.IncreaseUI,增加UI高度,-
UI.TW.SimpleWorkshopControl.TT.DecreaseUI,降低UI高度,-
UI.TW.SimpleWorkshopControl.TT.HideUI,隐藏工作坊行为控制,-
UI.TW.SimpleWorkshopControl.TT.ShowBehaviorInfo,显示行为调试信息,-
UI.TW.SimpleWorkshopControl.TT.UseGlobalInventory,比较全局或地区库存,-
UI.TW.SimpleWorkshopControl.TT.AutoPlantingToggle,有待种植时开启或关闭建筑,-
UI.TW.SimpleWorkshopControl.TT.AutoPlantingCooldown,种植完成后保持活动的时间（单位：海狸小时）,-
UI.TW.SimpleWorkshopControl.TT.AutoIngredientsToggle,当材料不足时关闭建筑,-
UI.TW.SimpleWorkshopControl.TT.ShowSettings,显示设置,-
UI.TW.SimpleWorkshopControl.TT.HideSettings,隐藏设置,-
UI.TW.SimpleWorkshopControl.TT.AutoProductsToggle,当产品超过停止时关闭建筑,-
UI.TW.SimpleWorkshopControl.TT.UserControlInputChannel,“用户控制行为所使用的输入通道”,-
UI.TW.SimpleWorkshopControl.TT.UserControlInvert,交换开始和停止的位置,-
UI.TW.SimpleWorkshopControl.TT.UserPercentDropdown,选择开始和停止是百分比还是绝对数值,-
UI.TW.UI.TT.Start,开始,-
UI.TW.UI.TT.Stop,停止,-
ModSetting.TWSimpleWorkshopControl.UseToolTips,显示工具提示,-
ModSetting.TWSimpleWorkshopControl.UseToolTipsDesc,当鼠标悬停在控件上时显示小帮助窗口（就像这个一样！=^.^=）,-
ModSetting.TWSimpleWorkshopControl.AutoPlantingFarmCooldown,农场种植冷却时间,-
ModSetting.TWSimpleWorkshopControl.AutoPlantingFarmCooldownDesc,“自动种植农场在最后一个种植工作完成后将持续多长时间的海狸工时。”,-
ModSetting.TWSimpleWorkshopControl.AutoPlantingForesterCooldown,树木种植冷却时间,-
ModSetting.TWSimpleWorkshopControl.AutoPlantingForesterCooldownDesc,“在最后一次种植工作完成后，自动种植伐木工将保持活跃的海狸工时。”,-
ModSetting.TWSimpleWorkshopControl.AutoIngredientsZeroCapMultiplier,自动原料零上限比例,-
ModSetting.TWSimpleWorkshopControl.AutoIngredientsZeroCapMultiplierDesc,“当没有资源存储容量时，自动材料将根据配方数量乘以该数字检查可用库存（而不是根据存储容量的百分比进行检查）。”,-
ModSetting.TWSimpleWorkshopControl.AutoIngredientsIncludeFuel,包含燃料,-
ModSetting.TWSimpleWorkshopControl.AutoIngredientsIncludeFuelDesc,“燃料将作为必需材料包含。”,-
UI.TW.SimpleWorkshopControl.TT.AutoProductsZeroCapWarning,“没有产品存储建筑。使用零容量规则（点击获取信息）”,-
UI.TW.SimpleWorkshopControl.TT.AutoIngredientsZeroCapWarning,没有存储建筑用于原料。使用零容量规则（点击了解更多信息）,-
ModSetting.TWSimpleWorkshopControl.PriorityHarvestDefault,收割优先级默认设置,-
ModSetting.TWSimpleWorkshopControl.PriorityHarvestDefaultDesc,新建的建筑将默认启用收获优先级选项。,-
UI.TW.SimpleWorkshopControl.UsePriorityHarvest,“收获优先器”,-
UI.TW.SimpleWorkshopControl.TT.UsePriorityHarvestToggle,自动将优先资源设置为最需要的资源。,-
UI.TW.SimpleWorkshopControl.RangeType,阈值,-
ModSetting.TWSimpleWorkshopControl.PerBuildingAutoSliders,单独设置控制阈值,-
ModSetting.TWSimpleWorkshopControl.PerBuildingAutoSlidersDesc,勾选后，可以单独设置每栋建筑的启用/关停阈值。如果未勾选，则所有建筑将使用模组设置的默认阈值。,-
