ID,Text,Comment
LV.MTA.Achievements,成就,-
LV.MTA.Secret,<color=#D3D3D3><i>这个成就是一个谜。</i></color>,-
LV.MTA.UnlockNotifHeader,新成就解锁！,-
LV.MTA.GroupTitle,{0} ({1}/{2} 已解锁),-
LV.MTA.UnlockedAchTitle,<i><GreenHighlight>{0} - 解锁!</GreenHighlight></i>,-
LV.MTA.SecretAchTitle,{0} [秘密],-
LV.MTA.ShowAchievementDialogHotkey,显示成就对话框,-
LV.MTA.GroupSteam,蒸汽,-
LV.MTA.AchName_PLANT_5000_TREES,海狸造的森林,-
LV.MTA.AchDesc_PLANT_5000_TREES,"在一次游戏过程中种植5,000棵树。",-
LV.MTA.AchName_PLANT_1000_TREES,“海狸制造的灌木丛”,-
LV.MTA.AchDesc_PLANT_1000_TREES,"在一次游戏过程中种植1,000棵树。",-
LV.MTA.AchName_PLANT_10000_TREES,海狸制造的荒野,-
LV.MTA.AchDesc_PLANT_10000_TREES,"在一次游玩中种植10,000棵树。",-
LV.MTA.AchName_BORN_BEAVER_AFTER_BEAVER_EXTINCTION,“死后海狸”,-
LV.MTA.AchDesc_BORN_BEAVER_AFTER_BEAVER_EXTINCTION,作为铁齿族，在海狸数量降到0之后出生一只海狸。,-
LV.MTA.AchName_BUILD_CAMPFIRE,“创意迸发”,-
LV.MTA.AchDesc_BUILD_CAMPFIRE,建造一个篝火。,-
LV.MTA.AchName_BUILD_BOT,以海狸的形象创造,-
LV.MTA.AchDesc_BUILD_BOT,建造一个机器人。,-
LV.MTA.AchName_INJURED_JUST_BORN_BEAVER,现实的沙漠,-
LV.MTA.AchDesc_INJURED_JUST_BORN_BEAVER,作为铁齿部落，让一只海狸从高级繁殖舱出生并在同一天受伤。,-
LV.MTA.AchName_WORK_ALL_DAY_FOR_WEEK,无尽的忙碌,-
LV.MTA.AchDesc_WORK_ALL_DAY_FOR_WEEK,连续7天工作24小时。,-
LV.MTA.AchName_GENERATE_POWER_WITH_POWER_WHEELS_ONLY,足以为汽车电池提供电力,-
LV.MTA.AchDesc_GENERATE_POWER_WITH_POWER_WHEELS_ONLY,"仅在单个电力网络中使用动力轮产生2,000马力。",-
LV.MTA.AchName_PLUG_ANY_BADWATER_SOURCE,“修复泄漏”,-
LV.MTA.AchDesc_PLUG_ANY_BADWATER_SOURCE,使用其中一个专用建筑覆盖地图上的污水源。,-
LV.MTA.AchName_BUILD_EVERY_STRUCTURE_FOLKTAILS,民间传说的优秀建筑师,-
LV.MTA.AchDesc_BUILD_EVERY_STRUCTURE_FOLKTAILS,“建造Folktails可用的每一种建筑和结构。”,-
LV.MTA.AchName_BUILD_STACKED_HYDROPONIC_GARDENS,“空中花园”,-
LV.MTA.AchDesc_BUILD_STACKED_HYDROPONIC_GARDENS,作为铁齿部族，建造8个相互堆叠的水培花园。,-
LV.MTA.AchName_BUILD_MANY_HEDGES,对冲基金,-
LV.MTA.AchDesc_BUILD_MANY_HEDGES,作为民间传说，在一个地图上建造200个篱笆。,-
LV.MTA.AchName_EXPLODE_DYNAMITE_IN_SINGLE_DAY,“我已成聋”,-
LV.MTA.AchDesc_EXPLODE_DYNAMITE_IN_SINGLE_DAY,在一天内引爆200个炸药。,-
LV.MTA.AchName_UNLOCK_IRON_TEETH,“准备好铁齿”,-
LV.MTA.AchDesc_UNLOCK_IRON_TEETH,解锁铁牙派系。,-
LV.MTA.AchName_BUILD_EVERY_STRUCTURE_IRONTEETH,铁齿大师建造师,-
LV.MTA.AchDesc_BUILD_EVERY_STRUCTURE_IRONTEETH,建造所有铁牙族可用的建筑和结构。,-
LV.MTA.AchName_DEMOLISH_AND_REBUILD,发生了。,-
LV.MTA.AchDesc_DEMOLISH_AND_REBUILD,拆除一座建筑并立即在原地建造一座相同的建筑。,-
LV.MTA.AchName_BUILD_DAM,“这是一种本能”,-
LV.MTA.AchDesc_BUILD_DAM,建造一座水坝。,-
LV.MTA.AchName_SURVIVE_50_CYCLES,传奇开拓者,-
LV.MTA.AchDesc_SURVIVE_50_CYCLES,在一张地图上生存50个周期。,-
LV.MTA.AchName_GENERATE_POWER_WITH_WATER_WHEELS_ONLY,掌握水流,-
LV.MTA.AchDesc_GENERATE_POWER_WITH_WATER_WHEELS_ONLY,"仅使用水车在单一电力网络中产生10,000马力。",-
LV.MTA.AchName_ACTIVATE_WONDER_FOLKTAILS,“九十九个气球和持续增加”,-
LV.MTA.AchDesc_ACTIVATE_WONDER_FOLKTAILS,作为Folktails建造并发射奇迹。,-
LV.MTA.AchName_PLUG_ALL_BADWATER_SOURCES,不再漏水,-
LV.MTA.AchDesc_PLUG_ALL_BADWATER_SOURCES,使用专用建筑封锁地图上的所有污染水源。,-
LV.MTA.AchName_BADTIDE_STREAK,“不再来了！”,-
LV.MTA.AchDesc_BADTIDE_STREAK,“经历两次连续的坏潮。”,-
LV.MTA.AchName_SURVIVE_BADTIDE,不错!,-
LV.MTA.AchDesc_SURVIVE_BADTIDE,“在第一次遭遇恶潮中生存。”,-
LV.MTA.AchName_BEAVER_STUNG_BY_BEE,“别碰蜜蜂！”,-
LV.MTA.AchDesc_BEAVER_STUNG_BY_BEE,作为民间故事角色，让一只海狸被蜜蜂叮。,-
LV.MTA.AchName_REACH_POPULATION_OF_250_BEAVERS,一个大群落,-
LV.MTA.AchDesc_REACH_POPULATION_OF_250_BEAVERS,达到250只海狸的人口。,-
LV.MTA.AchName_REACH_POPULATION_OF_100_BEAVERS,一个大家庭,-
LV.MTA.AchDesc_REACH_POPULATION_OF_100_BEAVERS,达到100只海狸的人口。,-
LV.MTA.AchName_REACH_POPULATION_OF_500_BEAVERS,“一大…群？”,-
LV.MTA.AchDesc_REACH_POPULATION_OF_500_BEAVERS,达到500只海狸的数量。,-
LV.MTA.AchName_EXPLODE_UNIT_WITH_DYNAMITE,“哎呀！”,-
LV.MTA.AchDesc_EXPLODE_UNIT_WITH_DYNAMITE,使用炸药爆炸一个单位。,-
LV.MTA.AchName_ACTIVATE_MULTIPLE_WONDERS,超越者,-
LV.MTA.AchDesc_ACTIVATE_MULTIPLE_WONDERS,同时发射三项奇迹。,-
LV.MTA.AchName_PRODUCE_PLANKS_IN_DAY,木板工,-
LV.MTA.AchDesc_PRODUCE_PLANKS_IN_DAY,作为铁牙族，在一天内生产500根木板。,-
LV.MTA.AchName_BATTERY_CHARGE_STORAGE,全天候供电,-
LV.MTA.AchDesc_BATTERY_CHARGE_STORAGE,"使用重力电池储存至少655,321小时功率的电能。",-
LV.MTA.AchName_BEAVER_DIES_HUNGRY_THIRSTY_INJURED_SICK,“痛苦的四重奏”,-
LV.MTA.AchDesc_BEAVER_DIES_HUNGRY_THIRSTY_INJURED_SICK,让一只海狸在受伤、污染、饥饿和口渴的情况下死亡。,-
LV.MTA.AchName_WORKING_REFINERY_FOR_EACH_RECIPE,精炼的精炼,-
LV.MTA.AchDesc_WORKING_REFINERY_FOR_EACH_RECIPE,作为民间传说种族，让每个可用配方都有一个正常运作的炼油厂。,-
LV.MTA.AchName_PLACE_DYNAMITE_AT_BOTTOM,“岩底”,-
LV.MTA.AchDesc_PLACE_DYNAMITE_AT_BOTTOM,尝试在地图底部放置炸药。,-
LV.MTA.AchName_BUILD_WONDER_BEFORE_CYCLE,“冲啊，比弗！”,-
LV.MTA.AchDesc_BUILD_WONDER_BEFORE_CYCLE,在第15个周期结束之前建造一个奇迹。,-
LV.MTA.AchName_ZIPLINE_NETWORK_LENGTH,沙卡布拉！,-
LV.MTA.AchDesc_ZIPLINE_NETWORK_LENGTH,作为民间故事角色，建立一个总长度为1公里的滑索网络。,-
LV.MTA.AchName_REACH_BUILD_HEIGHT_LIMIT,天空是极限,-
LV.MTA.AchDesc_REACH_BUILD_HEIGHT_LIMIT,在允许的最高高度建造一个结构。,-
LV.MTA.AchName_SURVIVE_DROUGHT,“晨间水的气息”,-
LV.MTA.AchDesc_SURVIVE_DROUGHT,“度过你的第一次干旱。”,-
LV.MTA.AchName_REACH_MAX_AVERAGE_WELLBEING_POPULATED,“微笑吧，所有海狸！”,-
LV.MTA.AchDesc_REACH_MAX_AVERAGE_WELLBEING_POPULATED,在至少有100只海狸的人口下，达到最大可能的平均幸福感。,-
LV.MTA.AchName_ACTIVATE_WONDER_IRONTEETH,“再见，感谢你的咖啡！”,-
LV.MTA.AchDesc_ACTIVATE_WONDER_IRONTEETH,作为铁牙部落建造并发射奇迹。,-
LV.MTA.AchName_SURVIVE_10_CYCLES,生存101,-
LV.MTA.AchDesc_SURVIVE_10_CYCLES,在一张地图上生存10个周期。,-
LV.MTA.AchName_SURVIVE_5_CYCLES,幸存者,-
LV.MTA.AchDesc_SURVIVE_5_CYCLES,在一个地图上生存5个周期。,-
LV.MTA.AchName_MAPLE_PASTRY_ONLY,甜蜜的牙齿,-
LV.MTA.AchDesc_MAPLE_PASTRY_ONLY,“作为民间传说角色，在一天结束时拥有1000个枫糖糕点且没有其他食物。”,-
LV.MTA.AchName_REACH_4_AVERAGE_WELLBEING,“这…可以接受”,-
LV.MTA.AchDesc_REACH_4_AVERAGE_WELLBEING,达到4的平均幸福感。,-
LV.MTA.AchName_REACH_50_AVERAGE_WELLBEING,真是太惊人了,-
LV.MTA.AchDesc_REACH_50_AVERAGE_WELLBEING,达到50的平均幸福感。,-
LV.MTA.AchName_REACH_40_AVERAGE_WELLBEING,“太棒了”,-
LV.MTA.AchDesc_REACH_40_AVERAGE_WELLBEING,达到40的平均幸福感。,-
LV.MTA.AchName_REACH_30_AVERAGE_WELLBEING,“很好”,-
LV.MTA.AchDesc_REACH_30_AVERAGE_WELLBEING,达到平均幸福感30。,-
LV.MTA.AchName_REACH_60_AVERAGE_WELLBEING,“那真是……不可思议”,-
LV.MTA.AchDesc_REACH_60_AVERAGE_WELLBEING,达到60的平均幸福感。,-
LV.MTA.AchName_REACH_20_AVERAGE_WELLBEING,“那真不错”,-
LV.MTA.AchDesc_REACH_20_AVERAGE_WELLBEING,达到20的平均幸福指数。,-
LV.MTA.AchName_REACH_10_AVERAGE_WELLBEING,“那...可以”,-
LV.MTA.AchDesc_REACH_10_AVERAGE_WELLBEING,达到平均幸福感10。,-
LV.MTA.AchName_REACH_MAX_AVERAGE_WELLBEING,“那是……天堂！”,-
LV.MTA.AchDesc_REACH_MAX_AVERAGE_WELLBEING,达到最高平均幸福感。,-
LV.MTA.AchName_CONAN,“野蛮人”,-
LV.MTA.AchDesc_CONAN,“作为铁牙部落，让一只名叫康纳的海狸独自在大型动力轮上工作。”,-
LV.MTA.AchName_BUILD_BOT_AFTER_BEAVER_EXTINCTION,“机器人的时代”,-
LV.MTA.AchDesc_BUILD_BOT_AFTER_BEAVER_EXTINCTION,在海狸灭绝后制造一个机器人。,-
LV.MTA.AchName_LARGE_TUBEWAY_NETWORK,管道城市,-
LV.MTA.AchDesc_LARGE_TUBEWAY_NETWORK,"作为铁齿部落，拥有至少10个管道车站和1,000条管道。",-
LV.MTA.AchName_REACH_POPULATION_WITHOUT_DWELLINGS,不必要的开支,-
LV.MTA.AchDesc_REACH_POPULATION_WITHOUT_DWELLINGS,作为铁牙部落，不建造任何住房，达到200只海狸的人口。,-
LV.MTA.AchName_SURVIVE_20_CYCLES,荒原专家,-
LV.MTA.AchDesc_SURVIVE_20_CYCLES,在一张地图上生存20个周期。,-
LV.MTA.AchName_CURE_CONTAMINATED_BEAVER,我们有技术,-
LV.MTA.AchDesc_CURE_CONTAMINATED_BEAVER,治愈一只受污染的海狸。,-
LV.MTA.AchName_FLOOD_BUILDING,“湿滑的地面”,-
LV.MTA.AchDesc_FLOOD_BUILDING,淹没一座建筑。,-
LV.MTA.AchName_GENERATE_POWER_WITH_WIND_TURBINES_ONLY,风的日子,-
LV.MTA.AchDesc_GENERATE_POWER_WITH_WIND_TURBINES_ONLY,"作为民间传说，通过仅使用风力涡轮机在单一电力网络中产生10,000马力。",-
