ID,Text,Comment
GreedyBuilders.biofuel,生物燃料,-
GreedyBuilders.displayname,双种族,-
GreedyBuilders.description,经过友好磋商，神尾与铁牙决定建立共同居住示范区，尝试走出一条可持续发展的道路。<br>神尾种族的绿色环保与铁牙种族的科学工艺在这里实现了和谐交融。<br>座右铭：<i>绿水青山就是金山银山。</i>,-
GreedyBots,混动机关人 {0},-
GreedyBuilders.WonderCompletion.Message,非常出色！你充分理解了示范区的宗旨，使用先进的技术实现环保的理念，同时达成了两个部族的巅峰。,-
GreedyBuilders.WonderCompletion.Flavour,神尾与铁牙坚信，总有一天能将两项奇观工程结合，让拓荒海狸们带着种子前往远方，治愈这颗星球。,-
GreedyBuilders.GameOver.Message,很可惜，你没能成功统合两个种族的科技路线。,-
GreedyBuilders.GameOver.Flavour,示范区失败了，神尾和铁牙再次分道扬镳。故事结束了。,-
