ID,Text,Comment
UI.TW.SimpleWorkshopControl.Blocked,多项控制条件未满足。,-
UI.TW.SimpleWorkshopControl.BlockedInput,原料控制条件未满足。,-
UI.TW.SimpleWorkshopControl.BlockedProduct,产物控制条件未满足。,-
UI.TW.SimpleWorkshopControl.BlockedUser,自定义控制条件未满足。,-
UI.TW.SimpleWorkshopControl.SciencePoints,科学点数,-
UI.TW.SimpleWorkshopControl.BotPopulation,机关人数量,-
UI.TW.SimpleWorkshopControl.BeaverPopulation,海狸数量,-
UI.TW.SimpleWorkshopControl.WorkshopControls,工作启停控制,-
UI.TW.SimpleWorkshopControl.Hide,隐藏,-
UI.TW.SimpleWorkshopControl.RequireInputs,受原料控制,-
UI.TW.SimpleWorkshopControl.UseAutoProducts,受产物控制,-
UI.TW.SimpleWorkshopControl.Controller,自定义控制,-
UI.TW.SimpleWorkshopControl.RangeType,阈值,-
UI.TW.SimpleWorkshopControl.Start,启用,-
UI.TW.SimpleWorkshopControl.Stop,关停,-
UI.TW.SimpleWorkshopControl.NullGoodId,无,-
UI.TW.SimpleWorkshopControl.Percent,全局库存百分比,-
UI.TW.SimpleWorkshopControl.Value,全局库存数值,-
ModSetting.TWSimpleWorkshopControl.ShowStatusIcons,显示状态图标,-
ModSetting.TWSimpleWorkshopControl.ShowStatusIconsDesc,勾选后，会在控制条件未满足的建筑上方显示状态图标。,-
ModSetting.TWSimpleWorkshopControl.RequireInputsDefault,原料控制默认设置,-
ModSetting.TWSimpleWorkshopControl.RequireInputsDefaultDesc,勾选后，新建建筑的“受原料控制”选项将默认启用。<br>受原料控制：此工作场所会在配方中任一原料的全局库存降至0时关闭，并在所有原料升至配方所需数量的指定倍数时启用。,-
ModSetting.TWSimpleWorkshopControl.AutoProductsDefault,产物控制默认设置,-
ModSetting.TWSimpleWorkshopControl.AutoProductsDefaultDesc,勾选后，新建建筑的“受产物控制”选项将默认启用。<br>受产物控制：此工作场所会在配方中任一产物的全局库存升至满值时关闭，并在所有产物降至满值的指定百分比时启用。,-
ModSetting.TWSimpleWorkshopControl.RecipeRequirementStart,原料控制建筑启动阈值,-
ModSetting.TWSimpleWorkshopControl.RecipeRequirementStartDesc,当所有原料高于此全局库存百分比时，“受原料控制”建筑将启用,-
ModSetting.TWSimpleWorkshopControl.RecipeRequirementStop,原料控制建筑关停阈值,-
ModSetting.TWSimpleWorkshopControl.RecipeRequirementStopDesc,当任何原料低于此全局库存百分比时，“受原料控制”建筑将关停,-
ModSetting.TWSimpleWorkshopControl.AutoProductStart,产物控制建筑启动阈值,-
ModSetting.TWSimpleWorkshopControl.AutoProductStartDesc,当所有产物低于此全局库存百分比时，“受产物控制”建筑将启用,-
ModSetting.TWSimpleWorkshopControl.AutoProductStop,产物控制建筑关停阈值,-
ModSetting.TWSimpleWorkshopControl.AutoProductStopDesc,当任何产物高于此全局库存百分比时，“受产物控制”建筑将关停,-
ModSetting.TWSimpleWorkshopControl.UIMinHeight,界面最小高度,-
ModSetting.TWSimpleWorkshopControl.UIMinHeightDesc,可以调整此模组界面在详情面板中的最小高度。,-
ModSetting.TWSimpleWorkshopControl.UIMaxHeight,界面最大高度,-
ModSetting.TWSimpleWorkshopControl.UIMaxHeightDesc,可以调整此模组界面在详情面板中的最大高度。,-
ModSetting.TWSimpleWorkshopControl.PerBuildingAutoSliders,单独设置控制阈值,-
ModSetting.TWSimpleWorkshopControl.PerBuildingAutoSlidersDesc,勾选后，可以单独设置每栋建筑的启用/关停阈值。如果未勾选，则所有建筑将使用模组设置的默认阈值。,-
