ID,Text,Comment
ModSetting.TWMarket.ShowStatusIcons,显示状态图标,-
ModSetting.TWMarket.ShowStatusIconsDesc,勾选后，如果设置的买卖条件未满足，将在市场上方显示状态图标。,-
UI.TW.Market.BuyWhen,购买时机,-
UI.TW.Market.SellWhen,出售时机,-
UI.TW.Market.BuyControl.Always,持续购买,-
UI.TW.Market.SellControl.Always,持续出售,-
UI.TW.Market.BuyControl.LessThanHalf,低于半数库存量时,-
UI.TW.Market.SellControl.MoreThanHalf,高于半数库存量时,-
UI.TW.Market.BuyControl.LessThanValue,低于设定值时,-
UI.TW.Market.SellControl.MoreThanValue,高于设定值时,-
UI.TW.Market.BuySlider,设定值：,-
UI.TW.Market.SellSlider,设定值：,-
UI.TW.Market.ControlBlocked,买卖条件未满足,-
Good.TWShiny.DisplayName,闪亮币,-
Good.TWShiny.PluralDisplayName,闪亮币,-
Good.TWAlmondBark.DisplayName,能量块,-
Good.TWAlmondBark.PluralDisplayName,能量块,-
Building.TWMarketBuy.DisplayName,进口市场,-
Building.TWMarketBuy.Description,向旅行猫商购买商品。猫族很狡猾，他们的商队只会在不注意的时候出现。,-
Building.TWMarketBuy.FlavorDescription,“永远别让他们知道你有多少个闪亮币。”,-
Building.TWMarketSell.DisplayName,出口市场,-
Building.TWMarketSell.Description,向旅行猫商出售商品。猫族很狡猾，他们的商队只会在不注意的时候离开。,-
Building.TWMarketSell.FlavorDescription,“为了几个闪亮币，我们可真拼……”,-
Building.TWMarketBuyFood.DisplayName,食品进口市场,-
Building.TWMarketBuyFood.Description,向旅行猫商购买食品。猫族很狡猾；他们的商队只会在不注意的时候出现。,-
Building.TWMarketBuyFood.FlavorDescription,“比黄金美味，但没黄金闪亮。”,-
Recipe.TWBuyWater,购买水,-
Recipe.TWBuyLog,购买原木,-
Recipe.TWBuyPineResin,购买松脂,-
Recipe.TWBuyExplosives,购买炸药,-
Recipe.TWBuyCarrot,购买胡萝卜,-
Recipe.TWBuyBerries,购买浆果,-
Recipe.TWSellBerries,出售浆果,-
Recipe.TWBuyCorn,购买玉米,-
Recipe.TWSellCornRation,出售玉米口粮,-
Recipe.TWBuyWheatFlour,购买小麦面粉,-
Recipe.TWBuyAntidote,购买解毒剂,-
Recipe.TWBuyAlmondBark,购买能量块,-
Recipe.TWBuyCoffeeBean,购买咖啡豆,-
Recipe.TWBuyKohlrabi,购买大头菜,-
Recipe.TWBuyScrapMetal,购买金属废料,-
Recipe.TWSellAntidote,出售解毒剂,-
Recipe.TWSellExplosives,出售炸药,-
Recipe.TWSellExtract,出售提取,-
Recipe.TWSellMetalBlock,出售金属块,-
Recipe.TWSellTreatedPlank,出售树脂木板,-
Recipe.TWSellWheatFlour,出售小麦面粉,-
Recipe.TWSellCoffeeBean,出售咖啡豆,-
Recipe.TWBuyCattailRoot,购买青荷根,-
Recipe.TWBuyCanolaSeeds,购买油菜籽,-
Recipe.TWBuyCassava,购买木薯,-
Recipe.TWBuyChestnut,购买栗子,-
Recipe.TWBuyMushroom,购买蘑菇,-
Recipe.TWBuyPotato,购买土豆,-
Recipe.TWBuySoybean,购买大豆,-
Recipe.TWBuySunflowerSeeds,购买葵花籽,-
Recipe.TWBuySciencePoints,购买科学点数,-
