ID,Text,Comment
LV.VF.RemoveCorner,移除角落占用,-
LV.VF.RemoveCornerDesc,勾选后，可以在植物上建造平台等结构建筑。,-
LV.VF.RemovePath,移除路径占用,-
LV.VF.RemovePathDesc,勾选后，可以在植物上铺设道路。,-
LV.VF.WithoutGround,无地面种植,-
LV.VF.WithoutGroundDesc,勾选后，可以直接在屋顶和平台上种植，无需泥土；植物的灌溉或污染受正下方的土地影响。,-
LV.VF.NoConUp,无污染上涌,-
LV.VF.NoConUpDesc,勾选后，屋顶和平台上种植的植物默认被灌溉，不再受正下方土地影响。,-
