ID,Text,Comment
LV.BL.BeavlineGroup,物流线,-
LV.BL.BeavlineOut,物流输出口,-
LV.BL.BeavlineOutDesc,在建筑上启用输出口功能，可以将物品送至与其连接的物流输入口建筑。,-
LV.BL.BeavlineOutFlavor,没有绕路，没有延迟，这就是海狸物流线。,-
LV.BL.BeavlineOutSpeed,物流高速输出口,-
LV.BL.BeavlineOutSpeedDesc,提升物流输出口的输出速度 {0:+0%}。,-
LV.BL.BeavlineOutSpeedFlavor,海狸次日达，您的最佳选择。,-
LV.BL.BeavlineIn,物流输入口,-
LV.BL.BeavlineInDesc,在建筑上启用输入口功能，可以从与其连接的物流输出口建筑接收物品。,-
LV.BL.BeavlineInFlavor,您的货物已送达，请注意签收。,-
LV.BL.BeavlineBalancer,物流平衡器,-
LV.BL.BeavlineBalancerDesc,在建筑上启用平衡器功能，可以将物品在与其连接的同类建筑之间传输，自动平衡库存，每小时执行一次。如果关闭此功能，则此建筑的库存不参与自动平衡，仅作为物品传输的中转。,-
LV.BL.BeavlineBalancerFlavor,完美且平衡，正如万事万物应有的状态。,-
LV.BL.FilterGoods,物流筛选：{0},-
LV.BL.ChangeFilter,更改筛选器,-
LV.BL.FilterAll,全部允许,-
LV.BL.DisableToggle,禁用此功能,-
LV.BL.ConnectedTo,连接：,-
LV.BL.Disabled,<color=#FF4C4C>[已禁用]</color>,-
LV.BL.ErrInvalidBuilding,此建筑无法连接到物流线。,-
LV.BL.ErrNoInput,此建筑无法接收物品。,-
LV.BL.ErrNoOutput,此建筑无法发送物品。,-
LV.BL.SelectAll,全选,-
LV.BL.SelectNone,全不选,-
LV.BL.OutputSpeed,输出速度：{0:0.#} 件/天,-
LV.BL.ErrStockpileOnly,此整修项目仅适用于仓储建筑（材料堆、仓库和储水罐）。,-
LV.BL.RemoveEntranceWarning,移除“建筑未连接”警告,-
LV.BL.DisableBalancer,关闭“物流平衡器”功能,-
LV.BL.ErrNeedOutput,此整修项目仅适用于已启用“物流输出口”的建筑。,-
Name_BeavlineFragment,物流出入,-
Name_StockpileBalancerFragment,物流平衡,-
