ID,Text,Comment
ToolGroups.PoweredRoofs,传动屋顶,-
Building.PoweredRoof1x1.DisplayName,传动屋顶 1x1,-
Building.PoweredRoof1x2.DisplayName,传动屋顶 1x2,-
Building.PoweredRoof2x2.DisplayName,传动屋顶 2x2,-
Building.PoweredRoof2x3.DisplayName,传动屋顶 2x3,-
Building.PoweredRoof3x2.DisplayName,传动屋顶 3x2,-
Building.PoweredHalfRoof1x1.DisplayName,传动倾斜屋顶 1x1,-
Building.PoweredHalfRoof1x2.DisplayName,传动倾斜屋顶 1x2,-
Building.PoweredHalfRoof2x1.DisplayName,传动倾斜屋顶 2x1,-
Building.PoweredHalfRoof2x2.DisplayName,传动倾斜屋顶 2x2,-
Building.PoweredHalfRoof3x2.DisplayName,传动倾斜屋顶 3x2,-
Building.PoweredHalfRoof2x3.DisplayName,传动倾斜屋顶 2x3,-
Building.PoweredRoof.FlavorDescription,这些屋顶加装了传动轴，可能会有……一点点吵？,-
