ID,Text,Comment
LV.OG.GroupProductions,生产,-
LV.OG.GroupEssentials,生存,-
LV.OG.GroupFarming,耕种,-
LV.OG.GroupKitchen,烹饪,-
LV.OG.GroupRecreation,娱乐和装饰,-
LV.OG.GroupRoofs,屋顶,-
LV.OG.GroupSurfaces,地表结构,-
LV.OG.GroupPiles,材料堆,-
LV.OG.GroupWarehouses,仓库,-
LV.OG.GroupTanks,储水罐,-
LV.OG.GroupPlatforms,平台,-
LV.OG.GroupBridges,吊桥,-
LV.OG.GroupOverhangs,悬挑,-
LV.OG.GroupZiplines,滑索,-
LV.OG.GroupTubeways,管路,-
LV.OG.GroupFloodgates,闸门和水闸,-
LV.OG.GroupExplosives,炸弹,-
LV.OG.GroupWaterPumps,水泵设施,-
LV.OG.GroupBadwaters,恶水设施,-
