ID,Text,Comment
OldGopher.Building.PipeBox.DisplayName,开孔防洪堤,-
OldGopher.Building.PipeStraight.DisplayName,直线水管,-
OldGopher.Building.PipeTurn.DisplayName,水管弯角,-
OldGopher.Building.PipeTIntersection.DisplayName,水管 T 型接口,-
OldGopher.Building.PipeXIntersection.DisplayName,水管 X 型接口,-
OldGopher.Building.PipeUpward.DisplayName,上行水管,-
OldGopher.Building.PipeVertical.DisplayName,垂直水管,-
OldGopher.Building.PipeDownward.DisplayName,下行水管,-
OldGopher.Building.PipeBox.Description,中间带有水管的防洪堤。,-
OldGopher.Building.PipeValve.DisplayName,水管阀,-
OldGopher.Building.PipeValve.Description,将液体排出水管外，水位高于水管阀时会停止。,-
OldGopher.Building.PipeWaterPump.DisplayName,水管泵,-
OldGopher.Building.PipeWaterPump.Description,改进的机械液体泵，能单向输送液体，方向可变。<br><color=#FFA500>液体出口与入口的相对高度不能高于 6 米，否则无法输送至该出口。</color><br><color=#FF4C4C>Bug：模组未完善，拖动放置会游戏崩溃。</color>,-
OldGopher.Building.PipeWaterPump.TakeToPipe,状态：抽入水管内,-
OldGopher.Building.PipeWaterPump.TakeFromPipe,状态：排出水管外,-
OldGopher.Building.PipeGeneric.Description,能输送液体。,-
OldGopher.Building.PipeGeneric.Blocked.Short,水管被堵塞,-
OldGopher.Building.PipeGeneric.Blocked,某些管道入口被其他建筑或地形堵塞。只能与另一根管道连接。,-
OldGopher.Building.WaterShield.DisplayName,屏障发生器,-
OldGopher.Building.WaterShield.Description,采用了未知科技的强大机器，运作时会产生不可见的屏障，阻断周围水流。<br><color=#FFA500>阻断范围为 15x15，高度为 5 米。</color>,-
