ID,Text,Comment
GreedyEmbers.biofuel,生物燃料,-
GreedyEmbers.displayname,三种族-火绒,-
GreedyEmbers.description,在参观了示范区后，火绒认为应该加入这项合作计划，兼容并济、全面发展。<br>火绒种族学习了亲族们的科技，与神尾、铁牙一起，尝试更加和谐的发展道路。<br>座右铭：<i>水与火的交融艺术。</i>,-
GreedyBots,混动机关人 {0},-
GreedyEmbers.WonderCompletion.Message,很漂亮！你成功联合了三个种族的科技路线，在这片土地上站稳脚跟，证明了新道路的可行性。,-
GreedyEmbers.WonderCompletion.Flavour,海狸们受到了空前的鼓舞，它们将重拾先祖的文化，将古老的智慧与现代的科技相结合，建立起全新的文明。,-
GreedyEmbers.GameOver.Message,很可惜，你没能成功实现海狸们的技术融合。,-
GreedyEmbers.GameOver.Flavour,合作计划无疾而终，海狸们离开了这片伤心之地。故事结束了。,-
GreedyEmberBots,高效机关人 {0},-
GreedyEmbers.SoggyFur,水润的毛发,-
GreedyEmbers.SoakedFur,水润的毛发,-
