ID,Text,Comment
LV.WEdit.WeatherEditor,天气编辑器,-
LV.WEdit.CurrentWeather,当前天气,-
LV.WEdit.NoModdableWeather,未启用模组“Moddable Weather”,-
LV.WEdit.Duration,持续时间（天）,-
LV.WEdit.HazardousWeather,恶劣天气,-
LV.WEdit.NextCycle,下一周期,-
LV.WEdit.SingleModeTemperate,设置单一天气模式为单一温和天气,-
LV.WEdit.SaveWarning,注意，继续操作前请先保存游戏！,-
LV.WEdit.Edit,编辑天气,-
LV.WEdit.DurationNonNeg,持续时间必须为非负数,-
LV.WEdit.AskToLoad,天气编辑已保存。是否加载此存档？注意，继续当前游玩进程可能会导致游戏崩溃。,-
LV.WEdit.NoWeather,[无天气],-
