ID,Text,Comment
LV.SC.Nothing,无海狸领地,-
LV.SC.Stockpile,库存,-
LV.SC.Coord,高度：{0}，(X，Y)：({1}，{2}),-
LV.SC.Water,水,-
LV.SC.WaterDepth,  水深：{0} 米,-
LV.SC.WaterDepthFrom,  水深：{0} 米（距此处 {1} 米）,-
LV.SC.WaterCurrent,  流量：每秒 {0} 立方米,-
LV.SC.WaterContamination,  污染程度：{0}%,-
LV.SC.Dwellers,成年：{0}，幼年：{1},-
LV.SC.WaterSpecifiedStrength,  水力：{0}（通常为 {1}）,-
LV.SC.WaterStrength,  水力：{0},-
LV.SC.BeaverChildGrow,成长中：{0}/{1}（{2}%）,-
LV.SC.BlockStat,湿度：{0} 格，污度：{1}%,-
LV.SC.KeyBinding,全息光标,-
