ID,Text,Comment
CG.TreeGrowthRate,树木成长速度倍数,-
CG.TreeGrowthRateDesc,可以将树木的成长速度更改为原来的N倍（游戏默认：1）。,-
CG.CropGrowthRate,作物成长速度倍数,-
CG.CropGrowthRateDesc,可以将作物的成长速度更改为原来的N倍（游戏默认：1）。,-
CG.GatherableGrowthRate,产物成长速度倍数,-
CG.GatherableGrowthRateDesc,可以将树木产出物的成长速度更改为原本的N倍（游戏默认：1）。,-
CG.ReproducibleChanceMultiplier,蔓延概率倍数,-
CG.ReproducibleChanceMultiplierDesc,可以将树木的蔓延概率更改为原来的N倍（游戏默认：1，即每小时有1-3%的概率蔓延至相邻方格，具体概率取决于树木种类）。,-
CG.SpreadDistance,蔓延距离,-
CG.SpreadDistanceDesc,可以更改树木的单次可蔓延距离，即每次产生的新树苗可以离树木多少格（游戏默认：1）。,-
CG.SpreadVertically,垂直蔓延,-
CG.SpreadVerticallyDesc,勾选后，树木可以蔓延至上方或下方的方块（游戏默认：否）。,-
