ID,Text,Comment
LV.StC.StableCoreName,稳定核心,-
LV.StC.StableCoreDesc,一个稳定的装置，激活一段时间后才会引爆。,-
LV.StC.StableCoreFlavor,“人类居然认为‘不稳定’是一种特性，真让我震惊。”——海狸科学家,-
LV.StC.Arm,激活,-
LV.StC.ArmDesc,激活后，稳定核心将在 {0:0.0} 天后爆炸。一旦激活，倒计时无法中止。,-
LV.StC.NoDelete,无法销毁稳定核心。,-
LV.StC.Armed,核心已激活。,-
Name_StableCoreFragment,稳定核心,-
