ID,Text,Comment
ToolGroups.GreedyFolktailCadre,神尾分支,-
ToolGroups.GreedyIronTeethCadre,铁牙分支,-
ToolGroups.GreedyEmberpeltCadre,火绒分支,-
ToolGroups.GreedyLeafCoatCadre,叶纹分支,-
ToolGroups.GreedyAmpEarCadre,阔耳分支,-
ToolGroups.GreedyCopperClawCadre,铜掌分支,-
ToolGroups.GreedyWhitepawCadre,白爪分支,-
ToolGroups.GreedyRoutes,通行,-
ToolGroups.GreedyPlatforms,支撑,-
ToolGroups.GreedyReservoirs,地形,-
ToolGroups.GreedyLife,生存,-
ToolGroups.GreedyScience,科学,-
ToolGroups.GreedyStorage,仓储,-
ToolGroups.GreedyPower,能量,-
ToolGroups.GreedyDecor,装饰,-
ToolGroups.GreedySteps,楼梯,-
ToolGroups.GreedyLadders,垂直楼梯,-
ToolGroups.GreedyBridges,吊桥,-
ToolGroups.GreedyRopeways,索道,-
ToolGroups.GreedyBranches,吊桥杈道,-
ToolGroups.GreedyWalkways,走廊,-
ToolGroups.GreedyTubewayBridges,吊桥管路,-
ToolGroups.GreedyBoosters,快速移动,-
ToolGroups.GreedyGates,门,-
ToolGroups.GreedyOverhangs,悬挑,-
ToolGroups.GreedyMetalPlatforms,金属平台,-
ToolGroups.GreedyOtherPlatforms,其他平台,-
ToolGroups.GreedyDammers,水坝,-
ToolGroups.GreedyLevies,防洪堤,-
ToolGroups.GreedyLeveeBlocks,方形防洪堤,-
ToolGroups.GreedyLeveeCorners,转角防洪堤,-
ToolGroups.GreedyLeveeLedges,悬挑防洪堤,-
ToolGroups.GreedyLeveeSlopes,斜坡防洪堤,-
ToolGroups.GreedyLevies1xN,防洪堤 1xN,-
ToolGroups.GreedyLevies2xN,防洪堤 2xN,-
ToolGroups.GreedyLevies3xN,防洪堤 3xN,-
ToolGroups.GreedyBombs,地表挖掘,-
ToolGroups.GreedyTunnels,地下挖掘,-
ToolGroups.GreedyLandFill,地形填充,-
ToolGroups.GreedyPipes,水管,-
ToolGroups.GreedyHousing,住房,-
ToolGroups.GreedyFood,食物,-
ToolGroups.GreedyPumps,取水,-
ToolGroups.GreedyFluids,用水,-
ToolGroups.GreedyFluidSeals,控水,-
ToolGroups.GreedyWood,木材,-
ToolGroups.GreedyLand,土地,-
ToolGroups.GreedyMetal,金属,-
ToolGroups.GreedyMinerals,矿物,-
ToolGroups.GreedyProvisions,补给,-
ToolGroups.GreedyHealth,健康,-
ToolGroups.GreedySocial,社交,-
ToolGroups.GreedyDesires,享乐,-
ToolGroups.GreedyLeisure,休闲,-
ToolGroups.GreedyResearchers,研究,-
ToolGroups.GreedyBotAssembly,机关人组装,-
ToolGroups.GreedyBotSupport,机关人支持,-
ToolGroups.GreedyPiles,材料堆,-
ToolGroups.GreedyTanks,储水罐,-
ToolGroups.GreedyWarehouses,仓库,-
ToolGroups.GreedyShafts,传动轴,-
ToolGroups.GreedyPowerWheels,能量轮,-
ToolGroups.GreedyFluidWheels,水轮,-
ToolGroups.GreedyWindmills,风车,-
ToolGroups.GreedyEngines,引擎,-
ToolGroups.GreedyBatteries,电池,-
ToolGroups.GreedyLights,照明灯光,-
ToolGroups.GreedyCovers,顶部美化,-
ToolGroups.GreedyFigures,雕像,-
ToolGroups.GreedyHurdles,围栏,-
ToolGroups.GreedyBanners,旗帜,-
ToolGroups.GreedyAwe,奇观,-
ToolGroups.GreedyBlockDecor,装饰块,-
ToolGroups.GreedyDecorBlocks,方形装饰块,-
ToolGroups.GreedyDecorCorners,转角装饰块,-
ToolGroups.GreedyDecorLedges,悬挑装饰块,-
ToolGroups.GreedyDecorSlopes,斜坡装饰块,-
ToolGroups.GreedyDecorOther,其他装饰,-
