ID,Text,Comment
kulesz.Building.FireworkLauncher.DisplayName,烟花发射器,-
kulesz.Building.FireworkLauncher.Description,发射烟花。,-
kulesz.Building.FireworkLauncher.FlavorDescription,看天空！,-
kulesz.Fireworks.AdvancedSettings,连续发射设置,-
kulesz.Fireworks.Button.Launch,发射烟花,-
kulesz.Fireworks.Button.LaunchAll,发射全部就绪烟花,-
kulesz.Fireworks.Button.LaunchInProgress,剩余次数：{0}（倒计时：{1}秒）,-
kulesz.Fireworks.ExtraTime,额外飞行时间（秒）,-
kulesz.Fireworks.Heading.Header,水平朝向（°）,-
kulesz.Fireworks.HeadingChange,每次发射后水平朝向变化（°）,-
kulesz.Fireworks.LaunchDelay,发射延迟（秒）,-
kulesz.Fireworks.Pitch.Header,俯仰角度（°）,-
kulesz.Fireworks.PitchChange,每次发射后俯仰角度变化（°）,-
kulesz.Fireworks.ShotCount,发射次数,-
kulesz.Fireworks.ShotInterval,发射间隔（秒）,-
kulesz.Fireworks.Type,烟花类型,-
kulesz.Fireworks.Type.CometBlue,彗星型（蓝）,-
kulesz.Fireworks.Type.CometRed,彗星型（红）,-
kulesz.Fireworks.Type.CometWhite,彗星型（白）,-
kulesz.Fireworks.Type.Fish,游鱼型,-
kulesz.Fireworks.Type.Sparks,火花型,-
kulesz.Fireworks.Type.KamuroBlue,冠菊型（蓝）,-
kulesz.Fireworks.Type.KamuroOrange,冠菊型（橙）,-
kulesz.Fireworks.Type.KamuroPink,冠菊型（粉）,-
kulesz.Fireworks.Type.KamuroRed,冠菊型（红）,-
kulesz.Fireworks.Type.KamuroWhite,冠菊型（白）,-
kulesz.Fireworks.Type.PalmBlue,棕榈型（蓝）,-
kulesz.Fireworks.Type.PalmGold,棕榈型（金）,-
kulesz.Fireworks.Type.PalmGreen,棕榈型（绿）,-
kulesz.Fireworks.Type.PeonyRedBlue,牡丹型（红蓝）,-
kulesz.Fireworks.Type.PeonyViolet,牡丹型（紫）,-
kulesz.Fireworks.Type.PeonyYellowGreen,牡丹型（黄绿）,-
kulesz.Fireworks.Type.Willow,柳树型,-
kulesz.KeyBinding.LaunchAll,全部发射,-
kulesz.KeyBindingGroup.Fireworks,烟花功能,-
kulesz.Status.Fireworks.NotFull,临时库存炸药不足，无法发射烟花。,-
