ID,Text,Comment
LV.LGP.ScienceOverdrive,<b>超载技术 - 能量倍增</b>,-
LV.LGP.CurrentMul,当前倍数：{0}倍（每小时消耗{1}科学点数）,-
LV.LGP.SetMul,目标倍数：{0}倍（每小时消耗{1}科学点数）,-
LV.LGP.PrevCost,上一级：{0}倍（每小时消耗{1}科学点数）,-
LV.LGP.NextCost,下一级：{0}倍（每小时消耗{1}科学点数）,-
LV.LGP.NoPrev,上一级：已达到最小倍数,-
LV.LGP.NoNext,下一级：已达到最大倍数,-
LV.LGP.NoScience,<color=#FFFF1A>科学点数不足！</color>,-
LV.LGP.BaseCost,科学点数基础消耗,-
LV.LGP.BaseCostDesc,科学点数的基础消耗值，每一级的消耗值为“对应的斐波那契数×基础消耗值”（模组默认：10）。,-
LV.LGP.MaxMul,最大倍数,-
LV.LGP.MaxMulDesc,可应用的最大能量倍数（模组默认：10）。,-
