ID,Text,Comment
LV.Pin.PinName,图钉标记,-
LV.Pin.PinDesc,使用可自定义的图钉在地图上标记位置。,-
LV.Pin.PinFlavor,“我不记得为什么在这里钉了个图钉，只知道它很重要。”——匿名狸士,-
LV.Pin.NewPinText,新图钉,-
LV.Pin.ChangeLabel,更改标签,-
LV.Pin.ChangeColor,更改颜色,-
LV.Pin.Height,图钉高度,-
LV.Pin.LabelPrompt,输入新的标签文本：,-
LV.Pin.Pins,图钉,-
LV.Pin.PinsTab,打开图钉选项卡,-
LV.Pin.TogglePins,切换图钉显示,-
Name_PinFragment,图钉,-
