ID,Text,Comment
Grauschweif.WaterSourceClean.DisplayName,清澈水源,-
Grauschweif.WaterSourceClean.FlavorDescription,“看来这个地方没有遭到人类的破坏。”——小松,-
Grauschweif.WaterSourceCleanStrong.DisplayName,强劲清澈水源,-
Grauschweif.WaterSourceCleanStrong.FlavorDescription,“愿川流不息，且恶水远离。”——新的海狸问候语。,-
Grauschweif.WaterSourceImmutable.DisplayName,永恒清澈水源,-
Grauschweif.WaterSourceImmutable.FlavorDescription,清澈泉流，永不枯竭。,-
Grauschweif.WaterSourceDirty.DisplayName,永恒污浊水源,-
Grauschweif.WaterSourceDirty.FlavorDescription,污秽根源，永无终绝。,-
Grauschweif.ImmutableDrain.DisplayName,吸水源,-
Grauschweif.ImmutableDrain.Description,确实是个无底深坑。,-
Grauschweif.MapEditor.Well.Description,井口下方有四通八达的通道网络。,-
Grauschweif.MapEditor.Well.DisplayName,魔法井,-
