ID,Text,Comment
LV.CFun.PointMul,效果倍数,-
LV.CFun.PointMulDesc,可以将建筑的影响效率更改为原本的N倍（游戏默认：1）。,-
LV.CFun.CapacityMul,游客倍数,-
LV.CFun.CapacityMulDesc,可以将建筑的游客数更改为原本的N倍（游戏默认：1），向下取整且最小为1。,-
LV.CFun.CapacityAdd,游客加数,-
LV.CFun.CapacityAddDesc,可以在应用“容量倍数”后额外增加或减少游客数。,-
LV.CFun.RangeMul,范围倍数,-
LV.CFun.RangeMulDesc,可以将建筑的影响范围更改为原本的N倍（游戏默认：1），向下取整且最小为1。,-
LV.CFun.RangeAdd,范围加数,-
LV.CFun.RangeAddDesc,可以在应用“范围倍数”后额外增加或减少影响范围。,-
