ID,Text,Comment
Ximsa.EmploymentAutomation.PowerToggle,工作条件： <color=#FFFF1A>⚡</color> 能量（储能百分比&供能百分比）,-
Ximsa.EmploymentAutomation.ProductToggle,工作条件： <color=#59FF61>◀</color> 产物（地区库存百分比）,-
Ximsa.EmploymentAutomation.IngredientToggle,工作条件： <color=#FF4C4C>▶</color> 原料（地区库存百分比）,-
Ximsa.EmploymentAutomation.None,-,-
Ximsa.EmploymentAutomation.BuildingPaused,工作条件不符，已暂停,-
