ID,Text,Comment
LV.EQ.Earthquake,地震,-
LV.EQ.EarthquakeDesc,危險天氣：隨機損壞建築並引發水災。,-
LV.EQ.MinStr,最小強度,-
LV.EQ.MinStrDesc,地震的最小強度。它對建築物造成的傷害點數。受到障礙的影響。,-
LV.EQ.MaxStr,最大力量,-
LV.EQ.MaxStrDesc,地震的最大強度。它對建築物造成的生命值傷害量。受 handicap 影響。,-
LV.EQ.SurgeStr,水流湧動強度,-
LV.EQ.SurgeStrDesc,所有水在地震浪潮發生時會「擴展」這個數量(%),-
LV.EQ.MinFreq,最小頻率（天數）,-
LV.EQ.MinFreqDesc,地震發生之間的最小時間，以天為單位,-
LV.EQ.MaxFreq,最大頻率（天）,-
LV.EQ.MaxFreqDesc,地震衝擊之間的最大時間，以天數計算,-
LV.EQ.DamageStatus,這座建築最近因地震而受損，並被阻擋。,-
LV.EQ.DamageStatusShort,受到地震損害,-
LV.EQ.ResultNotification,"地震剛剛襲擊了你的殖民地，位置大約在 ({0}, {1})：
{2}",-
LV.EQ.BuildingDamageNotf,• {0} 建築物受損。,-
LV.EQ.ConstructionDamageNotf,• {0} 建築物被延遲。,-
LV.EQ.ExplosivesNotf,• {0} 顆炸藥引爆。,-
LV.EQ.ExplosiveStorageNotf,• {0} 爆炸物存儲摧毀了。,-
LV.EQ.ItemsLostNotf,• 從儲存中溢出的物品：,-
LV.EQ.ItemLostNotf,• {0} {1} 從儲存中溢出。,-
LV.EQ.BeaversInjuredNotf,• {0} 只海狸受傷。,-
LV.EQ.BotsDamagedNotf,• {0} 機器人受損。,-
LV.EQ.RenoEqGroup,地震,-
LV.EQ.EqDamageReduction,加強基礎,-
LV.EQ.EqDamageReductionDesc,永久降低地震傷害 {0:0%}。,-
LV.EQ.EqDamageReductionFlavor,地板梁交錯並相互支撐，將地震壓力分散到整個結構中。,-
LV.EQ.EqImmunity,「防震結構」,-
LV.EQ.EqImmunityDesc,在接下來的 {0} 次攻擊中，免疫地震傷害。,-
LV.EQ.EqImmunityFlavor,被壓緊的木頭如彈簧般，當地面震動時整個地方都會彈起來。好玩，但安全！,-
LV.EQ.EqDurability,地震共生,-
LV.EQ.EqDurabilityDesc,當下一次地震發生時，將永久提升此建築的耐久度 {0:+0%}。此效果只能應用一次。並且提供對此次撞擊的免疫。,-
LV.EQ.EqDurabilityFlavor,「建築者們自豪地宣稱，當土地變得動盪時，他們的作品只會變得更堅固。」,-
LV.EQ.EqPileReinforced,強化儲存,-
LV.EQ.EqPileReinforcedDesc,防止儲存的物品在地震期間溢出。,-
LV.EQ.EqPileReinforcedFlavor,重型支撐和更緊的綁縛能在地面震動時防止物資鬆動。,-
LV.EQ.EqPileReinforcedErr,此改造只能應用於儲存建築。,-
LV.EQ.EqImmunityStatus,接下來的 {0} 次地震將不會影響這座建築。,-
LV.EQ.EqDurabilityDormant,{0} (靜止),-
LV.EQ.EqDurabilityActive,{0}（啟用中）,-
LV.EQ.EqDurabilityActiveDesc,耐久度增加 {0:+0%}。,-
LV.EQ.InjuryChance,受傷機率 (%),-
LV.EQ.InjuryChanceDesc,水獺受傷和機器人在地震影響區域內受損的機率,-
LV.EQ.BotDurabilityLoss,機器人耐久度損失 (%),-
LV.EQ.BotDurabilityLossDesc,機器人在地震中受損時損失的耐久度數量,-
LV.EQ.EqBlocked,被地震阻擋,-
LV.EQ.EqBlockedDesc,真是一團糟！這棟建築最近受到了地震的損壞，需要進行清理。在此之前，某些功能可能會被阻止使用。,-
