ID,Text,Comment
BotKits.Recipe.FolktailsBotKits,民俗故事機器人工具包,-
BotKits.Good.FolktailsBotKit.DisplayName,Folktails BotKit,-
BotKits.Good.FolktailsBotKit.PluralDisplayName,Folktails 機器人組件,-
BotKits.Recipe.IronTeethBotKits,鐵牙機器人套件,-
BotKits.Good.IronTeethBotKit.DisplayName,鐵牙機器人套件,-
BotKits.Good.IronTeethBotKit.PluralDisplayName,鐵牙機器人套件,-
BotKits.Recipe.EmberpeltsBotKits,火焰皮革機器人套件,-
BotKits.Good.EmberpeltsBotKit.DisplayName,炭毛皮機器人套件,-
BotKits.Good.EmberpeltsBotKit.PluralDisplayName,火焰皮毛機器人套件,-
