ID,Text,Comment
LV.SPE.AllFixedDepth,使用固定深度,-
LV.SPE.AllFixedDepthDesc,所有泵將有一個固定的最大深度。,-
LV.SPE.FixedDepth,固定深度,-
LV.SPE.FixedDepthDesc,所有泵的最大深度固定深度,-
LV.SPE.AllMultiplier,使用乘數,-
LV.SPE.AllMultiplierDesc,所有泵浦將使用乘數來計算最大深度。,-
LV.SPE.Multiplier,乘數,-
LV.SPE.MultiplierDesc,所有泵最大深度的乘數,-
LV.SPE.WaterConversation,水產品轉換率,-
LV.SPE.WaterConversationDesc,水產品與體積的轉換率（遊戲預設：0.2，意味著水泵需要 0.2m³ 來生產 1 個水產品，而水排放器每個水產品產生 0.2m³）,-
LV.SPE.MechPumpWater,機械泵數量 (⚡!),-
LV.SPE.MechPumpWaterDesc,"每秒機械泵抽水的量（遊戲預設：0.25m³/s）。  
⚡ 注意：更改此數值也會相應地增加或減少耗電量，詳情見下文。",-
LV.SPE.MechPumpWaterMul,機械泵水量倍增器 (⚡!),-
LV.SPE.MechPumpWaterMulDesc,"關鍵名稱：LV.SPE.MechPumpWaterMulDesc - 新文本翻譯：「機械泵每秒抽水量的倍數（遊戲默認值：1倍 = 0.25立方米/秒）。
⚡ 注意：更改此值會相應增加或減少電力消耗。
注意：不要將此值調得太高（> 2倍），因為泵每次只能從1個立方體抽水。」",-
LV.SPE.MechPumpPowerMultiplier,機械泵功率倍增器,-
LV.SPE.MechPumpPowerDesc,當您增加或減少機械泵的水量時，功率使用量也會相應調整。不過，您可以在這裡更改功率使用倍率，使其使用比默認計算更多或更少的（作弊 :P）電力。例如，將水量設置為x2，同時將此設置為x0.5，將使泵的功率使用與默認值相同，但能抽取雙倍的水量。,-
LV.SPE.WaterProdTimeMultiplier,水生產時間乘數,-
LV.SPE.WaterProdTimeMultiplierDesc,水產量生產時間的倍數（數值越高越困難）。遊戲默認為水泵生產1水需要1倍的0.33小時。將其設置為0.5將使其在0.165小時內生產1水，而設置為2則會使其在0.66小時內生產1水。,-
