ID,Text,Comment
LV.CWk.BuildingShift,工作場所特定班次,-
LV.CWk.BuildingShiftDesc,為這個工作場所啟用特定班次的設置。,-
LV.CWk.MaxWorkerMul,最大工作者倍增器,-
LV.CWk.MaxWorkerMulDesc,將最大工作人員數量乘以此值。向下取整，但最小為1。,-
LV.CWk.BotEverywhere,到處都是機器人,-
LV.CWk.BotEverywhereDesc,機器人將能夠在任何工作場所工作。,-
LV.CWk.EnableShift,建築特定的班次,-
LV.CWk.ShiftHours,班次時間：,-
LV.CWk.LunchBreakStart,午餐時間開始：,-
LV.CWk.LunchBreakEnd,午休結束：,-
