ID,Text,Comment
jeferson90.progressivedifficulty.settings.header.temperate,溫帶,-
jeferson90.progressivedifficulty.settings.header.hazardous,危險,-
jeferson90.progressivedifficulty.settings.header.brutal,殘酷,-
jeferson90.progressivedifficulty.settings.hazardous_minimal_coeficient,最小乘數器,-
jeferson90.progressivedifficulty.settings.hazardous_maximum_coeficient,最大乘數,-
jeferson90.progressivedifficulty.settings.brutal_cycle_enable,啟用殘酷循環,-
jeferson90.progressivedifficulty.settings.brutal_cycle_enable_tooltip,「殘酷循環在任何隨機的危險循環中發生一次，範圍內的設定會決定極限。」,-
jeferson90.progressivedifficulty.settings.brutal_cycle_range,範圍,-
jeferson90.progressivedifficulty.settings.brutal_cycle_range_tooltip,"在這個範圍內，保證會發生一次殘酷循環。  
例如：  
對於值為10，保證在第9個循環之後會發生一次殘酷循環。  
因此在第10至19個循環之間會發生一次，在第20至29個循環之間又會發生一次，以此類推。  
---  
對於值為13，保證在第12個循環之後會發生一次殘酷循環。  
因此在第13至25個循環之間會發生一次，在第26至39個循環之間又會發生一次，以此類推。",-
jeferson90.progressivedifficulty.settings.brutal_coeficient,殘酷循環倍增器,-
jeferson90.progressivedifficulty.settings.temperate_handicap,溫帶方程延遲（以週期計）,-
jeferson90.progressivedifficulty.settings.temperate_minimal_coeficient,最小乘數器,-
jeferson90.progressivedifficulty.settings.temperate_maximum_coeficient,最大乘數,-
jeferson90.progressivedifficulty.settings.temperate_min_max_coeficient_tooltip,溫帶循環的持續時間現在與下一個危險循環的持續時間成正比。,-
jeferson90.progressivedifficulty.settings.temperate_min_days,最少天數,-
jeferson90.progressivedifficulty.settings.temperate_min_days_tooltip,「溫帶天氣的最少天數」,-
jeferson90.progressivedifficulty.settings.badtidechance,“壞潮機率”,-
jeferson90.progressivedifficulty.settings.jfloodchance,洪水機率,-
jeferson90.progressivedifficulty.settings.badtidehandicap,壞潮障礙,-
jeferson90.progressivedifficulty.settings.jfloodhandicap,淹水障礙,-
jeferson90.progressivedifficulty.settings.header.main,設定,-
Weather.Flood,洪水,-
Weather.Notification.FloodApproaching,洪水逼近,-
Weather.Notification.FloodInProgress,洪水正在進行中,-
Weather.FloodStartedNotification,洪水已開始,-
Weather.FloodEndedNotification,洪水結束,-
jeferson90.progressivedifficulty.settings.other,其他,-
jeferson90.progressivedifficulty.settings.evaporation_framework_enable_setting,啟用自訂蒸發,-
jeferson90.progressivedifficulty.settings.badtidechance_tooltip,"危險循環發生的機率，0.1 = 10%，0.15 = 15%.. 0.5 = 50% 依此類推。
建議保持非常低的數值。

如果危險潮汐機率為0.5（50%）且洪水機率為0.5（50%），則將不會有乾旱天氣。
如果危險潮汐機率為0.1（10%）且洪水機率為0.2（20%），則將有70%的機率出現乾旱天氣。",-
jeferson90.progressivedifficulty.settings.header.jevaporation,蒸發 + 滲透,-
jeferson90.progressivedifficulty.settings.jevaporation.enable,啟用,-
jeferson90.progressivedifficulty.settings.jevaporation.enable_tooltip,啟用蒸發和滲透,-
jeferson90.progressivedifficulty.settings.jevaporation.airevaporation,空氣蒸發倍率,-
jeferson90.progressivedifficulty.settings.jevaporation.seepage,滲透倍增器,-
jeferson90.progressivedifficulty.settings.header.general,一般,-
jeferson90.progressivedifficulty.settings.header.randomizer,天氣隨機生成器,-
