ID,Text,Comment
LV.CFun.PointMul,效果乘數,-
LV.CFun.PointMulDesc,"關鍵名稱：LV.CFun.PointMulDesc - 新翻譯文本：“吸引建築物的需求點增加速度。  
1 是遊戲預設值，數值越高越快（更容易），數值越低越慢（更困難）。”",-
LV.CFun.CapacityMul,容量增益倍率,-
LV.CFun.CapacityMulDesc,"乘以吸引建築物的容量。向下取整，最低為 1。
1 是遊戲的預設值，更高則容量更大（更容易），更低則容量更小（更困難）。
例如，1.5 意味著篝火（預設 5 個位置）將擁有 7 個位置。",-
LV.CFun.CapacityAdd,容量增加,-
LV.CFun.CapacityAddDesc,增加吸引建築的容量。在乘法之後。,-
LV.CFun.RangeMul,範圍乘數,-
LV.CFun.RangeMulDesc,"關鍵名稱：LV.CFun.RangeMulDesc - 新文本翻譯：""增加吸引建築的範圍。向下取整，最小為1。 1是遊戲的默認值，更高代表範圍更大（更容易），更低則代表範圍更小（更困難）。例如，1.5意味著農民紀念碑（默認範圍為7個格子）將有10個格子的範圍。""",-
LV.CFun.RangeAdd,範圍相加,-
LV.CFun.RangeAddDesc,將吸引建築的範圍增加。在乘法之後。,-
