ID,Text,Comment
Knatte.PowerLevee.DisplayName,動力袖,-
Knatte.PowerLevee.Description,有軸心的堤壩以供給泵使用。包括水平和垂直兩種。,-
Knatte.UPowerLevee.DisplayName,通用電源袖子,-
Knatte.UPowerLevee.Description,有軸的堤防用來驅動泵浦。連接到所有側面,-
Knatte.LargeWaterWheelLevee.DisplayName,大型水車與堤防,-
Knatte.LargeWaterWheelLevee.Description,水車，還有一個傾斜的堤防，以幫助保持水流在渠道內，不至於溢出。,-
Knatte.TurbineSmall.DisplayName,小型渦輪機,-
Knatte.TurbineSmall.Description,一個小型渦輪發電機，按照軸的相同方向發電。,-
Knatte.TurbineSmall.FlavorDescription,感謝99Cent和Ymerzeru的啟發,-
Knatte.TurbineBig.DisplayName,大型渦輪機,-
Knatte.TurbineBig.Description,一種大型渦輪機，其發電方向與轉軸方向一致,-
Knatte.TurbineBig.FlavorDescription,要麼做大，要麼回家,-
