ID,Text,Comment
Menu.Mods,自訂地圖和模組,-
Mods.Download,下載,-
Mods.Info,資訊,-
Mods.Loading,載入中...,-
Mods.Tags,標籤：,-
Mods.Author,作者：,-
Mods.Downloads,下載：,-
Mods.ShowMore,顯示更多,-
Mods.Tags.All,全部,-
Mods.Votes,投票：,-
Mods.ModsChanged,對模組的更改將在重新啟動後生效,-
Mods.Quit,退出,-
Mods.Restart,重啟,-
Mods.Stay,留在,-
Mods.Enabled,啟用,-
Mods.Installed,已安裝,-
Mods.Uninstall,卸載,-
Mods.Options,選項：,-
Mods.Dependencies,依賴：,-
Mods.InstalledVersion,已安裝版本：,-
Mods.LiveVersion,即時版本：,-
Mods.Newest,最新,-
Mods.MostDownloaded,最多下載,-
Mods.TopRated,熱門評價,-
Mods.LastUpdated,最後更新,-
Mods.UpdateAllLabel,您有{0}個可用更新。,-
Mods.UpdateAll,更新所有,-
Mods.Update,更新,-
Mods.Versions,安裝版本,-
Mods.UpdateBehaviour,檢查最高版本而非最新版本,-
Mods.UpdateBehaviourTooltip,通常「現行」版本是指在穩定版上運作的版本。有些模組作者會推出更高版本，這些版本通常只在實驗分支上運作。,-
Mods.VersionUnknown,根據模組檔案，目前尚不清楚該模組是否能在目前的遊戲版本上運作。,-
Mods.VersionCompatible,根據模組檔案，找到一個與當前遊戲版本相容的版本。,-
Mods.VersionIncompatible,根據模組檔案，未找到與當前遊戲版本兼容的版本。建議不要安裝。,-
Mods.CrashInfo,似乎在嘗試進入遊戲時發生了崩潰。您可以在下面選擇要禁用的模組，以便下次嘗試防止崩潰。,-
Mods.EnableAll,啟用所有模組,-
Mods.DisableAll,停用所有模組,-
Mods.GoToCrashReport,前往崩潰報告,-
Mods.Browser,模組瀏覽器,-
