ID,Text,Comment
eMka.GoodStatistics.BatchControlKeyBinding,Otevřít záložku Statistiky zboží,-
eMka.GoodStatistics.BatchControlTabName,Statistiky zboží,-
eMka.GoodStatistics.DepletionDaysLeft,Odhadovaný čas do vyčerpání: {0},-
eMka.GoodStatistics.GoodSampleTime,Vzorováno před {0},-
eMka.GoodStatistics.GrowingDaysLeft,Odhadovaný čas k naplnění: {0},-
eMka.GoodStatistics.Settings.AnalyzeGoodsWithoutStockpiles,Analyzovat zboží bez skladů,-
eMka.GoodStatistics.Settings.ConsecutiveMicroChangesThreshold,Prahová hodnota po sobě jdoucích mikro změn,-
eMka.GoodStatistics.Settings.ConsecutiveMicroChangesThresholdTooltip,"Počet po sobě jdoucích mikro změn (pod prahem pomalé denní změny), které se považují za trend",-
eMka.GoodStatistics.Settings.EMAAnalyzerHeader,Analyzátor exponenciálního klouzavého průměru,-
eMka.GoodStatistics.Settings.FastChangeThreshold,Práh rychlé denní změny,-
eMka.GoodStatistics.Settings.IgnoreGoodsWithStorageLessThan,Ignorovat zboží s uložením méně než,-
eMka.GoodStatistics.Settings.ModerateChangeThreshold,Prahová hodnota pro mírnou denní změnu,-
eMka.GoodStatistics.Settings.SamplesPerDay,Vzorky za den,-
eMka.GoodStatistics.Settings.SamplesToAnalyze,Vzorky k analýze,-
eMka.GoodStatistics.Settings.BaseSettings,Základní nastavení,-
eMka.GoodStatistics.Settings.ShowTrendsOnTopBar,Zobrazit trendy na horním panelu,-
eMka.GoodStatistics.Settings.SlowChangeThreshold,Prahová hodnota pomalé denní změny,-
