ID,Text,Comment
LV.CBk.Save0,Uložit záložku 0,-
LV.CBk.Jump0,Skočit na záložku 0,-
LV.CBk.Save1,Uložit záložku 1,-
LV.CBk.Jump1,Skok na záložku 1,-
LV.CBk.Save2,Uložit záložku 2,-
LV.CBk.Jump2,Skočit na záložku 2,-
LV.CBk.Save3,Uložit záložku 3,-
LV.CBk.Jump3,Skok na záložku 3,-
LV.CBk.Save4,Uložit záložku 4,-
LV.CBk.Jump4,Skočit na záložku 4,-
LV.CBk.Save5,Uložit záložku 5,-
LV.CBk.Jump5,Skočit na záložku 5,-
LV.CBk.Save6,Uložit záložku 6,-
LV.CBk.Jump6,Skok na Záložku 6,-
LV.CBk.Save7,Uložit záložku 7,-
LV.CBk.Jump7,Skok na záložku 7,-
LV.CBk.Save8,Uložit záložku 8,-
LV.CBk.Jump8,Skok na záložku 8,-
LV.CBk.Save9,Uložit záložku 9,-
LV.CBk.Jump9,Skok na záložku 9,-
LV.CBk.CameraSaved,Pozice kamery uložena do slotu {0}.,-
LV.CBk.NoBookmark,"Žádná záložka nastavena pro slot {0}.  
Použijte klávesovou zkratku pro uložení, abyste nastavili záložku.",-
