ID,Text,Comment
LV.Pkg.BuildPackager,Mod balíčka stavitele,-
LV.Pkg.BuiltDone,"'Packager' mod byl postaven. Prosím, restartujte hru a povolte postavený mod.  
<RedHighlight>Nedisablesujte tento mod.</RedHighlight>  
Pokud chcete mod postavit znovu (například po změně modů, které dávají/odebírají předměty), jednoduše deaktivujte postavený mod a tlačítko se znovu objeví.",-
LV.Pkg.Restart,Restartovat,-
LV.Pkg.PackagedName,{0} ×10,-
LV.Pkg.PackagedNamePlural,{0} ×10,-
LV.Pkg.Packager,Balíčkovací stroj,-
LV.Pkg.PackagerDesc,Sloučí 10 × jakéhokoli podporovaného zboží do jednoho balíčku,-
LV.Pkg.PackagerFlavor,"Narozen z potřeby, zdokonalen čistotnými šílenci. Kde je nepořádek, tam je Balíčkář.",-
LV.Pkg.Unpacker,Vytahovač,-
LV.Pkg.UnpackerDesc,Znovu balí balíček na 10× jednotlivých zboží.,-
LV.Pkg.UnpackerFlavor,Nic nepotěší bobra více než rozbalování nečekaného.,-
LV.Pkg.RecipePack,Balíček {0},-
LV.Pkg.RecipeUnpack,Rozbalit {0},-
LV.Pkg.BulkCrate,Velká bedna,-
LV.Pkg.BulkCratePlural,Velké bedny,-
LV.Pkg.LiquidBarrel,Kapalinový sud,-
LV.Pkg.LiquidBarrelPlural,Kapalinové barely,-
LV.Pkg.Option10,Povolit 10× balení,-
LV.Pkg.Option10Desc,Umožňuje zabalit 10× zboží do jedné položky,-
LV.Pkg.OptionCrate,Povolit hromadné bedny (Hromada → Sklad),-
LV.Pkg.OptionCrateDesc,Umožňuje balení hromadného zboží do velkých beden pro skladování ve skladech,-
LV.Pkg.OptionBarrel,Povolit tekuté barely (Nádrž → Sklad),-
LV.Pkg.OptionBarrelDesc,Umožňuje balení tekutin z nádrží do tekutých sudů pro skladování ve skladech,-
LV.Pkg.PackagedCrateName,{0} ×10 Zabalené,-
LV.Pkg.PackagedCrateNamePlural,{0} ×10 Krabice,-
LV.Pkg.PackagedBarrelName,{0} ×10 Sudy,-
LV.Pkg.PackagedBarrelNamePlural,{0} ×10 Sudy,-
LV.Pkg.RecipePackCrate,Zabalit a krabice {0},-
LV.Pkg.RecipeUnpackCrate,Vyjmout {0},-
LV.Pkg.RecipePackBarrel,Balit & Sud {0},-
LV.Pkg.RecipeUnpackBarrel,Rozbalit {0},-
LV.Pkg.TransformedGoodGroup,Zboží v bednách a sudech,-
LV.Pkg.Update710,"Tato aktualizace vám přináší dvě nové dodatečné možnosti: Hromadné bedny a Kapalinové barely, abyste mohli uskladnit zboží z Hromady a Nádrže ve skladech. Podívejte se na popis modu na Steamu nebo Mod.io pro více podrobností.",-
