ID,Text,Comment
LV.StC.StableCoreName,Stabilní jádro,-
LV.StC.StableCoreDesc,"Stabilizované jádro, které může být kdykoli vyzbrojeno a po dlouhém zpoždění vybuchne.",-
LV.StC.StableCoreFlavor,"'Pořád mi to vyrazí dech, jak si lidé mysleli, že ‚nestabilní‘ je vlastnost.' —xa0Beaverton",-
LV.StC.Arm,Ruka,-
LV.StC.ArmDesc,"Po vyzbrojení se Stabilní jádro exploduje za {0:0.0} dní. Jakmile je vyzbrojeno, odpočet nelze zastavit.",-
LV.StC.NoDelete,Není možné zničit Stabilní Jádro,-
LV.StC.Armed,Jádro ozbrojeno,-
Name_StableCoreFragment,Stabilní jádro,-
