ID,Text,Comment
LV.MWSb.Skyblight,Skyblight,-
LV.MWSb.SkyblightStrength,Síla nákazy,-
LV.MWSb.SkyblightStrengthDesc,"Jak rychle se nákaza šíří do vody (%/tick).
Každý herní tick (0,6 s) se část vody stává znečištěnou vodou.
Například, při výchozí hodnotě 0,1 % se vaše nádrž bez nového čerstvého vody
stane 100 % kontaminovanou po 1000 tickách / 600 s (přibližně jeden a půl herního dne).",-
LV.MWSb.Badrain,Badrain,-
LV.MWSb.BadrainLimitMoisture,Limit rozsahu vlhkosti,-
LV.MWSb.BadrainLimitMoistureDesc,"Omezuje rozsah, ve kterém vaše půda získává vlhkost, když je aktivní špatný déšť.",-
LV.MWSb.BadrainMoistureRange,Omezený rozsah vlhkosti,-
LV.MWSb.BadrainMoistureRangeDesc,"Maximální rozsah vlhkosti, když je aktivní špatný déšť.",-
LV.MWSb.BadrainContamination,Častá kontaminace půdy,-
LV.MWSb.BadrainContaminationDesc,"Znečišťujte půdu čas od času, když je aktivní špatný déšť.",-
LV.MWSb.BadrainContaminationDuration,Doba kontaminace,-
LV.MWSb.BadrainContaminationDurationDesc,"Po jak dlouhou dobu je půda kontaminována (dny), když je aktivní špatný déšť.",-
LV.MWSb.BadrainClearDuration,Čas bez deště,-
LV.MWSb.BadrainClearDurationDesc,"Jak dlouho je půda bez kontaminace (dny), když je aktivní špatný déšť.",-
LV.MWSb.Update704,"Nastavení síly Skyblight je nyní % místo ‰. Můžete také nastavit menší číslo pomocí desetinných míst. Výchozí hodnota je nastavena na 0,1 % (5krát pomaleji než předchozí výchozí nastavení).",-
LV.MWSb.SkyblightDesc,Nebezpečné počasí: Všechny vody se časem kontaminují. Nepůsobí na vody ve skladu (nádrže).,-
LV.MWSb.BadrainDesc,"Nebezpečné počasí: stejný efekt jako Utrpení Nebes a volitelné dodatečné efekty:
- Omezit rozsah vlhkosti: vaše půda může nést vlhkost pouze v mnohem menším rozsahu.
- Znečištění půdy: půda bude občas znečištěna.",-
