ID,Text,Comment
LV.QkB.SetQuickbar,Nastavit rychlou lištu,-
LV.QkB.SetQuickbarHotkey,Shift + [Klávesa rychlého panelu],-
LV.QkB.QuickbarHotkeyGroup,Rychlá lišta,-
LV.QkB.QuickbarAction1,Rychlý panel akce 1,-
LV.QkB.QuickbarAction2,Akce rychlé lišty 2,-
LV.QkB.QuickbarAction3,Rychlý panel Akce 3,-
LV.QkB.QuickbarAction4,Akce rychlé lišty 4,-
LV.QkB.QuickbarAction5,Akce na rychlém panelu 5,-
LV.QkB.QuickbarAction6,Akce rychlé lišty 6,-
LV.QkB.QuickbarAction7,Rychlá akce 7,-
LV.QkB.QuickbarAction8,Rychlá akce 8,-
LV.QkB.QuickbarAction9,Akce rychlé lišty 9,-
LV.QkB.QuickbarAction10,Akce rychlého panelu 10,-
LV.QkB.QuickbarAction11,Rychlý panel akce 11,-
LV.QkB.QuickbarAction12,Rychlý panel Akce 12,-
LV.QkB.QuickbarAction13,Akce rychlého panelu 13,-
LV.QkB.QuickbarAction14,Akce rychlého panelu 14,-
LV.QkB.QuickbarAction15,Akce rychlé lišty 15,-
LV.QkB.QuickbarAction16,Akce rychlé lišty 16,-
LV.QkB.QuickbarAction17,Akce rychlého panelu 17,-
LV.QkB.QuickbarAction18,Rychlý panel akce 18,-
LV.QkB.QuickbarAction19,Rychlý panel akce 19,-
LV.QkB.QuickbarAction20,Akce rychlé lišty 20,-
