ID,Text,Comment
GreedyBuilders.biofuel,Biodpalivo,-
GreedyBuilders.displayname,Chamtiví stavitelé,-
GreedyBuilders.description,Chamtivost těchto bobrů zanechává jejich nástroje v chaosu...,-
GreedyBots,GreedyBot #{0},-
GreedyBuilders.WonderCompletion.Message,Výborně!,-
GreedyBuilders.WonderCompletion.Flavour,"To byla docela námaha, nemyslíš? :D",-
GreedyBuilders.GameOver.Message,...Jak jsi to udělal?,-
GreedyBuilders.GameOver.Flavour,"Pojď, můžeš být lepší než tohle!",-
