ID,Text,Comment
LV.T4Mods.EnableAll,Povolit vše,-
LV.T4Mods.DisableAll,Deaktivovat vše,-
LV.T4Mods.ConfirmEnableAll,Opravdu chcete povolit všechny mody?,-
LV.T4Mods.ConfirmDisableAll,Opravdu si přejete deaktivovat všechny modifikace?,-
LV.T4Mods.LoadProfile,Nahrát profil,-
LV.T4Mods.SaveProfile,Uložit profil,-
LV.T4Mods.RestartGame,OK a restartovat hru,-
LV.T4Mods.Enabled,Aktivováno,-
LV.T4Mods.Disabled,Vypnuto,-
LV.T4Mods.CheckForIssue,Zkontrolovat problémy,-
LV.T4Mods.NoIssue,Nenašli jsme žádné problémy s vaším seznamem povolených modů,-
LV.T4Mods.IssueObsolete,Mod {0} je zastaralý a mělo by být odstraněn.,-
LV.T4Mods.IssueObsoleteWRep,Mod {0} je zastaralý a měl by být odstraněn. Místo něj použijte {1}.,-
LV.T4Mods.IssueObsoleteWRepUrl,Mod {0} je zastaralý a měl by být odstraněn. Místo něj použijte {1}. Chcete otevřít stránku modu?,-
LV.T4Mods.IssueIncomp,Mod {0} je nekompatibilní s {1}. Důvod: {2}.,-
LV.T4Mods.IncompReasonUnknown,Neznámý,-
LV.T4Mods.IncompReasonReplace,Novější mod jej nahrazuje,-
LV.T4Mods.IncompReasonConflict,Navzájem si odporují,-
LV.T4Mods.AuthorNote,Poznámka autora módu: {0},-
