ID,Text,Comment
GreedyEmbers.biofuel,Biodpalivo,-
GreedyEmbers.displayname,Chamtivé uhlíky,-
GreedyEmbers.description,"Tito ohniví kožešináci byli tak dychtiví po zábavě, že se naučili milovat vodu a připojili se k rodu v GreedyBuilders... kteří ihned změnili své jméno na GreedyEmbers :D",-
GreedyBots,GreedyBot #,-
GreedyEmbers.WonderCompletion.Message,Výborně!,-
GreedyEmbers.WonderCompletion.Flavour,"To bylo docela úsilí, že? :D",-
GreedyEmbers.GameOver.Message,...Jak jsi to udělal?,-
GreedyEmbers.GameOver.Flavour,"Pojď, můžeš to udělat lépe!",-
GreedyEmberBots,Chamtivý EmberBot #,-
GreedyEmbers.SoggyFur,Mokrá srst,-
GreedyEmbers.SoakedFur,Promáčená srst,-
