ID,Text,Comment
argargablar.TimberLapse.ModName,TimberLapse,-
argargablar.TimberLapse.Settings.Menu,Nastavení TimberLapse,-
argargablar.TimberLapse.OutputDir,Výstupní adresář,-
argargablar.TimberLapse.OutputFormat,Formát výstupu,-
argargablar.TimberLapse.Resolution,Výstupní rozlišení,-
argargablar.TimberLapse.UseCustomResolution,Použít vlastní rozlišení,-
argargablar.TimberLapse.CustomResWidth,Vlastní šířka,-
argargablar.TimberLapse.CustomResHeight,Vlastní výška,-
argargablar.TimberLapse.Verbose,Podrobné protokolování,-
argargablar.TimberLapse.Frequency,Frekvence časosběru,-
argargablar.TimberLapse.Frequency.hd,12 hodin,-
argargablar.TimberLapse.Frequency.es,Každé roční období,-
argargablar.TimberLapse.Frequency.ec,Každý cyklus,-
argargablar.TimberLapse.DefaultCamera,Moje Kamera,-
argargablar.TimberLapse.Enable,Povolit TimberLapse,-
argargablar.TimberLapse.SetCameras,Nastavit kamery,-
argargablar.TimberLapse.ManualScreenshot,Screenshot,-
argargablar.TimberLapse.ManualScreenshotTip,Pořiďte ruční screenshot pomocí vybrané kamery,-
argargablar.TimberLapse.OpenSettings,Nastavení,-
argargablar.TimberLapse.QuickNotif.Success,Snímek obrazovky pořízen,-
argargablar.TimberLapse.QuickNotif.Failure,Snímek obrazovky se nezdařil,-
argargablar.TimberLapse.ModSettingBox,Více nastavení,-
argargablar.TimberLapse.CameraConfig.Header,Kamery TimberLapse,-
argargablar.TimberLapse.CameraConfig.Rename,Přejmenovat,-
argargablar.TimberLapse.CameraConfig.RenameTip,Přejmenujte vybranou kameru.,-
argargablar.TimberLapse.CameraConfig.SetView,Nastavit kameru,-
argargablar.TimberLapse.CameraConfig.SetViewTip,Nastavte vybranou kameru na pohled hráče.,-
argargablar.TimberLapse.CameraConfig.CheckView,Zobrazit kameru,-
argargablar.TimberLapse.CameraConfig.CheckViewTip,Pohybujte herní kamerou na uložený pohled vybrané kamery.,-
argargablar.TimberLapse.CameraConfig.AddCameraTip,Přidat novou kameru,-
argargablar.TimberLapse.CameraConfig.RemoveCameraTip,Odstranit vybranou kameru,-
argargablar.TimberLapse.CameraFoV,Zorné pole,-
argargablar.TimberLapse.CameraFreeMode,Režim volné kamery: ON || Haze: OFF,-
argargablar.TimberLapse.KeyBinding.AllManual,Snímek obrazovky (Všechny kamery),-
argargablar.TimberLapse.Frequency.1h,1 hodina,-
argargablar.TimberLapse.Frequency.2h,2 Hodiny,-
argargablar.TimberLapse.Frequency.4h,4 hodiny,-
argargablar.TimberLapse.Frequency.6h,6 hodin,-
argargablar.TimberLapse.Frequency.8h,8 hodin,-
argargablar.TimberLapse.Frequency.1d,1 Den,-
argargablar.TimberLapse.Frequency.2d,2 Dny,-
