ID,Text,Comment
LV.NBR.RemoveGroundOnly,Odstranit omezení pouze na zem,-
LV.NBR.RemoveGroundOnlyDesc,Odstranit omezení pro budovy pouze na zemi (jako je táborák),-
LV.NBR.RemoveRoofOnly,Odstranit omezení pouze na střechy,-
LV.NBR.RemoveRoofOnlyDesc,Odstranit omezení pro budovy pouze s střechou (např. Střešní terasa),-
LV.NBR.PlatformOver1x1,Platformy přes 1x1,-
LV.NBR.PlatformOver1x1Desc,Vždy můžete stavět platformy nad budovami 1x1 (například nyní můžete postavit dvojitou platformu nad vlajkou dřevorubce).,-
LV.NBR.AlwaysSolid,Vše pevné,-
LV.NBR.AlwaysSolidDesc,Všechny budovy jsou pevné a mohou být umístěny nahoře,-
LV.NBR.AllowFlooded,Žádné zaplavené budovy,-
LV.NBR.AllowFloodedDesc,Budovy již nejsou zaplaveny,-
LV.NBR.SuperStructure,Super základna,-
LV.NBR.SuperStructureDesc,„Jakákoliv budova s vchodem může být postavena pouze s vchodem na zemi.“,-
LV.NBR.MagicStructure,Magická základna,-
LV.NBR.MagicStructureDesc,"Vaše budova nepotřebuje žádnou podporu. Může prostě levitovat ve vzduchu. Možná budete muset postavit lešení, abyste mohli umístit budovy, a poté je odstranit.",-
LV.NBR.HangingStructure,Zavěšená struktura,-
LV.NBR.HangingStructureDesc,""" můžete stavět budovy visící vedle sebe podobně jako terén. Vyžaduje kouzelnou strukturu.""",-
LV.NBR.SuperHangingTerrain,Super visící terén,-
LV.NBR.SuperHangingTerrainDesc,Můžete překročit limit 3 visících terénů až na 50 (ne vyšší kvůli dopadu na výkon),-
LV.NBR.SuperHangingTerrainLimit,Super visící terénní limit,-
LV.NBR.SuperHangingTerrainLimitDesc,Kolik visících terénních kusů můžete mít (zvýšení může ovlivnit výkon),-
LV.NBR.NoBottomOfMap,Odstranit omezení terénu k dolní části mapy,-
LV.NBR.NoBottomOfMapDesc,Odstraňte omezení 'kontinuálního terénu až k dolní části mapy' (Podzemní ruiny a vodní zdroje),-
