ID,Text,Comment
Tobbert.HorizontalPlatformEnd1x1.DisplayName,Boční platforma 1x1,-
Tobbert.HorizontalPlatformEnd1x1.Description,"Platforma, která může být umístěna na straně útesů, hrází, zpevněných platforem nebo středových kusech platforem.",-
Tobbert.HorizontalPlatformEnd1x1.FlavorDescription,"Představte si, že byste je mohli skládat na sebe.",-
Tobbert.HorizontalPlatformEnd2x1.DisplayName,Boční platforma 2x1,-
Tobbert.HorizontalPlatformEnd2x1.Description,"Plošina, která může být umístěna na straně útesů, zpevněných plošin nebo středních částí plošiny.",-
Tobbert.HorizontalPlatformEnd2x1.FlavorDescription,"Dvojnásobek platforem, dvojnásobek zábavy!",-
Tobbert.HorizontalPlatformEnd3x1.DisplayName,Boční platforma 3x1,-
Tobbert.HorizontalPlatformEnd3x1.Description,"„Platforma, kterou lze umístit na stranu útesů, zesílené platformy nebo středové kusy platformy.“",-
Tobbert.HorizontalPlatformEnd3x1.FlavorDescription,To je pro ty dlouhánky.,-
Tobbert.HorizontalPlatformEnd4x1.DisplayName,Boční platforma 4x1,-
Tobbert.HorizontalPlatformEnd4x1.Description,"Platforma, kterou lze umístit na stranu útesů, zesílené platformy nebo středové kusy platformy.",-
Tobbert.HorizontalPlatformEnd4x1.FlavorDescription,"Tohle není, jak funguje fyzika.",-
Tobbert.HorizontalPlatformMiddle1x1.DisplayName,Střední část boční platformy 1 vysoká,-
Tobbert.HorizontalPlatformMiddle1x1.Description,"Platforma, kterou lze umístit kdekoli. Nechte volný průběh své kreativitě!",-
Tobbert.HorizontalPlatformMiddle1x1.FlavorDescription,Postavme si plovoucí město!,-
Tobbert.HorizontalPlatformMiddle1x2.DisplayName,Boční platforma střední díl 1.5 vysoký,-
Tobbert.HorizontalPlatformMiddle1x2.Description,"Platforma, kterou lze umístit kdekoli. Nechte volný průběh své kreativitě!",-
Tobbert.HorizontalPlatformMiddle1x2.FlavorDescription,"Pro chvíle, kdy jedna výška prostě nestačí.",-
Tobbert.ReinforcedLadder.DisplayName,Zpevněný žebřík,-
Tobbert.ReinforcedLadder.Description,"Jedná se o žebřík, který lze rovněž použít v kombinaci se bočními platformami. Slouží jako esteticky lepší alternativa než hráze.",-
Tobbert.ReinforcedLadder.FlavorDescription,Když normální žebřík nestačí.,-
Tobbert.ReinforcedPlatform.DisplayName,Zpevněná platforma,-
Tobbert.ReinforcedPlatform.Description,"Platforma, která může být použita v kombinaci s bočními platformami. Slouží jako esteticky příjemnější varianta než hráze.",-
Tobbert.ReinforcedPlatform.FlavorDescription,Stackujte to až na vrchol!,-
Tobbert.DoubleReinforcedPlatform.DisplayName,Dvojnásobně zpevněná platforma,-
Tobbert.DoubleReinforcedPlatform.Description,"Platforma, kterou lze použít v kombinaci se Stranovými platformami. Slouží jako atraktivnější možnost než hráze.",-
Tobbert.DoubleReinforcedPlatform.FlavorDescription,"Nahazuj, nahazuj až na vrchol!",-
Tobbert.TripleReinforcedPlatform.DisplayName,Trojnásobně zesílená platforma,-
Tobbert.TripleReinforcedPlatform.Description,"Platforma, kterou lze použít v kombinaci se Sestupnými Platformami. Je lepší vzhledovou alternativou k přehradám.",-
Tobbert.TripleReinforcedPlatform.FlavorDescription,"Stohuj, stohuj, stohuj až na vrchol!",-
Tobbert.CategoryReinforcedPlatforms.DisplayName,„Zpevněné platformy“,-
Tobbert.CategorySidePlatforms.DisplayName,Boční platformy,-
