ID,Text,Comment
Good.Timbit.DisplayName,Timberbit,-
Good.Timbit.PluralDisplayName,Timberbits,-
Good.BeaverTail.DisplayName,Vydří ocas,-
Good.BeaverTail.PluralDisplayName,Bobří ocasy,-
Need.Timbit.DisplayName,Timberbit,-
Need.Timbit.PluralDisplayName,Timberbits,-
Need.BeaverTail.DisplayName,Vydří ocas,-
Need.BeaverTail.PluralDisplayName,Bobří ocasy,-
Building.TimHortons.DisplayName,Tim Hortons,-
Building.TimHortons.Description,"Kde se bobři scházejí, aby si vychutnali čerstvé Timberbits",-
Building.TimHortons.FlavorDescription,"""Pokud nežvýkáte Timberbits, jste vůbec bobr?"" —Ma' Ngonel",-
