ID,Text,Comment
Good.Honey.DisplayName,Med,-
Good.Honey.PluralDisplayName,Med,-
Good.HoneyCake.DisplayName,Medový dort,-
Good.HoneyCake.PluralDisplayName,Medové koláče,-
Good.Ointment.DisplayName,Mazání,-
Good.Ointment.PluralDisplayName,Masti,-
Good.Mead.DisplayName,Med,-
Good.Mead.PluralDisplayName,Med,-
Building.HoneyHive.DisplayName,Včelí úl,-
Building.HoneyHive.Description,Opylování je jedna věc. Ale med je med. Všichni do práce!,-
Building.HoneyHive.FlavorDescription,"""Je hezké chodit životem se lepkavými prsty!"" —Bobří mláďata",-
Building.HoneyHive.DisplaynameLocKey,Úl,-
Building.AdvancedMedicalBed.DisplayName,Pokročilá lékařská postel,-
Building.AdvancedMedicalBed.Description,Používá mast k urychlení procesu hojení,-
Building.AdvancedMedicalBed.FlavorDescription,"""Pokrokem v včelařství podporujeme své vlastní zdraví"" —Beavercrates",-
Building.AdvancedMedicalBed.DisplaynameLocKey,Pokročilá lékařská postel,-
Need.SweetTooth.PluralDisplayName,Sladké zuby,-
Need.HoneyCake.PluralDisplayName,Medové koláčky,-
Need.Mead.DisplayName,Med,-
Need.Inebriation.DisplayName,Opilost,-
Status.Need.Inebriation,Zábava má následky,-
Status.Need.Inebriation.Short,Bobr je opilý,-
