ID,Text,Comment
Cordial.ForestTool.DisplayName,ForestTool,-
Cordial.ForestTool.Description,Konfigurovatelný nástroj pro výsadbu smíšených lesů.,-
Coridal.ForestTool.Requirement,Požadovaná budova: {0},-
Cordial.ForestTool.ForestToolPanel.Title,Konfigurace nástroje pro lesy,-
Cordial.ForestTool.ForestToolPanel.Description,Konfigurujte druhy stromů a místa pro výsadbu,-
Cordial.ForestTool.ForestToolPanel.ToggleTreeAll,Všechny typy lesnických rostlin,-
Cordial.ForestTool.ForestToolPanel.ToggleEmpty,Povolit mýtiny,-
Cordial.ForestTool.ForestToolError.Description,"Musíte odemknout {0}, abyste mohli sázet stromy.",-
Cordial.ForestTool.BuildingLock,“Tato budova je uzamčena:”,-
Cordial.ForestTool.SpecLock,Tato specifikace chybí:,-
