ID,Text,Comment
LV.CFac.RemoveDup,Zkuste odstranit duplicity (vyžaduje se restart),-
LV.CFac.RemoveDupDesc,"Pokuste se odstranit budovy se podobnými názvy, když je mají všechny frakce (například Cesty nebo Plattformy)",-
LV.CFac.AddPlants,Přidat rostliny (Plodiny a Stromy),-
LV.CFac.AddPlantsDesc,"Můžete pěstovat plodiny a stromy z jiných frakcí. Musíte přidat Vodní farmu Folktails k ostatním frakcím, abyste zabránili pádu hry.",-
LV.CFac.AddPlantsNotif,"Musíte přidat Vodní farmu k Železným zubům, jinak dojde při načítání pro Železné zuby k pádu.",-
LV.CFac.NoBotNeeds,Nepřidávat potřeby robota,-
LV.CFac.NoBotNeedsDesc,"Nepřidávejte potřeby Botů k jiným frakcím (Biopalivo a Energie)  
Neměli byste přidávat budovu pro výrobu biopaliva (Rafinérie) k Železným zubům, jinak dojde k pádu hry při jejím stavbě.",-
LV.CFac.NoBotNeedsNotif,"Nesmíte přidávat budovu na výrobu biooleje (rafinérie) do Železných zubů, jinak by hra při jejím postavení spadla.",-
