ID,Text,Comment
Knatte.Subgroup_MGShafts.DisplayName,Hřídele,-
Knatte.Subgroup_MGPower.DisplayName,Generátory energie,-
Knatte.Subgroup_MGPiles.DisplayName,Hromady,-
Knatte.Subgroup_MGWarehouses.DisplayName,Sklady,-
Knatte.Subgroup_MGTanks.DisplayName,Tanky,-
Knatte.Subgroup_MGAqueduct.DisplayName,Akvadukty,-
Knatte.Subgroup_MGFloodgates.DisplayName,Záplavové brány,-
Knatte.Subgroup_MGAqueduct_Floors.DisplayName,Akvaduktové podlahy,-
Knatte.Subgroup_MGDynamite.DisplayName,Dynamity,-
Knatte.Subgroup_MGRoofs.DisplayName,Střechy,-
Knatte.Subgroup_MGLevees.DisplayName,Vodočipy,-
Knatte.Subgroup_MGPipe.DisplayName,Trubky,-
Knatte.Subgroup_MGMetalPlatform.DisplayName,Metalové platformy,-
Knatte.Subgroup_MGMetalOverhang.DisplayName,Metalové přesahy,-
Knatte.Subgroup_MGBigMetalPillar.DisplayName,Velké kovové sloupy,-
Knatte.Subgroup_MGOverhangs.DisplayName,Výšky,-
Knatte.Subgroup_MGZiplines.DisplayName,Lanovky,-
Knatte.Subgroup_MGArchs.DisplayName,Architekti,-
Knatte.Subgroup_MGTubeways.DisplayName,Tubeways,-
Knatte.Subgroup_MGBridges.DisplayName,Visuté mosty,-
Knatte.Subgroup_MGPillars.DisplayName,Sloupy,-
Knatte.Subgroup_MGPlatforms.DisplayName,Platformy,-
Knatte.Subgroup_MGStaircase.DisplayName,Schody,-
