ID,Text,Comment
LV.BAsc.ChangeHeight,Změnit výškový limit,-
LV.BAsc.ChangeHeightDesc,"Změňte limit výšky mapy. Toto nastavení a všechna ostatní je třeba restartovat, aby se projevila.",-
LV.BAsc.TerrainHeight,Limit výšky terénu,-
LV.BAsc.TerrainHeightDesc,Výškový limit terénu. Poznámka: počítejte od 0 (výchozí hra: 22),-
LV.BAsc.AboveTerrainHeight,Limit nad terénní výškou,-
LV.BAsc.AboveTerrainHeightDesc,"Výška nad terénem, tj. jak vysoko můžete stavět (Výchozí hodnota hry: 10)",-
LV.BAsc.AllowEditorUpToTerrainLimit,[Editor mapy]Umožnit editoru štětec až do limitu terénu,-
LV.BAsc.AllowEditorUpToTerrainLimitDesc,Povolit štětci editoru jít až k limitu terénu místo minus 6 (Výchozí hodnota hry: 22 - 6 = 16),-
LV.BAsc.FreeCamera,Volná kamera,-
LV.BAsc.FreeCameraDesc,"Zapněte režim volné kamery, užitečné, když jste postavili příliš vysokou stavbu.",-
