ID,Text,Comment
LV.DF.BirchDays,Birken Tage,-
LV.DF.BirchDaysDesc,Wie viele Tage nach dem Erreichen der Reife geben Birken Daisugi-Hölzer?,-
LV.DF.BirchLogs,Birkenstämme,-
LV.DF.BirchLogsDesc,Wie viele Stämme ein Birkenbaum beim Ernten für Daisugi-Stämme gibt.,-
LV.DF.BirchHarvest,Birke Erntezeit,-
LV.DF.BirchHarvestDesc,"Wieviel Zeit (Stunden) benötigt es, um einen Birkenbaum für Daisugi-Logs zu ernten?",-
LV.DF.BirchPlank,Birke produziert Planken,-
LV.DF.BirchPlankDesc,"Wenn aktiviert, produzieren Birkenbäume Bretter anstelle von Stämmen, wenn sie für Daisugi-Stämme geerntet werden.",-
LV.DF.OakDays,Eichen Tage,-
LV.DF.OakDaysDesc,Wie viele Tage nach der Reife geben Eichen Daisugi-Logs?,-
LV.DF.OakLogs,Eichenstämme,-
LV.DF.OakLogsDesc,"Wie viele Stämme ein Eichenbaum gibt, wenn er für Daisugi-Stämme geerntet wird.",-
LV.DF.OakHarvest,Eichenerntezeit,-
LV.DF.OakHarvestDesc,"Wie lange (Stunden) dauert es, eine Eiche für Daisugi-Logs zu ernten?",-
LV.DF.OakPlank,Eiche produziert Bretter,-
LV.DF.OakPlankDesc,"Wenn aktiviert, produzieren Eichenbäume Bretter anstelle von Stämmen, wenn sie für Daisugi-Stämme geerntet werden.",-
LV.DF.ChangeSettingsNote,"Sie können die Einstellungen manuell ändern oder diese Schwierigkeitsvorlagen jederzeit verwenden, müssen jedoch das Spiel neu laden, wenn Sie dies während des Spiels ändern.",-
