ID,Text,Comment
kulesz.Building.FireworkLauncher.DisplayName,Feuerwerkswerfer,-
kulesz.Building.FireworkLauncher.Description,Zündet Feuerwerke.,-
kulesz.Building.FireworkLauncher.FlavorDescription,Schau in den Himmel!,-
kulesz.Fireworks.AdvancedSettings,Erweiterte Einstellungen anzeigen,-
kulesz.Fireworks.Button.Launch,Starten,-
kulesz.Fireworks.Button.LaunchAll,Alle bereit starten,-
kulesz.Fireworks.Button.LaunchInProgress,Verbleibende Schüsse: {0} (nächster in {1}s),-
kulesz.Fireworks.ExtraTime,Zusätzliche Flugzeit [s],-
kulesz.Fireworks.Heading.Header,Überschrift [°],-
kulesz.Fireworks.HeadingChange,Richtungsänderung nach jedem Schuss [°],-
kulesz.Fireworks.LaunchDelay,Startverzögerung [s],-
kulesz.Fireworks.Pitch.Header,Tonhöhe [°],-
kulesz.Fireworks.PitchChange,Tonhöhenänderung nach jedem Schuss [°],-
kulesz.Fireworks.ShotCount,Feuerwerksanzahl,-
kulesz.Fireworks.ShotInterval,Schussintervall [s],-
kulesz.Fireworks.Type,Typ,-
kulesz.Fireworks.Type.CometBlue,Komet (blau),-
kulesz.Fireworks.Type.CometRed,Komet (rot),-
kulesz.Fireworks.Type.CometWhite,Komet (weiß),-
kulesz.Fireworks.Type.Fish,Fisch,-
kulesz.Fireworks.Type.Sparks,Funken,-
kulesz.Fireworks.Type.KamuroBlue,Kamuro (blau),-
kulesz.Fireworks.Type.KamuroOrange,Kamuro (orange),-
kulesz.Fireworks.Type.KamuroPink,Kamuro (rosa),-
kulesz.Fireworks.Type.KamuroRed,Kamuro (rot),-
kulesz.Fireworks.Type.KamuroWhite,Kamuro (weiß),-
kulesz.Fireworks.Type.PalmBlue,Palm (blau),-
kulesz.Fireworks.Type.PalmGold,Palme (gold),-
kulesz.Fireworks.Type.PalmGreen,Palme (grün),-
kulesz.Fireworks.Type.PeonyRedBlue,Pfingstrose (rot & blau),-
kulesz.Fireworks.Type.PeonyViolet,Pfingstrose (violett),-
kulesz.Fireworks.Type.PeonyYellowGreen,Pfingstrose (gelb & grün),-
kulesz.Fireworks.Type.Willow,Weide,-
kulesz.KeyBinding.LaunchAll,Alle starten,-
kulesz.KeyBindingGroup.Fireworks,Feuerwerkskörper,-
kulesz.Status.Fireworks.NotFull,"„Keine Sprengstoffe auf Lager, um Feuerwerke zu starten.“",-
