ID,Text,Comment
LV.SGT.SamplingFreq,Abtastfrequenz (Stunde),-
LV.SGT.SamplingFreqDesc,Wie oft die Wassertiefe des Messgeräts aufgezeichnet wird.,-
LV.SGT.SamplingCount,Anzahl der Proben,-
LV.SGT.SamplingCountDesc,Wie viele Proben aufbewahrt werden.,-
LV.SGT.SamplesPerBar,Stichproben pro Balken,-
LV.SGT.SamplesPerBarDesc,Wie viele Proben durch jede Leiste im Diagramm dargestellt werden.,-
LV.SGT.LowestDepth,Tiefste Tiefe: {0:0.00},-
LV.SGT.TooltipNoData,Keine Daten,-
LV.SGT.TooltipLine,• {1:0.00} ({0:0.00} Tage her),-
LV.SGT.TooltipAvg,Durchschnitt: {0:0.00},-
LV.SGT.DataHighest,Verfolgte Höchstwerte: {0:0.00},-
Name_StreamGaugeTrackerFragment,"""Stream Gauge Tracker"" auf Deutsch wäre ""Strommessgeber-Tracker"".",-
