ID,Text,Comment
Faction.LeafCoats.DisplayName,Blättermäntel,-
Faction.LeafCoats.Description,"Die Blattmäntel haben eine Affinität zu Bäumen und Pflanzenleben im Allgemeinen. Sie bauen gerne auf eine Weise, die die Natur nachahmt, einschließlich einer ausgedehnten Struktur, die einem riesigen Baum ähnelt. Ihr Motto: <i>Der Weg des Baumes.</i>",-
Bot.DisplayName.LeafCoats,Baumbot {0},-
Building.DistrictCenter.FlavorDescription.LeafCoats,„Der Weg des Baumes.“ —Motto der LeafCoats,-
Building.Levee.Curved.DisplayName,Gebogene Damm,-
Building.HousingUnit.Small.LeafCoats.DisplayName,Kleine Wohneinheit,-
Building.HousingUnit.Small.LeafCoats.FlavorDescription,"Es ist besser, als auf dem Boden zu schlafen.",-
Building.HousingUnit.Medium.LeafCoats.DisplayName,Mittlere Wohneinheit,-
Building.HousingUnit.Medium.LeafCoats.FlavorDescription,Ein Starterheim.,-
Building.HousingUnit.LeafCoats.DisplayName,Wohneinheit,-
Building.HousingUnit.LeafCoats.Description,Eine Wohneinheit in Form eines Baumstammstücks.,-
Building.HousingUnit.LeafCoats.FlavorDescription,Der Himmel ist das Limit!,-
Building.HousingUnit.Double.LeafCoats.DisplayName,Doppelte Wohneinheit,-
Building.HousingUnit.Double.LeafCoats.Description,"Es ist, als wären zwei von ihnen übereinander.",-
Building.HousingUnit.Double.LeafCoats.FlavorDescription,„Größer! Höher!“,-
Building.MediumPile.DisplayName,Mittlerer Stapel,-
Building.Floodgate.Flat.DisplayName,Flachoberes Überflutungstor,-
Building.DoubleFloodgate.Flat.DisplayName,Flache Doppelüberschwemmungsöffnung,-
Building.TripleFloodgate.Flat.DisplayName,Flacher Triple-Sperrbogen,-
Building.Floodgate.Flat.Description,"Blockiert Wasser bis zu einer einstellbaren Höhe. Ein neues, kompakteres Design, das es Ihnen ermöglicht, oben auf ihnen zu bauen.",-
Building.Branch.DisplayName,Zweig,-
Building.Branch.Description,Ein Ast. Er kann sich mit der Seite vieler Baumstil-Gebäude verbinden. Einige Gebäude möchten sich lieber mit Ästen als mit Wegen verbinden.,-
Building.Branch.Bridge.DisplayName,Zweigbrücke,-
Building.Branch.Entrance.DisplayName,Zweiganlage,-
Building.Branch.Entrance.Description,"Ein Aststück mit einem Pfadanschluss. Dies ermöglicht es Bibern, zwischen Pfaden und Ästen zu wechseln.",-
Building.TreeTrunk.Side.DisplayName,Baumstamm-Seitenblock,-
Building.TreeTrunk.Corner.DisplayName,"Bau.Block.Stamm.Ecke.AnzeigeName"" - ""Stamm-Eckblock",-
Building.TreeTrunk.Description,"Ein dekorativer Block, um Lücken in der Baumstruktur zu füllen.",-
Building.TreeTrunk.Branch.DisplayName,Treetrunk-Seitenblock mit Zugang zum Ast,-
Building.TreeTrunk.Branch.Description,"Ein Stammseitenblock mit einer Tür auf einer Seite und einer Astverbindung auf der anderen. Dies ermöglicht den Bibern, zwischen Wegen (oder dem zentralen Zugangsschacht des Baumes) und einem Ast zu passieren.",-
Building.Grinder.DisplayName,Mühle,-
Building.Grinder.Description,Verarbeitet Schrottmetall zu Metallblöcken.,-
Building.DirtExcavator.FlavorDescription.LeafCoats,Die aggressivste Baumwurzel,-
Building.PowerDam.DisplayName,Staudamm,-
Building.PowerDam.Description,Ein Damm mit einem integrierten Wasserrad zur Stromerzeugung. Die Verbindungen zum Antriebswellen sind nur an den Seiten gegenüber der erwarteten Fließrichtung des Wassers.,-
Building.PowerLevee.DisplayName,Starkraftdeich,-
Building.PowerLevee.Description,Ein Deich mit einer internen Leistungswelle,-
Building.VerticalPowerShaftTunnel.DisplayName,Vertikaler Kraftwellentunnel,-
Building.LeveeTunnel.DisplayName,Deich Tunnel,-
Building.PowerLeveeTunnel.DisplayName,Kraftdamm-Tunnel,-
Building.TunnelOther.Description,"Tunnel durch das Terrain, wobei es durch ein anderes Gebäude ersetzt wird. Verwende das Schichtwerkzeug, um unter Terrain oder Strukturen zu sehen.",-
Building.PowerTreadmill.DisplayName,Power-Tretmühle,-
Building.Garden.DisplayName,Garten,-
Building.ObservationTerrace.DisplayName,Beobachtungsterrasse,-
Building.Plaza.DisplayName,Platz,-
Building.PruningFlag.DisplayName,Beschneidungsflagge,-
Building.DiggerFlag.DisplayName,Diggerflagge,-
Building.DiggerFlag.Description,Sammelt Erde von lockerer Erde.,-
Building.DiggerFlag.FlavorDescription,Packt den Dreck nicht in Gläser,-
Building.LooseDirt.DisplayName,Loser Boden,-
Building.LooseDirt.Description,"Boden bereit für weitere Abbrüche. Gibt Erde ab, wenn entfernt.",-
Building.LooseDirt.FlavorDescription,Den ganzen Tag graben!,-
Building.LoosenDirt.DisplayName,Terrain lockern,-
Building.LoosenDirt.Description,"Verwandle dieses Geländefeld in lockeren Boden, der dann entfernt werden kann. Kann nur an der Oberfläche verwendet werden.",-
Building.RemoveDirt.DisplayName,Gelände entfernen,-
Building.RemoveDirt.Description,"Biber werden diesen Terrainblock entfernen.  
• <RedHighlight>Warnung:</RedHighlight> Objekte, die von diesem Terrainblock unterstützt werden, werden einstürzen!",-
Building.LumberPress.DisplayName,"Lumber Press"" - ""Holzpresser",-
Building.LumberPress.Description,Klebt Äste zu künstlichen Stämmen oder Planken zusammen.,-
Building.LumberPress.FlavorDescription,Eine gesunde Alternative zum Baum-Mord,-
Building.ToolFactory.DisplayName,Werkzeugfabrik,-
Building.ToolFactory.Description,Zur Herstellung von Terraforming-Werkzeugen.,-
Building.FoodProcessor.DisplayName,Lebensmittelverarbeiter,-
Building.FoodProcessor.Description,Verarbeitet Zutaten zu Nahrung.,-
Building.Pile.DisplayName,Stapel,-
Building.Warehouse.DisplayName,Lager,-
Building.DecorativeFloor.DisplayName,Dekorativer Boden,-
Building.DecorativeFloor.Description,Reine dekorative Bodenverkleidung.,-
Building.LeveeZiplineBeam.DisplayName,Damm mit Zipline-Träger,-
Building.BotAssembler.Description.LeafCoats,"Stellt autonome Bots zusammen, die den Bibern bei ihren täglichen Aufgaben helfen können. Entwickelt, um auf der Bot-Teile-Fabrik platziert zu werden, wenn sie im Baum gebaut wird.",-
Tobbert.Ladder.DisplayName,Leiter,-
Tobbert.Ladder.Description,Eine Plattform mit einer Leiter im Inneren.,-
Tobbert.Ladder.FlavorDiscription,'Aber wie sollen sie ihre Gegenstände halten?' -Pmduda,-
Good.Leaf.DisplayName,Blatt,-
Good.Leaf.PluralDisplayName,Blätter,-
Good.Bark.DisplayName,Borke,-
Good.Bark.PluralDisplayName,Rinde,-
Good.Branch.DisplayName,Zweig,-
Good.Branch.PluralDisplayName,Äste,-
Good.Shovel.DisplayName,Schaufel,-
Good.Shovel.PluralDisplayName,Schaufeln,-
Good.Apple.DisplayName,Apfel,-
Good.Apple.PluralDisplayName,Äpfel,-
Good.Lubricant.DisplayName,Schmiermittel,-
Good.Lubricant.PluralDisplayName,Schmiermittel,-
Good.ChestnutFlour.DisplayName,Esskastanienmehl,-
Good.ChestnutFlour.PluralDisplayName,„Kastanienmehle“,-
Good.FermentedChestnut.DisplayName,Fermentierte Kastanie,-
Good.FermentedChestnut.PluralDisplayName,Fermentierte Kastanien,-
Good.FermentedDandelion.DisplayName,Fermentierte Löwenzahn,-
Good.FermentedDandelion.PluralDisplayName,Fermentierte Löwenzahn,-
Good.FermentedFruit.DisplayName,Fermentierte Frucht,-
Good.FermentedFruit.PluralDisplayName,Fermentierte Früchte,-
Good.Grapes.DisplayName,Trauben,-
Good.Grapes.PluralDisplayName,Trauben,-
Good.FancyApples.DisplayName,Schicker Apfel,-
Good.FancyApples.PluralDisplayName,Schicke Äpfel,-
Good.FruitSalad.DisplayName,Fruchtsalat,-
Good.FruitSalad.PluralDisplayName,Fruchtsalate,-
NaturalResource.AppleTree.DisplayName,Apfelbaum,-
NaturalResource.AppleTree.FlavorDescription,Die Samen wurden von Reisenden aus fernen Ländern gebracht.,-
NaturalResource.GrapeVine.DisplayName,Traubenreben,-
NaturalResource.GrapeVine.FlavorDescription,Weintrauben sind ein großartiges Upgrade von Beeren.,-
ToolGroups.Platforms,Plattformen und Überstände,-
ToolGroups.TreeBuildings,Baumstruktur,-
ToolGroups.Industry,Industrie,-
ToolGroups.Bridges,Brücken,-
Zipline.DisplayName,Seilrutschen,-
NaturalResource.Eucalyptus.DisplayName,Eukalyptus,-
NaturalResource.Eucalyptus.FlavorDescription,"Eukalyptusbäume verlieren Rinde, lasst uns das sinnvoll nutzen!",-
NaturalResource.Willow.DisplayName,Weide,-
NaturalResource.Willow.FlavorDescription,Willow-Bäume produzieren viele Äste und sollten regelmäßig beschnitten werden.,-
Need.PlantMurderer.DisplayName,Pflanzenmörder,-
Building.DistrictGate.Description,Trennt Bezirke.,-
Building.DistrictGate.DisplayName,Bezirkstor,-
Building.DistrictGate.FlavorDescription,"Du musst deine Vorräte sammeln, bevor du dich auf den Weg machst.",-
Building.Dam.Top.DisplayName,Dekorativer Dammoberteil,-
Building.Dam.Top.Description,"Ein dekoratives Element, ähnlich dem oberen Teil eines Überlaufs.",-
Building.MetalLantern.DisplayName,Metalllaterne,-
Building.MetalGate.DisplayName,Metalltor,-
Building.MetalGate.Description,Ein Tor für den Metallzaun.,-
Need.Greenery.DisplayName,Grünanlagen,-
Building.HedgeGate.DisplayName,Hedgeschleuse,-
Building.HedgeGate.Description,Ein Tor für die Hecke.,-
Building.ArchBanner.DisplayName,Bogenbanner,-
Building.LadderTunnel.DisplayName,Leiter-Tunnel,-
Building.GathererHut.DisplayName,Sammlerhütte,-
Building.Path2.LeafCoats.DisplayName,Weg mit Geländern,-
Building.Path2.LeafCoats.Description,Diese Version des Weges hat immer Geländer.,-
Building.Path3.LeafCoats.DisplayName,Pfadgeländer,-
Building.Path3.LeafCoats.Description,Diese Version des Pfades hat nur Geländer.,-
Building.Path4.LeafCoats.DisplayName,Weg mit Hecke,-
Building.Path4.LeafCoats.Description,Diese Version des Pfades hatte einen Heckenrand.,-
Building.Path5.LeafCoats.DisplayName,"""Hedge Path"" träufer Pfad",-
Building.Path5.LeafCoats.Description,Diese Version des Pfades ist nur ein Heckenrand.,-
Building.MetalPlatform3x3.Ladder.DisplayName,Metallplattform 3x3 mit Leiter,-
Building.MetalPlatform5x5.Ladder.DisplayName,Metallplattform 5x5 mit Leiter,-
