ID,Text,Comment
Knatte.Corner.DisplayName,Dekorations Ecke,-
Knatte.Corner.Description,Lass den Damm eingeengt sein.,-
Knatte.Corner.FlavorDescription,Blockiert kein Wasser,-
Knatte.SQCorner.DisplayName,Dekoration Quadrat Ecke,-
Knatte.SQCorner.Description,Lass den Damm in die Enge gedrängt werden.,-
Knatte.SQCorner.FlavorDescription,Blockiert kein Wasser,-
Knatte.Diagonal.DisplayName,Dekoration Diagonal,-
Knatte.Diagonal.Description,Lass den Damm zur Seite gehen.,-
Knatte.Diagonal.FlavorDescription,Blockiert kein Wasser,-
Knatte.DiagonalS.DisplayName,Dekoration Diagonale Seitenplattform,-
Knatte.DiagonalS.Description,Lass den Damm zur Seite gehen und habe eine Plattform.,-
Knatte.DiagonalS.FlavorDescription,Blockiert kein Wasser,-
Knatte.DiagonalW.DisplayName,Leeve Diagonal,-
Knatte.DiagonalW.Description,Lass den Damm zur Seite gehen.,-
Knatte.DiagonalW.FlavorDescription,Wasser wird nicht durchlassen,-
Knatte.InvCorner.DisplayName,Dekoration Innen Ecke,-
Knatte.InvCorner.Description,Lass den Damm eingekreist werden.,-
Knatte.InvCorner.FlavorDescription,Blockiert kein Wasser,-
Knatte.InvCornerW.DisplayName,Innere Ecke verlassen,-
Knatte.InvCornerW.Description,Lass den Damm eingekreist werden.,-
Knatte.InvCornerW.FlavorDescription,Wasser wird nicht passieren.,-
Knatte.Slope.DisplayName,Dekorationsneigung,-
Knatte.Slope.Description,Lass den Damm geneigt sein.,-
Knatte.Slope.FlavorDescription,Blockiert kein Wasser,-
Knatte.CornerSlope.DisplayName,Dekorationsneigungsecke,-
Knatte.CornerSlope.Description,Lass den Damm eingekesselt sein.,-
Knatte.CornerSlope.FlavorDescription,Blockiert kein Wasser,-
Knatte.Square.DisplayName,Dekorationswürfel,-
Knatte.Square.Description,Verdammte die Fläche,-
Knatte.Square.FlavorDescription,Blockiert kein Wasser,-
Knatte.SquareW.Description,Lass es groß sein.,-
Knatte.SquareW.FlavorDescription,Wasser wird nicht passieren,-
Knatte.HighDam.DisplayName,Hocher Damm,-
Knatte.HighDam.Description,"Blockiert Wasser, lässt aber weniger (85%) über einen Überlauf am oberen Ende hindurch. Höhere Überschwemmungsgefahr!",-
Knatte.HighDam.FlavorDescription,Wasser wird nicht passieren.,-
Knatte.SlopeW.Description,"Neigung, die Wasser in einem vollen Block staut.",-
Knatte.SlopeW.FlavorDescription,Wasser wird nicht hindurchgehen.,-
Knatte.SlopeS.DisplayName,Dekoration Treppe,-
Knatte.SlopeS.Description,Lass den Damm betreten werden.,-
Knatte.SlopeS.FlavorDescription,Blockiert kein Wasser,-
Knatte.DiagPath.DisplayName,Diagonaler Weg,-
Knatte.DiagPath.Description,"Weg, um diagonal auf Dekorationen und Deichen zu gehen. Nimmt nicht weniger Weglänge als eine normale Straße, sieht aber besser aus.",-
Knatte.DiagPath.FlavorDescription,"""Biberschlamm"" — Ein glücklicher Biber",-
Knatte.ToolGroup.DecorationBlocks,Dekorationsblöcke,-
Knatte.CategoryDamSQ.DisplayName,Holz-Dekoration SQ,-
Knatte.CategoryDam.DisplayName,Holzdekoration,-
Knatte.CategoryDam.Des,Blockiert kein Wasser,-
Knatte.CategoryLevees.DisplayName,Formgefertigte Deiche,-
Knatte.CategoryLeveesSQ.DisplayName,Quadratische Deiche,-
Knatte.DoubleInvSlope.DisplayName,Doppelt umgekehrte Neigung,-
Knatte.DoubleInvSlope.Description,Damm- und umgekehrte Hang-Kombination,-
Knatte.DoubleInvSlope.FlavorDescription,Lass uns eine Brücke bauen.,-
Knatte.InvSlope.Description,"Quadrat, das herausragen kann, aber kein Wasser blockiert.",-
Knatte.InvSlope.FlavorDescription,Wir gehen hinaus.,-
Knatte.BlockDecoration.DisplaynameLocKey,Schöner Damm,-
Knatte.InvSlopeW.Description,"Quadrat, das herausragen kann. 
Platzierung des hexagonalen Blocks, alle Wasser, andere Blöcke nur von oben/unten, wie ein eingebauter wasserdichter Boden.",-
Knatte.InvSlopeW.FlavorDescription,Wir gehen raus.,-
Knatte.DoubleInvSlopeW.Description,"Quadrat, das auf beiden Seiten herausragt. 
Platzierung des Hex-Blocks: Wasser kann nur von oben/unten eindringen, wie ein integrieter impermeabler Fußboden.",-
Knatte.DoubleInvSlopeW.FlavorDescription,Lass uns eine Brücke bauen.,-
Knatte.Square2W.DisplayName,Damm 2x2,-
Knatte.Square3W.DisplayName,Levee 3x3,-
Knatte.SquareW1x1.DisplayName,Deich 1x1,-
Knatte.SquareW1x2.DisplayName,Levee 1x2,-
Knatte.SquareW1x3.DisplayName,Levee 1x3,-
Knatte.SquareW2x1.DisplayName,Levee 2x1,-
Knatte.SquareW2x3.DisplayName,Levee 2x3,-
Knatte.SquareW3x1.DisplayName,Levee 3x1,-
Knatte.SquareW3x2.DisplayName,Damm 3x2,-
Knatte.Corner2X.DisplayName,"Dekorationsecke  
Doppelte Höhe",-
Knatte.Corner2X.Description,Lass den Damm eingeklemmt werden.,-
Knatte.Corner2X.FlavorDescription,Blockiert kein Wasser,-
Knatte.SQCorner2X.DisplayName,"Dekoration quadratische Ecke  
Doppelte Höhe",-
Knatte.SQCorner2X.Description,Lass den Damm in die Enge getrieben werden.,-
Knatte.SQCorner2X.FlavorDescription,Blockiert kein Wasser,-
Knatte.Diagonal2X.DisplayName,"Dekoration Diagonal  
Doppelte Höhe",-
Knatte.Diagonal2X.Description,Lass den Damm zur Seite gehen.,-
Knatte.Diagonal2X.FlavorDescription,Blockiert kein Wasser,-
Knatte.InvCornerS2X.DisplayName,Dekoration Innenecke Seitentafel doppelte Höhe,-
Knatte.InvCornerS2X.Description,Lass den Damm zur Seite gehen und eine Plattform haben.,-
Knatte.InvCornerS2X.FlavorDescription,Blockiert kein Wasser,-
Knatte.InvCorner2X.DisplayName,"Dekoration Innenecke  
Doppelte Höhe",-
Knatte.InvCorner2X.Description,Lasst den Damm eingekesselt werden.,-
Knatte.InvCorner2X.FlavorDescription,Blockiert kein Wasser,-
Knatte.InvCornerW2X.DisplayName,"Innere Ecke
Doppelte Höhe",-
Knatte.InvCornerW2X.Description,Lass den Damm eingekesselt werden.,-
Knatte.InvCornerW2X.FlavorDescription,Wasser wird nicht fließen.,-
Knatte.Slope2X.DisplayName,"Dekoration Neigung  
Doppelte Höhe",-
Knatte.Slope2X.Description,Lassen Sie den Damm geneigt sein.,-
Knatte.Slope2X.FlavorDescription,Blockiert kein Wasser,-
Knatte.CornerSlope2X.DisplayName,"Dekorationsneigung Ecke  
Doppelhöhe",-
Knatte.CornerSlope2X.Description,Lass den Damm eingekesselt sein.,-
Knatte.CornerSlope2X.FlavorDescription,Blockiert kein Wasser,-
Knatte.Corner3X.DisplayName,"Dekorations-Ecke  
Dreifache Höhe",-
Knatte.Corner3X.Description,Lass den Damm in die Enge getrieben werden.,-
Knatte.Corner3X.FlavorDescription,Blockiert kein Wasser,-
Knatte.InvCorner3X.DisplayName,"Dekoration Innenecke  
Dreifache Höhe",-
Knatte.InvCorner3X.Description,Lass den Damm eingekesselt sein.,-
Knatte.InvCorner3X.FlavorDescription,Blockiert kein Wasser,-
Knatte.Slope3X.DisplayName,Dekorationsneigung Dreifache Höhe,-
Knatte.Slope3X.Description,Lass den Damm geneigt sein.,-
Knatte.Slope3X.FlavorDescription,Blockiert kein Wasser,-
Knatte.InvCornerW3X.DisplayName,Leeve Innen-Eck Dreifachhöhe,-
Knatte.InvCornerW3X.Description,Lass den Damm eingekreist werden.,-
Knatte.InvCornerW3X.FlavorDescription,Wasser wird nicht passieren,-
Knatte.SlopeW_1.DisplayName,Dammneigung,-
Knatte.SlopeW_2.DisplayName,"Deichneigung 
Doppelte Höhe",-
Knatte.SlopeW_3.DisplayName,"Dammneigung 
Dreifache Höhe",-
Knatte.CategoryDam2.DisplayName,Holzdekoration,-
Knatte.CategoryDam2.Des,Blockiert kein Wasser,-
Knatte.Square1x2.DisplayName,Dekorationswürfel 1x2,-
Knatte.Square1x3.DisplayName,Dekorationswürfel 1x3,-
Knatte.Square_B.Description,"Quadrat, das herausragen kann, aber das Wasser nicht blockiert.",-
Knatte.Square_B.FlavorDescription,"Schau, es schwimmt.",-
Knatte.InvSlope1x1.DisplayName,Invertierte Steigung 1x1,-
Knatte.InvSlope1x2.DisplayName,Umgekehrte Neigung 1x2,-
Knatte.InvSlope1x3.DisplayName,Umgekehrte Steigung 1x3,-
Knatte.InvSlope2x1.DisplayName,Umgekehrte Steigung 2x1,-
Knatte.InvTrapezium1x1.DisplayName,Umgekehrtes Trapez 1x1,-
Knatte.InvSlopeW1x1.DisplayName,Invertierte Dammneigung 1x1,-
Knatte.InvSlopeW1x2.DisplayName,Umgekehrter Deichhang 1x2,-
Knatte.InvSlopeW1x3.DisplayName,Invertierte Dammneigung 1x3,-
Knatte.InvSlopeW2x1.DisplayName,Umgekehrte Deichneigung 2x1,-
Knatte.InvTrapeziumW1x1.DisplayName,Umgekehrtes Trapez-Damm 1x1,-
