ID,Text,Comment
Seasons.Spring,Spring,-
Seasons.Summer,Summer,-
Seasons.Autumn,Autumn,-
Seasons.Winter,Winter,-
Grauschweif.Seasons.Effect.GrowthBoost,Growth boost: <GreenHighlight>🡅</GreenHighlight>{0:0.#}%,-
Grauschweif.Seasons.Effect.GrowthSlowdown,Growth slowdown: <RedHighlight>🡇</RedHighlight>{0:0.#}%,-
Grauschweif.Seasons.Effect.DryingSlowdown,Drying slowdown: <GreenHighlight>🡇</GreenHighlight>{0:0.#}%,-
Grauschweif.Seasons.Effect.DryingBoost,Drying boost: <RedHighlight>🡅</RedHighlight>{0:0.#}%,-
Grauschweif.Seasons.Effect.YieldBoost,Yield growth boost: <GreenHighlight>🡅</GreenHighlight>{0:0.#}%,-
Grauschweif.Seasons.Effect.YieldSlowdown,Yield growth slowdown: <RedHighlight>🡇</RedHighlight>{0:0.#}%,-
Grauschweif.Seasons.Effect.WaterSourceStrengthBoost,Strength boost: <GreenHighlight>🡅</GreenHighlight>{0:0.#}%,-
Grauschweif.Seasons.Effect.WaterSourceStrengthSlowdown,Strength slowdown: <RedHighlight>🡇</RedHighlight>{0:0.#}%,-
Grauschweif.Seasons.Effect.WaterSourceContaminationBoost,Contamination: <RedHighlight>🡅</RedHighlight>{0:0.#}%,-
Grauschweif.Seasons.Effect.WaterSourceContaminationSlowdown,Contamination: <GreenHighlight>🡇</GreenHighlight>{0:0.#}%,-
Grauschweif.Seasons.Effect.NeedChangeBoost,<GreenHighlight>+{0:0.#}</GreenHighlight> per day,-
Grauschweif.Seasons.Effect.NeedChangeSlowdown,<RedHighlight>{0:0.#}</RedHighlight> per day,-
Grauschweif.Season.Weather.Badtide.Autumn,Badtide,-
Grauschweif.Season.Weather.Badtide.Spring,Badtide,-
Grauschweif.Season.Weather.Badtide.Summer,Badtide,-
Grauschweif.Season.Weather.Badtide.Winter,Bad Tide,-
Grauschweif.Season.Weather.Drought.Autumn,Drought,-
Grauschweif.Season.Weather.Drought.Spring,Drought,-
Grauschweif.Season.Weather.Drought.Summer,Drought,-
Grauschweif.Season.Weather.Drought.Winter,Drought,-
Grauschweif.Season.Weather.Monsoon.Autumn,Monsoon,-
Grauschweif.Season.Weather.Monsoon.Summer,Monsoon,-
Grauschweif.Season.Weather.Monsoon.Winter,Monsoon,-
Grauschweif.Season.Weather.Rain.Autumn,Rain,-
Grauschweif.Season.Weather.Rain.Spring,Rain,-
Grauschweif.Season.Weather.ShortTemperate.Summer,Short Temperate,-
Grauschweif.Season.Weather.Snow.Winter,Snow,-
Grauschweif.Season.Weather.SurprisinglyRefreshing.Autumn,Surprisingly Refreshing,-
Grauschweif.Season.Weather.SurprisinglyRefreshing.Spring,Surprisingly Refreshing,-
Grauschweif.Season.Weather.Temperate.Autumn,Temperate,-
Grauschweif.Season.Weather.Temperate.Spring,Temperate,-
Grauschweif.Season.Weather.Temperate.Summer,Temperate,-
Grauschweif.Season.Weather.Temperate.Winter,Temperate,-
