ID,Text,Comment
LV.RL.Title,Real Lights,-
LV.RL.ForceOff,Turn off,-
LV.RL.ForceOffAll,Turn off for all {0},-
LV.RL.ForceNightLight,Force Night Light On,-
LV.RL.LightConfig,Light {0}:,-
LV.RL.Intensity,Intensity,-
LV.RL.Color,Color,-
LV.RL.Range,Range,-
LV.RL.Reset,Reset,-
LV.RL.Shadow,Shadow,-
LV.RL.KeybindingCopy,Copy Light settings,-
LV.RL.KeybindingPaste,Paste Light settings,-
LV.RL.ChangeColor,Change color,-
LV.RL.MoreOptions,More options,-
Name_RealLightsFragment,Real Lights,-
