ID,Text,Comment
LV.CPl.PlacementSect,Options de placement :,-
LV.CPl.RemoveCorner,Retirer l'occupation du coin,-
LV.CPl.RemoveCornerDesc,Permet de construire des structures telles que des plates-formes au-dessus des plantes.,-
LV.CPl.RemovePath,Retirer l'occupation du chemin,-
LV.CPl.RemovePathDesc,Permet de construire des chemins à travers les plantes.,-
LV.CPl.WithoutGround,Planter sans sol,-
LV.CPl.WithoutGroundDesc,Permet de planter directement sur des toits et des plateformes sans sol. Ces plantes reçoivent l'irrigation et la contamination du sol en dessous.,-
LV.CPl.NoConUp,> Pas de contamination augmentée (tricheur :P),-
LV.CPl.NoConUpDesc,Empêche la contamination des terres d'être soulevée. Permet de planter des arbres ou des cultures sur des plateformes même si le sol en dessous est inapproprié.,-
LV.CPl.GrowthSect,"<b>Options de croissance :</b> Régler en dessous de la valeur par défaut ×1 pour diminuer la difficulté, sauf pour le multiplicateur de rendement. Exemples :
- Multiplicateur de temps de plantation ×0.5 : Planter un chêne 1 heure → 0.5 heure.
- Taux de croissance ×0.5 : La pomme de terre pousse en 5 jours → 2.5 jours.
- Multiplicateur de rendement ×1.5 : La carotte produit 3 → 4.
- Multiplicateur de temps de récolte ×0.5 : Abattage d'un chêne 2 heures → 1 heure.
- Multiplicateur de temps de démolition ×0.5 : démolition d'un pin 1.2 heures → 0.6 heures.",-
LV.CPl.PlantingTime,Multiplicateur de temps de plantation,-
LV.CPl.PlantingTimeDesc,Multiplicateur pour le temps nécessaire à la plantation.,-
LV.CPl.GrowthRate,Multiplicateur de taux de croissance,-
LV.CPl.GrowthRateDesc,Multiplicateur pour le temps de croissance.,-
LV.CPl.OutputMul,Multiplicateur de sortie,-
LV.CPl.OutputMulDesc,Multiplicateur pour la sortie (arrondi vers le bas).,-
LV.CPl.HarvestTime,Multiplicateur de temps de récolte,-
LV.CPl.HarvestTimeDesc,Multiplicateur pour le temps nécessaire à la récolte/abattage.,-
LV.CPl.DemolishTime,Multiplicateur de temps de démolition,-
LV.CPl.DemolishTimeDesc,Multiplicateur pour le temps nécessaire à la démolition.,-
LV.CPl.TreeSect,"Options d'arbre : <b>Plantes fournissant du bois</b> qui sont plantées par les Forestiers (par exemple, Pin, Chêne).",-
LV.CPl.CropSect,"Options de culture : Toutes les autres plantes qui sont plantées par les agriculteurs ou les forestiers (par ex. Carotte, Myrtille et Pissenlit <b>Bushes</b>).",-
LV.CPl.ProductSect,"Options de produit : <b>Produits</b> qui poussent sur des plantes matures (par exemple, Résine de pin, Myrtilles).",-
LV.CPl.AllSect,Pour toutes les plantes :,-
LV.CPl.ReproducibleChanceMultiplier,Multiplicateur de chance reproductible,-
LV.CPl.ReproducibleChanceMultiplierDesc,"Adjuste la chance pour les arbres de se reproduire chaque heure (par défaut : 1 à 3 % selon le type).
Par défaut : ×1. ×0 désactive la reproduction. Exemple : ×2 permet à un pin avec une chance de base de 3 % de se reproduire avec une chance de 6 %.",-
