ID,Text,Comment
UI.TW.SimpleWorkshopControl.Blocked,Plusieurs conditions de contrôle non respectées,-
UI.TW.SimpleWorkshopControl.BlockedInput,Conditions d'ingrédients automatiques non remplies,-
UI.TW.SimpleWorkshopControl.BlockedProduct,Condition de produit automatique non remplie,-
UI.TW.SimpleWorkshopControl.BlockedUser,Condition de contrôle utilisateur non remplie,-
UI.TW.SimpleWorkshopControl.BlockedPlanting,Condition de plantation automatique non remplie,-
UI.TW.SimpleWorkshopControl.BlockedHarvest,Rien de convenable à récolter,-
UI.TW.SimpleWorkshopControl.SciencePoints,Points de Science,-
UI.TW.SimpleWorkshopControl.BotPopulation,Population de Robots,-
UI.TW.SimpleWorkshopControl.BeaverPopulation,Population de Castors,-
UI.TW.SimpleWorkshopControl.BeaverGlobalPopulation,"Population de Castors, Globale",-
UI.TW.SimpleWorkshopControl.BeaverDistrictPopulation,"Population de castors, district",-
UI.TW.SimpleWorkshopControl.BotGlobalPopulation,"Population de Bots, Globale",-
UI.TW.SimpleWorkshopControl.BotDistrictPopulation,"Pop de Bot, District",-
UI.TW.SimpleWorkshopControl.WorkshopControls,Contrôles de l'atelier,-
UI.TW.SimpleWorkshopControl.Hide,Cacher,-
UI.TW.SimpleWorkshopControl.RequireInputs,Ingrédients Automatiques,-
UI.TW.SimpleWorkshopControl.UseAutoProducts,Produits automatiques,-
UI.TW.SimpleWorkshopControl.Controller,Contrôle Utilisateur :,-
UI.TW.SimpleWorkshopControl.AutoPlanting,Plantation Automatique,-
UI.TW.SimpleWorkshopControl.UseHarvestCheck,Vérifier la récolte,-
UI.TW.SimpleWorkshopControl.NullGoodId,Aucun,-
UI.TW.SimpleWorkshopControl.Percent,Pourcentage,-
UI.TW.SimpleWorkshopControl.Value,Valeur,-
UI.TW.SimpleWorkshopControl.Invert,Inverser,-
UI.TW.SimpleWorkshopControl.Start,Commencer,-
UI.TW.SimpleWorkshopControl.Stop,Arrêter,-
UI.TW.SimpleWorkshopControl.CurrentStock,Stock,-
UI.TW.SimpleWorkshopControl.Capacity,Capacité,-
UI.TW.SimpleWorkshopControl.InfoHeader,Informations sur le contrôle de l'atelier,-
UI.TW.SimpleWorkshopControl.AtOrBelow,à ou en dessous,-
UI.TW.SimpleWorkshopControl.AtOrAbove,au minimum,-
UI.TW.SimpleWorkshopControl.Below,en dessous,-
UI.TW.SimpleWorkshopControl.Above,au-dessus,-
UI.TW.SimpleWorkshopControl.ZeroCapacityProductWarning,! Produit à capacité nulle ; le bâtiment fonctionnera jusqu'à ce que le stockage privé soit plein.,-
UI.TW.SimpleWorkshopControl.ZeroCapacityIngredientWarning,! Ingrédient à capacité nulle; le contrôle comparera les biens disponibles aux besoins de la recette plutôt qu'au pourcentage de capacité (s'applique à tous les ingrédients).,-
UI.TW.SimpleWorkshopControl.GlobalInventoryFallback,Aucun district disponible. Utilisation de l'inventaire global.,-
ModSetting.TWSimpleWorkshopControl.ShowStatusIcons,Afficher les icônes de statut,-
ModSetting.TWSimpleWorkshopControl.ShowStatusIconsDesc,Une icône de statut apparaîtra au-dessus des bâtiments bloqués,-
ModSetting.TWSimpleWorkshopControl.RequireInputsDefault,Ingrédients automatiques par défaut,-
ModSetting.TWSimpleWorkshopControl.RequireInputsDefaultDesc,Les bâtiments nouvellement construits commenceront avec les ingrédients automatiques activés.,-
ModSetting.TWSimpleWorkshopControl.AutoProductsDefault,Produits automatiques par défaut,-
ModSetting.TWSimpleWorkshopControl.AutoProductsDefaultDesc,Les bâtiments nouvellement construits auront l'option Produits Automatiques activée par défaut.,-
ModSetting.TWSimpleWorkshopControl.RecipeRequirementStart,Début par défaut d'ingrédients auto,-
ModSetting.TWSimpleWorkshopControl.RecipeRequirementStartDesc,Les bâtiments d'ingrédients automatiques commenceront lorsque tous les ingrédients auront atteint ce pourcentage de capacité globale.,-
ModSetting.TWSimpleWorkshopControl.RecipeRequirementStop,Arrêt automatique des ingrédients par défaut,-
ModSetting.TWSimpleWorkshopControl.RecipeRequirementStopDesc,Les bâtiments de matériaux automatiques s'arrêteront lorsque tout ingrédient tombe en dessous de ce pourcentage de la capacité globale.,-
ModSetting.TWSimpleWorkshopControl.AutoProductStart,Début de produits automatiques par défaut,-
ModSetting.TWSimpleWorkshopControl.AutoProductStartDesc,Les bâtiments de production automatique commenceront lorsque tous les produits auront été en dessous de ce pourcentage de la capacité globale.,-
ModSetting.TWSimpleWorkshopControl.AutoProductStop,Arrêt automatique des produits par défaut,-
ModSetting.TWSimpleWorkshopControl.AutoProductStopDesc,Les bâtiments de production automatiques s'arrêteront lorsque tout produit dépassera ce pourcentage de la capacité globale.,-
ModSetting.TWSimpleWorkshopControl.UIMinHeight,Hauteur minimale de l'interface,-
ModSetting.TWSimpleWorkshopControl.UIMinHeightDesc,Contrôle l'espace que le fragment de contrôle peut utiliser dans le panneau de l'entité.,-
ModSetting.TWSimpleWorkshopControl.UIMaxHeight,Hauteur max de l'interface,-
ModSetting.TWSimpleWorkshopControl.UIMaxHeightDesc,Contrôle la quantité d'espace que le fragment de contrôle peut utiliser dans le panneau d'entité,-
ModSetting.TWSimpleWorkshopControl.AutoPlantingDefault,Plantation automatique par défaut,-
ModSetting.TWSimpleWorkshopControl.AutoPlantingDefaultDesc,Les bâtiments nouvellement construits commenceront avec la plantation automatique activée,-
UI.TW.SimpleWorkshopControl.AutoPlantingCooldown,Temps de recharge :,-
UI.TW.SimpleWorkshopControl.HarvestCheckCooldown,Temps de recharge :,-
UI.TW.SimpleWorkshopControl.UseGlobalInventory,Inventaire Global,-
ModSetting.TWSimpleWorkshopControl.GlobalInventory,Utiliser l'inventaire global,-
ModSetting.TWSimpleWorkshopControl.GlobalInventoryDesc,Utiliser l'inventaire global plutôt que l'inventaire de district.,-
ModSetting.TWSimpleWorkshopControl.PerBuildingGlobalInventory,Inventaire global par bâtiment,-
ModSetting.TWSimpleWorkshopControl.PerBuildingGlobalInventoryDesc,Sélectionnez l'inventaire global ou de district pour chaque bâtiment. Le paramètre 'utiliser l'inventaire global' ci-dessus sera utilisé par défaut pour les nouveaux bâtiments.,-
ModSetting.TWSimpleWorkshopControl.GoodsMax,Limite maximale du curseur de biens,-
ModSetting.TWSimpleWorkshopControl.GoodsMaxDesc,La valeur maximale autorisée pour les pistes de contrôle utilisateur,-
ModSetting.TWSimpleWorkshopControl.PopulationMax,Curseur de population max,-
ModSetting.TWSimpleWorkshopControl.PopulationMaxDesc,La valeur maximale autorisée pour les curseurs de contrôle utilisateur,-
ModSetting.TWSimpleWorkshopControl.ScienceMax,Maximum du curseur de science,-
ModSetting.TWSimpleWorkshopControl.ScienceMaxDesc,La valeur maximale autorisée pour les curseurs de contrôle utilisateur,-
ModSetting.TWSimpleWorkshopControl.CheckHarvestableCooldown,Vérifier le temps de recharge des récoltables,-
ModSetting.TWSimpleWorkshopControl.CheckHarvestableCooldownDesc,Nombre par défaut d’heures de castor pour garder le bâtiment actif après qu'il n'y ait plus de plantes récoltables.,-
ModSetting.TWSimpleWorkshopControl.harvestCheckDefault,Vérifier le défaut récoltable,-
ModSetting.TWSimpleWorkshopControl.HarvestCheckDefaultDesc,Les bâtiments nouvellement construits commenceront avec Vérifier la récolte activé.,-
UI.TW.SimpleWorkshopControl.TT.HarvestCheckToggle,Désactiver lorsqu'il n'y a rien à récolter,-
UI.TW.SimpleWorkshopControl.TT.HarvestCooldown,Rester actif aussi longtemps après la récolte terminée (en heures castor),-
UI.TW.SimpleWorkshopControl.TT.IncreaseUI,Agrandir la hauteur de l'interface,-
UI.TW.SimpleWorkshopControl.TT.DecreaseUI,Réduire la hauteur de l'interface,-
UI.TW.SimpleWorkshopControl.TT.HideUI,Masquer les contrôles de comportement de l'atelier,-
UI.TW.SimpleWorkshopControl.TT.ShowBehaviorInfo,Afficher les informations de débogage du comportement,-
UI.TW.SimpleWorkshopControl.TT.UseGlobalInventory,Comparer l'inventaire global ou de district,-
UI.TW.SimpleWorkshopControl.TT.AutoPlantingToggle,Activer ou désactiver le bâtiment lorsqu'il y a des plantations à faire,-
UI.TW.SimpleWorkshopControl.TT.AutoPlantingCooldown,Rester actif aussi longtemps après la plantation terminée (en heures castor),-
UI.TW.SimpleWorkshopControl.TT.AutoIngredientsToggle,Désactiver la construction lorsque les ingrédients sont faibles,-
UI.TW.SimpleWorkshopControl.TT.ShowSettings,Afficher les paramètres,-
UI.TW.SimpleWorkshopControl.TT.HideSettings,Masquer les paramètres,-
UI.TW.SimpleWorkshopControl.TT.AutoProductsToggle,Désactiver l'atelier lorsque les produits dépassent l'arrêt,-
UI.TW.SimpleWorkshopControl.TT.UserControlInputChannel,Canal d'entrée à utiliser pour le comportement de contrôle par l'utilisateur,-
UI.TW.SimpleWorkshopControl.TT.UserControlInvert,Échanger les positions de Début et d'Arrêt,-
UI.TW.SimpleWorkshopControl.TT.UserPercentDropdown,Choisissez si Démarrer et Arrêter sont un pourcentage ou un nombre absolu,-
UI.TW.UI.TT.Start,Commencer,-
UI.TW.UI.TT.Stop,Arrêter,-
ModSetting.TWSimpleWorkshopControl.UseToolTips,Afficher les infobulles,-
ModSetting.TWSimpleWorkshopControl.UseToolTipsDesc,Afficher de petites fenêtres d'aide en survolant les contrôles (comme celle-ci ! =^.^= ),-
ModSetting.TWSimpleWorkshopControl.AutoPlantingFarmCooldown,Temps de recharge de plantation de ferme,-
ModSetting.TWSimpleWorkshopControl.AutoPlantingFarmCooldownDesc,Combien d'heures de castor les fermes de plantation automatiques resteront actives après la fin du dernier emploi de plantation.,-
ModSetting.TWSimpleWorkshopControl.AutoPlantingForesterCooldown,Temps de recharge de plantation du forestier,-
ModSetting.TWSimpleWorkshopControl.AutoPlantingForesterCooldownDesc,Combien d'heures castor les forestiers de plantation automatique resteront actifs après la fin du dernier travail de plantation.,-
ModSetting.TWSimpleWorkshopControl.AutoIngredientsZeroCapMultiplier,Échelle des ingrédients automatiques à cap zéro,-
ModSetting.TWSimpleWorkshopControl.AutoIngredientsZeroCapMultiplierDesc,"Lorsqu'il n'y a pas de capacité de stockage pour une ressource, les ingrédients automatiques vérifieront le stock disponible par rapport à la quantité de la recette multipliée par ce chiffre (plutôt que par rapport à un pourcentage de la capacité de stockage).",-
ModSetting.TWSimpleWorkshopControl.AutoIngredientsIncludeFuel,Inclure le carburant,-
ModSetting.TWSimpleWorkshopControl.AutoIngredientsIncludeFuelDesc,Le combustible sera inclus comme un ingrédient requis.,-
UI.TW.SimpleWorkshopControl.TT.AutoProductsZeroCapWarning,Aucun bâtiment de stockage pour le(s) produit(s). Utilisation des règles de capacité zéro (cliquez pour plus d'informations),-
UI.TW.SimpleWorkshopControl.TT.AutoIngredientsZeroCapWarning,Aucun bâtiment de stockage pour l'ingrédient(s). Utilisation des règles de capacité zéro (cliquez pour plus d'infos),-
ModSetting.TWSimpleWorkshopControl.PriorityHarvestDefault,Priorité de récolte par défaut,-
ModSetting.TWSimpleWorkshopControl.PriorityHarvestDefaultDesc,Les bâtiments nouvellement construits commenceront avec le Prieuritaire de Récolte activé.,-
UI.TW.SimpleWorkshopControl.UsePriorityHarvest,Priorisateur de récolte,-
UI.TW.SimpleWorkshopControl.TT.UsePriorityHarvestToggle,Définir automatiquement la ressource priorisée sur celle qui est la plus nécessaire.,-
UI.TW.SimpleWorkshopControl.RangeType,Échelle,-
ModSetting.TWSimpleWorkshopControl.PerBuildingAutoSliders,Curseurs automatiques par bâtiment,-
ModSetting.TWSimpleWorkshopControl.PerBuildingAutoSlidersDesc,"Lorsque cette option est activée, les valeurs de début/arrêt pour chaque bâtiment peuvent être choisies en jeu. Lorsque cette option est désactivée, tous les bâtiments utiliseront les paramètres par défaut du mod.",-
