ID,Text,Comment
LV.CPL.MaxConnections,Connexions maximales,-
LV.CPL.MaxConnectionsDesc,Nombre maximum de connexions autorisées pour les bâtiments de ligne électrique. Par défaut : 4.,-
LV.CPL.MaxDistance,Distance maximale,-
LV.CPL.MaxDistanceDesc,"Distance maximale autorisée pour le câble de ligne électrique. Par défaut : 50, ce mod est configuré par défaut à 100.",-
LV.CPL.MaxInclination,Inclinaison Maximale,-
LV.CPL.MaxInclinationDesc,Inclinaison maximale autorisée pour le câble de ligne électrique. Par défaut : 75 degrés.,-
LV.CPL.PowerlineThroughObstacles,Ligne électrique à travers les obstacles,-
LV.CPL.PowerlineThroughObstaclesDesc,Permet aux lignes électriques de passer à travers des obstacles tels que des bâtiments et des arbres.,-
