ID,Text,Comment
UI.TW.SimpleWorkshopControl.Blocked,Plusieurs conditions de contrôle non respectées,-
UI.TW.SimpleWorkshopControl.BlockedInput,Conditions d'ingrédients automatiques non remplies,-
UI.TW.SimpleWorkshopControl.BlockedProduct,Condition de produit automatique non remplie,-
UI.TW.SimpleWorkshopControl.BlockedUser,Condition de contrôle utilisateur non remplie,-
UI.TW.SimpleWorkshopControl.BlockedPlanting,Condition de plantation automatique non remplie,-
UI.TW.SimpleWorkshopControl.BlockedPopulation,Condition de population non remplie,-
UI.TW.SimpleWorkshopControl.BlockedHarvest,Rien de convenable à récolter,-
UI.TW.SimpleWorkshopControl.BlockedWeather,Conditions météorologiques non satisfaites,-
UI.TW.SimpleWorkshopControl.BlockedScience,Condition scientifique non remplie,-
UI.TW.SimpleWorkshopControl.BlockedWaterLevel,Condition de niveau d'eau non remplie,-
UI.TW.SimpleWorkshopControl.BlockedContamination,Condition de contamination de l'eau non respectée,-
UI.TW.SimpleWorkshopControl.SciencePoints,Points de Science,-
UI.TW.SimpleWorkshopControl.BotPopulation,Population de Robots,-
UI.TW.SimpleWorkshopControl.BeaverPopulation,Population de Castors,-
UI.TW.SimpleWorkshopControl.BeaverGlobalPopulation,"Population de Castors, Globale",-
UI.TW.SimpleWorkshopControl.BeaverDistrictPopulation,"Population de castors, district",-
UI.TW.SimpleWorkshopControl.BotGlobalPopulation,"Population de Bots, Globale",-
UI.TW.SimpleWorkshopControl.BotDistrictPopulation,"Pop de Bot, District",-
UI.TW.SimpleWorkshopControl.WorkshopControls,Contrôles de l'atelier,-
UI.TW.SimpleWorkshopControl.Hide,Cacher,-
UI.TW.SimpleWorkshopControl.RequireInputs,Ingrédients Automatiques,-
UI.TW.SimpleWorkshopControl.UseAutoProducts,Produits automatiques,-
UI.TW.SimpleWorkshopControl.Controller,Contrôle Utilisateur :,-
UI.TW.SimpleWorkshopControl.AutoPlanting,Plantation Automatique,-
UI.TW.SimpleWorkshopControl.UseHarvestCheck,Vérifier la récolte,-
UI.TW.SimpleWorkshopControl.NullGoodId,Aucun,-
UI.TW.SimpleWorkshopControl.Percent,Pourcentage,-
UI.TW.SimpleWorkshopControl.Value,Valeur,-
UI.TW.SimpleWorkshopControl.Invert,Inverser,-
UI.TW.SimpleWorkshopControl.Start,Commencer,-
UI.TW.SimpleWorkshopControl.Stop,Arrêter,-
UI.TW.SimpleWorkshopControl.CurrentStock,Stock,-
UI.TW.SimpleWorkshopControl.Capacity,Capacité,-
UI.TW.SimpleWorkshopControl.InfoHeader,Informations sur le contrôle de l'atelier,-
UI.TW.SimpleWorkshopControl.AtOrBelow,à ou en dessous,-
UI.TW.SimpleWorkshopControl.AtOrAbove,au minimum,-
UI.TW.SimpleWorkshopControl.Below,en dessous,-
UI.TW.SimpleWorkshopControl.Above,au-dessus,-
UI.TW.SimpleWorkshopControl.ZeroCapacityProductWarning,! Produit à capacité nulle ; le contrôle utilisera un pourcentage de l'inventaire de sortie du bâtiment plutôt qu'un pourcentage du stockage externe pour ces produits.,-
UI.TW.SimpleWorkshopControl.ZeroCapacityIngredientWarning,! Ingrédient à capacité nulle; le contrôle comparera les biens disponibles aux besoins de la recette plutôt qu'au pourcentage de capacité (s'applique à tous les ingrédients).,-
UI.TW.SimpleWorkshopControl.GlobalInventoryFallback,Aucun district disponible. Utilisation de l'inventaire global.,-
ModSetting.TWSimpleWorkshopControl.ShowStatusIcons,Afficher les icônes de statut,-
ModSetting.TWSimpleWorkshopControl.ShowStatusIconsDesc,Une icône de statut apparaîtra au-dessus des bâtiments bloqués,-
ModSetting.TWSimpleWorkshopControl.RequireInputsDefault,Ingrédients automatiques par défaut,-
ModSetting.TWSimpleWorkshopControl.RequireInputsDefaultDesc,Les bâtiments nouvellement construits commenceront avec les ingrédients automatiques activés.,-
ModSetting.TWSimpleWorkshopControl.AutoProductsDefault,Produits automatiques par défaut,-
ModSetting.TWSimpleWorkshopControl.AutoProductsDefaultDesc,Les bâtiments nouvellement construits auront l'option Produits Automatiques activée par défaut.,-
ModSetting.TWSimpleWorkshopControl.RecipeRequirementStart,Début par défaut d'ingrédients auto,-
ModSetting.TWSimpleWorkshopControl.RecipeRequirementStartDesc,Les bâtiments d'ingrédients automatiques commenceront lorsque tous les ingrédients auront atteint ce pourcentage de capacité globale.,-
ModSetting.TWSimpleWorkshopControl.RecipeRequirementStop,Arrêt automatique des ingrédients par défaut,-
ModSetting.TWSimpleWorkshopControl.RecipeRequirementStopDesc,Les bâtiments de matériaux automatiques s'arrêteront lorsque tout ingrédient tombe en dessous de ce pourcentage de la capacité globale.,-
ModSetting.TWSimpleWorkshopControl.AutoProductStart,Début de produits automatiques par défaut,-
ModSetting.TWSimpleWorkshopControl.AutoProductStartDesc,Les bâtiments de production automatique commenceront lorsque tous les produits auront été en dessous de ce pourcentage de la capacité globale.,-
ModSetting.TWSimpleWorkshopControl.AutoProductStop,Arrêt automatique des produits par défaut,-
ModSetting.TWSimpleWorkshopControl.AutoProductStopDesc,Les bâtiments de production automatiques s'arrêteront lorsque tout produit dépassera ce pourcentage de la capacité globale.,-
ModSetting.TWSimpleWorkshopControl.UIMinHeight,Hauteur minimale de l'interface,-
ModSetting.TWSimpleWorkshopControl.UIMinHeightDesc,Contrôle l'espace que le fragment de contrôle peut utiliser dans le panneau de l'entité.,-
ModSetting.TWSimpleWorkshopControl.UIMaxHeight,Hauteur max de l'interface,-
ModSetting.TWSimpleWorkshopControl.UIMaxHeightDesc,Contrôle la quantité d'espace que le fragment de contrôle peut utiliser dans le panneau d'entité,-
ModSetting.TWSimpleWorkshopControl.AutoPlantingDefault,Plantation automatique par défaut,-
ModSetting.TWSimpleWorkshopControl.AutoPlantingDefaultDesc,Les bâtiments nouvellement construits commenceront avec la plantation automatique activée,-
UI.TW.SimpleWorkshopControl.AutoPlantingCooldown,Temps de recharge :,-
UI.TW.SimpleWorkshopControl.HarvestCheckCooldown,Temps de recharge :,-
UI.TW.SimpleWorkshopControl.UseGlobalInventory,Inventaire Global,-
ModSetting.TWSimpleWorkshopControl.GlobalInventory,Utiliser l'inventaire global,-
ModSetting.TWSimpleWorkshopControl.GlobalInventoryDesc,Utiliser l'inventaire global plutôt que l'inventaire de district.,-
ModSetting.TWSimpleWorkshopControl.PerBuildingGlobalInventory,Inventaire global par bâtiment,-
ModSetting.TWSimpleWorkshopControl.PerBuildingGlobalInventoryDesc,Sélectionnez l'inventaire global ou de district pour chaque bâtiment. Le paramètre 'utiliser l'inventaire global' ci-dessus sera utilisé par défaut pour les nouveaux bâtiments.,-
ModSetting.TWSimpleWorkshopControl.GoodsMax,Limite maximale du curseur de biens,-
ModSetting.TWSimpleWorkshopControl.GoodsMaxDesc,La valeur maximale autorisée pour les pistes de contrôle utilisateur,-
ModSetting.TWSimpleWorkshopControl.PopulationMax,Curseur de population max,-
ModSetting.TWSimpleWorkshopControl.PopulationMaxDesc,La valeur maximale autorisée pour les curseurs de contrôle utilisateur,-
ModSetting.TWSimpleWorkshopControl.ScienceMax,Maximum du curseur de science,-
ModSetting.TWSimpleWorkshopControl.ScienceMaxDesc,La valeur maximale autorisée pour les curseurs de contrôle utilisateur,-
ModSetting.TWSimpleWorkshopControl.CheckHarvestableCooldown,Vérifier le temps de recharge des récoltables,-
ModSetting.TWSimpleWorkshopControl.CheckHarvestableCooldownDesc,Nombre par défaut d’heures de castor pour garder le bâtiment actif après qu'il n'y ait plus de plantes récoltables.,-
ModSetting.TWSimpleWorkshopControl.harvestCheckDefault,Vérifier le défaut récoltable,-
ModSetting.TWSimpleWorkshopControl.HarvestCheckDefaultDesc,Les bâtiments nouvellement construits commenceront avec Vérifier la récolte activé.,-
UI.TW.SimpleWorkshopControl.TT.HarvestCheckToggle,Désactiver lorsqu'il n'y a rien à récolter,-
UI.TW.SimpleWorkshopControl.TT.HarvestCooldown,Rester actif aussi longtemps après la récolte terminée (en heures castor),-
UI.TW.SimpleWorkshopControl.TT.IncreaseUI,Agrandir la hauteur de l'interface,-
UI.TW.SimpleWorkshopControl.TT.DecreaseUI,Réduire la hauteur de l'interface,-
UI.TW.SimpleWorkshopControl.TT.HideUI,Masquer les contrôles de comportement de l'atelier,-
UI.TW.SimpleWorkshopControl.TT.ShowBehaviorInfo,Afficher les informations actuelles du comportement,-
UI.TW.SimpleWorkshopControl.TT.UseGlobalInventory,Comparer l'inventaire global ou de district,-
UI.TW.SimpleWorkshopControl.TT.AutoPlantingToggle,Activer ou désactiver le bâtiment lorsqu'il y a des plantations à faire,-
UI.TW.SimpleWorkshopControl.TT.AutoPlantingCooldown,Rester actif aussi longtemps après la plantation terminée (en heures castor),-
UI.TW.SimpleWorkshopControl.TT.AutoIngredientsToggle,Désactiver la construction lorsque les ingrédients sont faibles,-
UI.TW.SimpleWorkshopControl.TT.ShowSettings,Afficher les paramètres,-
UI.TW.SimpleWorkshopControl.TT.HideSettings,Masquer les paramètres,-
UI.TW.SimpleWorkshopControl.TT.AutoProductsToggle,Désactiver l'atelier lorsque les produits dépassent l'arrêt,-
UI.TW.SimpleWorkshopControl.TT.UserControlInputChannel,Canal d'entrée à utiliser pour le comportement de contrôle par l'utilisateur,-
UI.TW.SimpleWorkshopControl.TT.UserControlInvert,Échanger les positions de Début et d'Arrêt,-
UI.TW.SimpleWorkshopControl.TT.UserPercentDropdown,Choisissez si Démarrer et Arrêter sont un pourcentage ou un nombre absolu,-
UI.TW.UI.TT.Start,Commencer,-
UI.TW.UI.TT.Stop,Arrêter,-
ModSetting.TWSimpleWorkshopControl.UseToolTips,Afficher les infobulles,-
ModSetting.TWSimpleWorkshopControl.UseToolTipsDesc,Afficher de petites fenêtres d'aide en survolant les contrôles (comme celle-ci ! =^.^= ),-
ModSetting.TWSimpleWorkshopControl.AutoPlantingFarmCooldown,Temps de recharge de plantation de ferme,-
ModSetting.TWSimpleWorkshopControl.AutoPlantingFarmCooldownDesc,Combien d'heures de castor les fermes de plantation automatiques resteront actives après la fin du dernier emploi de plantation.,-
ModSetting.TWSimpleWorkshopControl.AutoPlantingForesterCooldown,Temps de recharge de plantation du forestier,-
ModSetting.TWSimpleWorkshopControl.AutoPlantingForesterCooldownDesc,Combien d'heures castor les forestiers de plantation automatique resteront actifs après la fin du dernier travail de plantation.,-
ModSetting.TWSimpleWorkshopControl.AutoIngredientsZeroCapMultiplier,Échelle des ingrédients automatiques à cap zéro,-
ModSetting.TWSimpleWorkshopControl.AutoIngredientsZeroCapMultiplierDesc,"Lorsqu'il n'y a pas de capacité de stockage pour une ressource, les ingrédients automatiques vérifieront le stock disponible par rapport à la quantité de la recette multipliée par ce chiffre (plutôt que par rapport à un pourcentage de la capacité de stockage).",-
ModSetting.TWSimpleWorkshopControl.AutoIngredientsIncludeFuel,Inclure le carburant,-
ModSetting.TWSimpleWorkshopControl.AutoIngredientsIncludeFuelDesc,Le combustible sera inclus comme un ingrédient requis.,-
UI.TW.SimpleWorkshopControl.TT.AutoProductsZeroCapWarning,Aucun bâtiment de stockage pour le(s) produit(s). Utilisation des règles de capacité zéro (cliquez pour plus d'informations),-
UI.TW.SimpleWorkshopControl.TT.AutoIngredientsZeroCapWarning,Aucun bâtiment de stockage pour l'ingrédient(s). Utilisation des règles de capacité zéro (cliquez pour plus d'infos),-
ModSetting.TWSimpleWorkshopControl.PriorityHarvestDefault,Priorité de récolte par défaut,-
ModSetting.TWSimpleWorkshopControl.PriorityHarvestDefaultDesc,Les bâtiments nouvellement construits commenceront avec le Prieuritaire de Récolte activé.,-
UI.TW.SimpleWorkshopControl.UsePriorityHarvest,Priorisateur de récolte,-
UI.TW.SimpleWorkshopControl.TT.UsePriorityHarvestToggle,Définir automatiquement la ressource priorisée sur celle qui est la plus nécessaire.,-
UI.TW.SimpleWorkshopControl.WaterInputControl,Entrée d'eau,-
UI.TW.SimpleWorkshopControl.WaterOutputControl,Sortie d'eau,-
UI.TW.SimpleWorkshopControl.UseWaterLevel,Niveau d'eau,-
UI.TW.SimpleWorkshopControl.TT.UseWaterLevelToggleIntake,Contrôle basé sur le niveau d'eau à l'admission,-
UI.TW.SimpleWorkshopControl.TT.InvertWaterLevelIntake,Échanger les valeurs de démarrage / d'arrêt,-
UI.TW.SimpleWorkshopControl.UseWaterContamination,Contamination,-
UI.TW.SimpleWorkshopControl.TT.UseWaterContaminationToggleIntake,Contrôle basé sur la contamination de l'eau à l'entrée,-
UI.TW.SimpleWorkshopControl.TT.InvertWaterContaminationIntake,Échanger les valeurs de démarrage / d'arrêt,-
ModSetting.TWSimpleWorkshopControl.WaterInputLevelDefault,""" Niveau d'eau d'entrée """,-
ModSetting.TWSimpleWorkshopControl.WaterInputLevelDefaultDesc,Les bâtiments nouvellement construits commenceront avec leur contrôleur de niveau d'eau d'entrée activé.,-
ModSetting.TWSimpleWorkshopControl.WaterInputUsePipe,Niveau du tuyau d'admission utilisé,-
ModSetting.TWSimpleWorkshopControl.WaterInputUsePipeDesc,"La profondeur de l'eau sera calculée à partir du fond du tuyau d'admission, plutôt que de la profondeur totale (potentiellement plus profonde).",-
ModSetting.TWSimpleWorkshopControl.WaterInputStart,Niveau d'eau de départ,-
ModSetting.TWSimpleWorkshopControl.WaterInputStartDesc,Valeur de départ par défaut pour les contrôles du niveau d'eau d'entrée,-
ModSetting.TWSimpleWorkshopControl.WaterInputStop,Arrêt du niveau d'eau,-
ModSetting.TWSimpleWorkshopControl.WaterInputStopDesc,Valeur d'arrêt par défaut pour les contrôles du niveau d'eau d'entrée,-
ModSetting.TWSimpleWorkshopControl.WaterInputContaminationDefault,Contamination de l'eau d'entrée,-
ModSetting.TWSimpleWorkshopControl.WaterInputContaminationDefaultDesc,Les bâtiments nouvellement construits auront leur contrôleur de niveau de contamination de l'eau d'entrée activé.,-
ModSetting.TWSimpleWorkshopControl.WaterInputContaminationStart,Début de contamination,-
ModSetting.TWSimpleWorkshopControl.WaterInputContaminationStartDesc,Valeur de démarrage par défaut pour les contrôles de contamination de l'eau d'entrée,-
ModSetting.TWSimpleWorkshopControl.WaterInputContaminationStop,Arrêt de la contamination,-
ModSetting.TWSimpleWorkshopControl.WaterInputContaminationStopDesc,Valeur d'arrêt par défaut pour les contrôles de contamination de l'eau d'entrée,-
ModSetting.TWSimpleWorkshopControl.WaterOutputLevelDefault,Niveau d'eau de sortie,-
ModSetting.TWSimpleWorkshopControl.WaterOutputLevelDefaultDesc,Les bâtiments nouvellement construits commenceront avec leur contrôleur de niveau d'eau de sortie activé.,-
ModSetting.TWSimpleWorkshopControl.WaterOutputStart,Niveau d'eau de départ,-
ModSetting.TWSimpleWorkshopControl.WaterOutputStartDesc,Valeur de départ par défaut pour les contrôles du niveau d'eau de sortie,-
ModSetting.TWSimpleWorkshopControl.WaterOutputStop,Arrêt du niveau d'eau,-
ModSetting.TWSimpleWorkshopControl.WaterOutputStopDesc,Valeur d'arrêt par défaut pour les contrôles de niveau d'eau de sortie,-
ModSetting.TWSimpleWorkshopControl.WaterOutputContaminationDefault,Contamination de l'eau de sortie,-
ModSetting.TWSimpleWorkshopControl.WaterOutputContaminationDefaultDesc,Les bâtiments nouvellement construits commenceront avec leur contrôleur de niveau de contamination des eaux de sortie activé.,-
ModSetting.TWSimpleWorkshopControl.WaterOutputContaminationStart,Début de la contamination,-
ModSetting.TWSimpleWorkshopControl.WaterOutputContaminationStartDesc,Valeur de départ par défaut pour les contrôles de contamination de l'eau de sortie,-
ModSetting.TWSimpleWorkshopControl.WaterOutputContaminationStop,Arrêt de la contamination,-
ModSetting.TWSimpleWorkshopControl.WaterOutputContaminationStopDesc,Valeur d'arrêt par défaut pour les contrôles de contamination de l'eau de sortie,-
ModSetting.TWSimpleWorkshopControl.ShowUserControl,Activer le contrôle utilisateur,-
ModSetting.TWSimpleWorkshopControl.ShowUserControlDesc,"Active le comportement de contrôle utilisateur ancien. Cela permet un contrôle plus spécifique et permet de contrôler certains types de bâtiments supplémentaires, mais a été principalement remplacé par les comportements automatiques.",-
UI.TW.SimpleWorkshopControl.Population,Population,-
UI.TW.SimpleWorkshopControl.MaintainPop,Maintenir,-
UI.TW.SimpleWorkshopControl.AtPop,À,-
UI.TW.SimpleWorkshopControl.TT.PopulationControlToggle,Contrôle basé sur la population,-
UI.TW.SimpleWorkshopControl.TT.PopulationMode,Choisir le type de population,-
UI.TW.SimpleWorkshopControl.TT.PopulationValue,Population cible. La case accepte des nombres supérieurs à ceux que le curseur peut régler.,-
UI.TW.SimpleWorkshopControl.UseScience,Science,-
UI.TW.SimpleWorkshopControl.TT.UseScienceToggle,Contrôle basé sur les points de science,-
ModSetting.TWSimpleWorkshopControl.UseScienceDefault,Science par défaut,-
ModSetting.TWSimpleWorkshopControl.UseScienceDesc,Les bâtiments nouvellement construits commenceront avec le contrôle scientifique activé.,-
ModSetting.TWSimpleWorkshopControl.ScienceStart,Début de la science,-
ModSetting.TWSimpleWorkshopControl.ScienceStartDesc,Valeur de départ par défaut de la science,-
ModSetting.TWSimpleWorkshopControl.ScienceStop,Arrêt de la science,-
ModSetting.TWSimpleWorkshopControl.ScienceStopDesc,Valeur par défaut de l'arrêt scientifique,-
ModSetting.TWSimpleWorkshopControl.EnableWeatherControl,Activer le contrôleur de météo,-
ModSetting.TWSimpleWorkshopControl.EnableWeatherControlDesc,Permet d'activer et de désactiver les bâtiments en fonction de la météo (seule la météo de base est prise en charge pour l'instant),-
UI.TW.SimpleWorkshopControl.WeatherControl,Météo,-
UI.TW.SimpleWorkshopControl.TT.UseWeatherControlToggle,Contrôler la construction en fonction de la météo,-
UI.TW.SimpleWorkshopControl.WeatherSettings,Paramètres,-
UI.TW.SimpleWorkshopControl.TT.WeatherSettingsButton,Définir les options de contrôle climatique,-
UI.TW.SimpleWorkshopControl.WeatherSettingsHeader,Sélectionnez les conditions météorologiques actives,-
UI.TW.SimpleWorkshopControl.WeatherActiveDuring,Actif pendant :,-
UI.TW.SimpleWorkshopControl.UseSluice,Contrôles de la vanne,-
UI.TW.SimpleWorkshopControl.SluiceActiveState,État actif,-
UI.TW.SimpleWorkshopControl.SluiceBlockedState,État inactif,-
UI.TW.SimpleWorkshopControl.UpstreamDepth,Profondeur en amont,-
UI.TW.SimpleWorkshopControl.FloodgateActiveHeight,Hauteur active,-
UI.TW.SimpleWorkshopControl.FloodgateBlockedHeight,Hauteur inactive,-
UI.TW.SimpleWorkshopControl.CurrentDepth,Profondeur actuelle,-
UI.TW.SimpleWorkshopControl.TT.UseSluiceControlToggle,Contrôler la vanne,-
UI.TW.SimpleWorkshopControl.TT.SluiceActiveStateDropdown,État que le clapet utilisera lorsqu'il est actif,-
UI.TW.SimpleWorkshopControl.TT.SluiceBlockedStateDropdown,État que la sluice utilisera lorsqu'elle est inactive,-
UI.TW.SimpleWorkshopControl.TT.UseWaterLevelToggle,Contrôle basé sur le niveau d'eau en amont de la vanne,-
UI.TW.SimpleWorkshopControl.TT.SluiceWaterLevel,La vanne sera active au-dessus de ce niveau d'eau en amont,-
UI.TW.SimpleWorkshopControl.TT.FloodgateActiveHeight,Hauteur de la vanne lorsque active,-
UI.TW.SimpleWorkshopControl.TT.FloodgateBlockedHeight,Hauteur du verrouillage pendant l'inactivité,-
UI.TW.SimpleWorkshopControl.CurrentStatus,État actuel :,-
UI.TW.SimpleWorkshopControl.SluiceActive,Actif,-
UI.TW.SimpleWorkshopControl.SluiceInactive,Inactif,-
ModSetting.TWSimpleWorkshopControl.SluiceMax,Max du régulateur d'eau,-
ModSetting.TWSimpleWorkshopControl.SluiceMaxDesc,Valeur maximale pour le curseur de profondeur en amont.,-
UI.TW.SimpleWorkshopControl.SluiceTimer,Minuteur,-
UI.TW.SimpleWorkshopControl.SluiceActiveFor,"Actif pendant {0} jours, puis inactif pendant {1} jours.",-
UI.TW.SimpleWorkshopControl.SluiceTimerStartsAtDawn,Le minuteur commence à l'aube (la période inactive s'étendra pour accomplir cela),-
UI.TW.SimpleWorkshopControl.RoundTimerToDays,Commencer à l'aube,-
UI.TW.SimpleWorkshopControl.TimerLength,Longueur totale,-
UI.TW.SimpleWorkshopControl.TimerStart,Durée active,-
ModSetting.TWSimpleWorkshopControl.TimerMax,Minuteur max,-
ModSetting.TWSimpleWorkshopControl.TimerMaxDesc,"Durée maximale du minuteur, en jours",-
UI.TW.SimpleWorkshopControl.TT.UseTimer,Contrôle avec minuterie,-
UI.TW.SimpleWorkshopControl.TT.StartAtDawn,Chaque cycle de minuterie commencera au lever du soleil. La durée de la minuterie sera prolongée jusqu'au prochain lever du soleil.,-
UI.TW.SimpleWorkshopControl.TT.TimerLength,"Durée totale du cycle de minuterie, en jours",-
UI.TW.SimpleWorkshopControl.TT.TimerActiveDuration,Durée de la phase active du cycle de minuterie. En jours,-
ModSetting.TWSimpleWorkshopControl.SectionSluice,<b><YellowHighlight>Sluice:</YellowHighlight><b>,-
ModSetting.TWSimpleWorkshopControl.SectionGeneral,<b><YellowHighlight>Général:</YellowHighlight><b>,-
ModSetting.TWSimpleWorkshopControl.SectionAutoIngredients,<b><YellowHighlight>Ingrédients Automatiques :</YellowHighlight><b>,-
ModSetting.TWSimpleWorkshopControl.SectionAutoProducts,<b><YellowHighlight>Auto-Produits :</YellowHighlight><b>,-
ModSetting.TWSimpleWorkshopControl.SectionPlanting,<b><YellowHighlight>Plantation :</YellowHighlight><b>,-
ModSetting.TWSimpleWorkshopControl.SectionScience,<b><YellowHighlight>Science :</YellowHighlight><b>,-
ModSetting.TWSimpleWorkshopControl.SectionHarvest,<b><YellowHighlight>Lié à la récolte :</YellowHighlight><b>,-
ModSetting.TWSimpleWorkshopControl.SectionWaterInput,<b><YellowHighlight>Entrée d'eau :</YellowHighlight><b>,-
ModSetting.TWSimpleWorkshopControl.SectionWaterOutput,<b><YellowHighlight>Sortie d'eau :</YellowHighlight><b>,-
UI.TW.SimpleWorkshopControl.RangeType,Échelle,-
ModSetting.TWSimpleWorkshopControl.PerBuildingAutoSliders,Curseurs automatiques par bâtiment,-
ModSetting.TWSimpleWorkshopControl.PerBuildingAutoSlidersDesc,"Lorsque cette option est activée, les valeurs de début/arrêt pour chaque bâtiment peuvent être choisies en jeu. Lorsque cette option est désactivée, tous les bâtiments utiliseront les paramètres par défaut du mod.",-
