ID,Text,Comment
Knatte.WE_IrrigationExtractFuel.DisplayName,Irrigation avec Tree boost,-
Knatte.WE_IrrigationFuel.DisplayName,Irrigation,-
Knatte.IrrigationTower.DisplayName,Tour d'irrigation,-
Knatte.IrrigationTower.Description,"Irrigue les terres autour.  
N'utilise pas d'eau pour les dalles qu'elle ne peut pas irriguer.",-
Knatte.IrrigationTower.Header,Mode d'irrigation :,-
Knatte.IrrigationTower.FlavorDescription,"Avec moins d'un tiers de la Terre recouvert d'eau, l'irrigation est devenue nécessaire.",-
Knatte.IrrigationTowerV2_FT.DisplayName,Tour d'irrigation efficace,-
Knatte.IrrigationTowerV2_FT.Description,Irrigue plus de terres autour de lui et peut favoriser la croissance des arbres avec un extrait. N'utilise pas d'eau pour des tuiles qu'il ne peut pas irriguer.,-
Knatte.IrrigationTowerV2_IT.DisplayName,Tour d'irrigation alimentée,-
Knatte.IrrigationTowerV2_IT.Description,"Irrigue autour de lui sans aucun travailleur nécessaire. Pour un usage accru de l'eau, il bloque également la contamination. N'utilise pas d'eau pour les tuiles qu'il ne peut pas irriguer.",-
Knatte.IrrigationTowerV2.FlavorDescription,"Avec moins d'un tiers de la Terre recouvert d'eau, l'irrigation est devenue indispensable.",-
Knatte.BigIrrigationTower.DisplayName,Grande tour d'irrigation,-
Knatte.BigIrrigationTowerIT.Description,"Irrigue encore plus de terres autour d'elle pour moins d'eau.  
Le tuyau bleu indique le point de départ de l'irrigation.  
N'utilise pas d'eau pour les carreaux qu'elle ne peut pas irriguer.",-
Knatte.BigIrrigationTowerFT.Description,"Irrigue encore plus de terres autour de lui pour moins d'eau. 
Le tuyau jaune indique le point de départ de l'irrigation. 
N'utilise pas d'eau pour les tuiles qu'il ne peut pas irriguer.",-
Knatte.BigIrrigationTower.FlavorDescription,Goutte Goutte Tombée.,-
