ID,Text,Comment
LV.BVM.ExpTitle,Expérience : {0:0},-
LV.BVM.ExpDesc,{0:+0}% Vitesse de travail.,-
LV.BVM.ExpDescWithPending,{0:+0}% Vitesse de Travail. {1:0.0}EXP de travail en attente.,-
LV.BVM.ExpDescBook,EXP supplémentaire en attente grâce aux livres,-
LV.BVM.Fitness,Fitness,-
LV.BVM.FitnessTitle,Fitness : {0},-
LV.BVM.FitnessDesc,"{0:+0}% Vitesse de déplacement et Capacité de transport.  
Aujourd'hui, temps passé à l'extérieur : {1:0.0} heures",-
LV.BVM.DeteriorationTitle,Durabilité : {0:0%},-
LV.BVM.DeteriorationDesc,{0:0.0%} Vitesse de travail et {1:0.0%} Vitesse de mouvement.,-
LV.BVM.LowFitnessStatusDesc,Ce castor doit passer plus de temps à l'extérieur pour retrouver sa forme.,-
LV.BVM.LowFitnessStatusDescShort,En mauvaise forme,-
LV.BVM.UpdateText710,"Les castors gagnent désormais ×1,5 de temps de conditionnement lorsqu'ils se trouvent à l'intérieur de certains bâtiments au lieu de ne rien gagner du tout :  
- Folktails : Roue de puissance, Lido et Salle de danse.  
- Iron Teeth : Grande roue de puissance, Piscine et Plaza d'exercice.  
<RedHighlight><b>Important pour IT :</b></RedHighlight> Cette mise à jour supprime également la fonctionnalité qui ajoute des papiers et des livres aux Iron Teeth. Il existe plutôt un mod optionnel appelé 'Papiers et Livres pour IT'. Si vous avez des bâtiments ou des biens qui étaient précédemment créés par ce mod, veuillez vous abonner à ce mod avant de continuer.",-
