ID,Text,Comment
ToolGroups.PoweredRoofs,Cloisons Électriques,-
Building.PoweredRoof.FlavorDescription,Ces toits intègrent un tube leur permettant de transférer de l'énergie !,-
Building.PoweredRoof1x1.DisplayName,Toit Électrique 1x1,-
Building.PoweredRoof1x2.DisplayName,Toit Électrique 1x2,-
Building.PoweredRoof2x2.DisplayName,Toit Électrique 2x2,-
Building.PoweredRoof2x3.DisplayName,Toit Éclairé 2x3,-
Building.PoweredRoof3x2.DisplayName,Toit Électrique 3x2,-
Building.PoweredHalfRoof1x1.DisplayName,Toit moitié alimenté 1x1,-
Building.PoweredHalfRoof1x2.DisplayName,Toit à moitié alimenté 1x2,-
Building.PoweredHalfRoof2x1.DisplayName,Toit demi alimenté 2x1,-
Building.PoweredHalfRoof2x2.DisplayName,Toit moitié alimenté 2x2,-
Building.PoweredHalfRoof3x2.DisplayName,Toit moitié alimenté 3x2,-
Building.PoweredHalfRoof2x3.DisplayName,Toit à moitié alimenté 2x3,-
