ID,Text,Comment
LV.WSP.WeatherGroup,Temps,-
LV.WSP.WeatherGroupDesc,Projets scientifiques liés à la météo et aux prévisions,-
LV.WSP.PrewarningCost,[Coût] par niveau les jours de préavis. 0 les autres jours.,-
LV.WSP.IncreaseStr,Conduit de Flowmaster,-
LV.WSP.IncreaseStrDesc,Vous permet d'augmenter la puissance des sources d'eau.,-
LV.WSP.IncreaseStrLore,"'Plus d'eau, plus de puissance — c'est aussi simple que ça !' — Riverchew Flowmaster",-
LV.WSP.IncreaseStrFresh,Augmenter les sources d'eau douce,-
LV.WSP.IncreaseStrFreshDesc,Augmentez la force de toutes les sources d'eau douce (y compris pendant les marées basses) de {0:+#%} par niveau.,-
LV.WSP.IncreaseStrBad,Augmenter les sources d'eau contaminée.,-
LV.WSP.IncreaseStrBadDesc,Augmentez la force de toutes les mauvaises sources d'eau de {0:+#%} par niveau.,-
LV.WSP.DecreaseStr,La Porte du Tidebreaker,-
LV.WSP.DecreaseStrDesc,Vous permet de diminuer la puissance des sources d'eau.,-
LV.WSP.DecreaseStrLore,"'Parfois, il faut apprivoiser la rivière, pas la chevaucher.' — Stillwater Tidebreaker",-
LV.WSP.DecreaseStrFresh,Diminuer les sources d'eau douce.,-
LV.WSP.DecreaseStrFreshDesc,Diminuez la force de toutes les sources d'eau douce de {0:;#%} par niveau.,-
LV.WSP.DecreaseStrBad,Réduire les sources d'eau polluées,-
LV.WSP.DecreaseStrBadDesc,Diminuez la force de toutes les sources d'eau contaminée de {0:#%} par niveau.,-
LV.WSP.StrCostFresh,[Coût] par source d'eau douce. Les sources inactives ne comptent pas (par exemple pendant une sécheresse),-
LV.WSP.StrCostBad,"[Coût] par source d'eau polluée. Les sources inactives ne sont pas prises en compte (par exemple, pendant une sécheresse ou celles qui sont scellées).",-
LV.WSP.ForecastText,"{0:#%} {1}, dure {2}-{3}j",-
LV.WSP.DecreaseStrBuffDesc,"Une merveille de l'ingénierie des castors, cette porte apprivoise les rivières les plus sauvages, apaisant leur cours pour protéger nos terres.",-
LV.WSP.IncreaseStrBuffDesc,"Canalisant la puissance de la nature, ce conduit libère une déferlante d'eau, pliant les rivières à notre volonté.",-
LV.WSP.StrBuffEffect,{0:+#%;-#%;0%} Force,-
LV.WSP.Ext1,Totem de Galesniffer,-
LV.WSP.Ext1Desc,Les avertissements de la météo prochaine arrivent {0:+#} jour plus tôt.,-
LV.WSP.Ext1Lore,Un simple poteau où vos castors peuvent 'renifler' le vent pour des indices météorologiques précoces.,-
LV.WSP.Ext2,Disque du Tisseur de Brume,-
LV.WSP.Ext2Desc,Les alertes de la prochaine météo arrivent {0:+#} jour plus tôt.,-
LV.WSP.Ext2Lore,Un cadran qui peut prédire le temps en fonction de l'humidité et de la pression atmosphérique.,-
LV.WSP.Ext3,La Flèche de Thunderhub,-
LV.WSP.Ext3Desc,Les avertissements de la prochaine météo arrivent {0:+#} jour plus tôt par niveau.,-
LV.WSP.Ext3Lore,Une haute flèche qui peut détecter la charge électrique dans l'air.,-
LV.WSP.Pred1,Prévisions météorologiques,-
LV.WSP.Pred1Desc,Prédisez le temps à venir. La précision commence à {0:#%} le premier jour et augmente de {1:+#%} chaque jour.,-
LV.WSP.Pred1Lore,"Les castors consultent les nuages et les vents, leurs prédictions s'affûtant au fil des jours.",-
LV.WSP.Pred2,Précision Étoilée,-
LV.WSP.Pred2Desc,Les prévisions météorologiques commencent maintenant avec une précision supplémentaire de {0:+#%} le premier jour de la phase.,-
LV.WSP.Pred2Lore,« Les étoiles ne mentent pas — si vous savez comment leur poser des questions ! » — Blink le Regardeur d'Étoiles,-
LV.WSP.Pred3,Analyse hydrologique,-
LV.WSP.Pred3Desc,Ajoutez {1:+#%} de précision par niveau à la prévision météorologique tous les jours.,-
LV.WSP.Pred3Lore,"En étudiant les marées, les castors affinent leurs prévisions météorologiques quotidiennement.",-
LV.WSP.Forecast1DayText,"{0:#%} {1}, dure {2}j",-
