ID,Text,Comment
LV.BuffDebuffDemo.PositiveBuff,今日のポジティブなこと,-
LV.BuffDebuffDemo.PositiveBuffDesc,あなたのビーバーたちは今日は気分が良いです。,-
LV.BuffDebuffDemo.NegativeBuff,その日のネガティブ,-
LV.BuffDebuffDemo.NegativeBuffDesc,あなたのビーバーは今日は気分が悪いです。,-
LV.BuffDebuffDemo.LuckyBuff,ランダムブースト,-
LV.BuffDebuffDemo.LuckyBuffDesc,あなたのビーバーたちは今日、幸運（または不運）を感じています。,-
LV.BuffDebuffDemo.SpeedBuffEffectDesc,移動速度: {0},-
