ID,Text,Comment
UI.TW.SimpleWorkshopControl.Blocked,複数の制御条件が満たされていません,-
UI.TW.SimpleWorkshopControl.BlockedInput,自動材料条件未満,-
UI.TW.SimpleWorkshopControl.BlockedProduct,自動製品の条件が満たされていません,-
UI.TW.SimpleWorkshopControl.BlockedUser,ユーザー制御条件が満たされていません,-
UI.TW.SimpleWorkshopControl.BlockedPlanting,自動植え付け条件未満,-
UI.TW.SimpleWorkshopControl.BlockedHarvest,収穫に適したものはありません,-
UI.TW.SimpleWorkshopControl.SciencePoints,科学ポイント,-
UI.TW.SimpleWorkshopControl.BotPopulation,ボット人口,-
UI.TW.SimpleWorkshopControl.BeaverPopulation,ビーバーの人口,-
UI.TW.SimpleWorkshopControl.BeaverGlobalPopulation,ビーバー人口、グローバル,-
UI.TW.SimpleWorkshopControl.BeaverDistrictPopulation,ビーバー人口、地区,-
UI.TW.SimpleWorkshopControl.BotGlobalPopulation,ボット人口、グローバル,-
UI.TW.SimpleWorkshopControl.BotDistrictPopulation,「ボット人口、地区」,-
UI.TW.SimpleWorkshopControl.WorkshopControls,ワークショップコントロール,-
UI.TW.SimpleWorkshopControl.Hide,隠す,-
UI.TW.SimpleWorkshopControl.RequireInputs,オート材料,-
UI.TW.SimpleWorkshopControl.UseAutoProducts,オートプロダクツ,-
UI.TW.SimpleWorkshopControl.Controller,ユーザーコントロール:,-
UI.TW.SimpleWorkshopControl.AutoPlanting,自動植栽,-
UI.TW.SimpleWorkshopControl.UseHarvestCheck,収穫可能をチェック,-
UI.TW.SimpleWorkshopControl.NullGoodId,「なし」,-
UI.TW.SimpleWorkshopControl.Percent,パーセント,-
UI.TW.SimpleWorkshopControl.Value,値,-
UI.TW.SimpleWorkshopControl.Invert,反転,-
UI.TW.SimpleWorkshopControl.Start,始める,-
UI.TW.SimpleWorkshopControl.Stop,停止,-
UI.TW.SimpleWorkshopControl.CurrentStock,在庫,-
UI.TW.SimpleWorkshopControl.Capacity,容量,-
UI.TW.SimpleWorkshopControl.InfoHeader,ワークショップコントロール情報,-
UI.TW.SimpleWorkshopControl.AtOrBelow,以下またはそれに等しい,-
UI.TW.SimpleWorkshopControl.AtOrAbove,「以上」,-
UI.TW.SimpleWorkshopControl.Below,下,-
UI.TW.SimpleWorkshopControl.Above,上,-
UI.TW.SimpleWorkshopControl.ZeroCapacityProductWarning,! ゼロ容量の製品; 建物はプライベートストレージが満杯になるまで稼働します。,-
UI.TW.SimpleWorkshopControl.ZeroCapacityIngredientWarning,! ゼロ容量の材料; 制御は利用可能な物資をレシピのニーズに対して比較し、容量のパーセントには比較しません（すべての材料に適用）。,-
UI.TW.SimpleWorkshopControl.GlobalInventoryFallback,利用可能な地区がありません。グローバル在庫を使用します。,-
ModSetting.TWSimpleWorkshopControl.ShowStatusIcons,ステータスアイコンを表示,-
ModSetting.TWSimpleWorkshopControl.ShowStatusIconsDesc,「ブロックされた建物の上にステータスアイコンが表示されます。」,-
ModSetting.TWSimpleWorkshopControl.RequireInputsDefault,自動材料デフォルト,-
ModSetting.TWSimpleWorkshopControl.RequireInputsDefaultDesc,新しく建設された建物は、自動材料が有効の状態で始まります。,-
ModSetting.TWSimpleWorkshopControl.AutoProductsDefault,自動製品のデフォルト,-
ModSetting.TWSimpleWorkshopControl.AutoProductsDefaultDesc,新しく建設された建物は、自動製品が有効の状態で始まります。,-
ModSetting.TWSimpleWorkshopControl.RecipeRequirementStart,自動材料開始デフォルト,-
ModSetting.TWSimpleWorkshopControl.RecipeRequirementStartDesc,「自動材料建物は、すべての材料がグローバル容量のこのパーセントに達したときに開始されます。」,-
ModSetting.TWSimpleWorkshopControl.RecipeRequirementStop,自動材料停止デフォルト,-
ModSetting.TWSimpleWorkshopControl.RecipeRequirementStopDesc,「自動原料建物は、任意の原料がグローバル容量のこのパーセントを下回ると停止します。」,-
ModSetting.TWSimpleWorkshopControl.AutoProductStart,自動製品開始のデフォルト,-
ModSetting.TWSimpleWorkshopControl.AutoProductStartDesc,自動生産施設は、すべての製品がグローバル容量のこのパーセント未満になったときに開始されます。,-
ModSetting.TWSimpleWorkshopControl.AutoProductStop,自動製品停止デフォルト,-
ModSetting.TWSimpleWorkshopControl.AutoProductStopDesc,「自動生産建物は、任意の製品がグローバル容量のこのパーセンテージを超えると停止します」,-
ModSetting.TWSimpleWorkshopControl.UIMinHeight,最小UI高さ,-
ModSetting.TWSimpleWorkshopControl.UIMinHeightDesc,「エンティティパネルでコントロールフラグメントが使用できるスペースの量を制御します」,-
ModSetting.TWSimpleWorkshopControl.UIMaxHeight,最大UI高さ,-
ModSetting.TWSimpleWorkshopControl.UIMaxHeightDesc,「エンティティパネルで制御断片が使用できる領域の最大値を設定します。」,-
ModSetting.TWSimpleWorkshopControl.AutoPlantingDefault,自動植え付けのデフォルト,-
ModSetting.TWSimpleWorkshopControl.AutoPlantingDefaultDesc,新しく建設された建物は、自動植林が有効の状態で始まります。,-
UI.TW.SimpleWorkshopControl.AutoPlantingCooldown,クールダウン：,-
UI.TW.SimpleWorkshopControl.HarvestCheckCooldown,クールダウン：,-
UI.TW.SimpleWorkshopControl.UseGlobalInventory,グローバルインベントリ,-
ModSetting.TWSimpleWorkshopControl.GlobalInventory,「グローバルインベントリを使用」,-
ModSetting.TWSimpleWorkshopControl.GlobalInventoryDesc,「地区在庫の代わりにグローバル在庫を使用します。」,-
ModSetting.TWSimpleWorkshopControl.PerBuildingGlobalInventory,「建物ごとのグローバル在庫」,-
ModSetting.TWSimpleWorkshopControl.PerBuildingGlobalInventoryDesc,各建物でグローバルまたは地区の在庫を選択します。この設定の上にある「グローバル在庫を使用する」設定が新しい建物のデフォルトとして使用されます。,-
ModSetting.TWSimpleWorkshopControl.GoodsMax,「商品スライダー最大」,-
ModSetting.TWSimpleWorkshopControl.GoodsMaxDesc,「ユーザー制御スライダーに許可される最大値」,-
ModSetting.TWSimpleWorkshopControl.PopulationMax,人口スライダー最大,-
ModSetting.TWSimpleWorkshopControl.PopulationMaxDesc,「ユーザー制御スライダーに許可される最大値」,-
ModSetting.TWSimpleWorkshopControl.ScienceMax,「科学スライダー最大」,-
ModSetting.TWSimpleWorkshopControl.ScienceMaxDesc,「ユーザー制御スライダーに対して許可される最大値」,-
ModSetting.TWSimpleWorkshopControl.CheckHarvestableCooldown,収穫可能クールダウンを確認,-
ModSetting.TWSimpleWorkshopControl.CheckHarvestableCooldownDesc,収穫可能な植物がない場合に建物をアクティブのまま維持するためのデフォルトのビーバー時間数。,-
ModSetting.TWSimpleWorkshopControl.harvestCheckDefault,収穫可能デフォルトをチェック,-
ModSetting.TWSimpleWorkshopControl.HarvestCheckDefaultDesc,新しく建設された建物は、収穫可能チェックが有効の状態で始まります。,-
UI.TW.SimpleWorkshopControl.TT.HarvestCheckToggle,「収穫するものがないときはオフにする」,-
UI.TW.SimpleWorkshopControl.TT.HarvestCooldown,「収穫が完了した後、この時間だけアクティブを維持します（ビーバー時間単位）」,-
UI.TW.SimpleWorkshopControl.TT.IncreaseUI,UIの高さを増加,-
UI.TW.SimpleWorkshopControl.TT.DecreaseUI,"UI.TW.SimpleWorkshopControl.TT.DecreaseUI: ""UIの高さを減少させる""",-
UI.TW.SimpleWorkshopControl.TT.HideUI,「作業場の動作制御を隠す」,-
UI.TW.SimpleWorkshopControl.TT.ShowBehaviorInfo,行動デバッグ情報を表示,-
UI.TW.SimpleWorkshopControl.TT.UseGlobalInventory,「グローバルまたは地区の在庫を比較」,-
UI.TW.SimpleWorkshopControl.TT.AutoPlantingToggle,植え付けを行う必要があるときに建物をオンまたはオフにする,-
UI.TW.SimpleWorkshopControl.TT.AutoPlantingCooldown,植え付けが完了した後、この時間だけ活動を続ける（ビーバー時間で）,-
UI.TW.SimpleWorkshopControl.TT.AutoIngredientsToggle,「材料が不足しているときに建物をオフにする」,-
UI.TW.SimpleWorkshopControl.TT.ShowSettings,設定を表示,-
UI.TW.SimpleWorkshopControl.TT.HideSettings,設定を隠す,-
UI.TW.SimpleWorkshopControl.TT.AutoProductsToggle,製品がストップを上回ると建物を停止します,-
UI.TW.SimpleWorkshopControl.TT.UserControlInputChannel,ユーザーコントロール動作に使用する入力チャンネル,-
UI.TW.SimpleWorkshopControl.TT.UserControlInvert,開始位置と停止位置を入れ替える,-
UI.TW.SimpleWorkshopControl.TT.UserPercentDropdown,「開始と停止がパーセンテージか絶対数かを選択してください」,-
UI.TW.UI.TT.Start,開始,-
UI.TW.UI.TT.Stop,停止,-
ModSetting.TWSimpleWorkshopControl.UseToolTips,ツールチップを表示,-
ModSetting.TWSimpleWorkshopControl.UseToolTipsDesc,コントロールの上にカーソルを合わせたときに小さなヘルプウィンドウを表示します（これみたいに！ =^.^= ）,-
ModSetting.TWSimpleWorkshopControl.AutoPlantingFarmCooldown,農場植え付けクールダウン,-
ModSetting.TWSimpleWorkshopControl.AutoPlantingFarmCooldownDesc,「最後の植栽作業が終了した後、自動植栽農場がどれだけのビーバー時間アクティブのままでいるか。」,-
ModSetting.TWSimpleWorkshopControl.AutoPlantingForesterCooldown,伐採者の植林クールダウン,-
ModSetting.TWSimpleWorkshopControl.AutoPlantingForesterCooldownDesc,「最後の植栽作業が終了した後、オート植栽フォレスターが活動し続けるビーバー時間の数。」,-
ModSetting.TWSimpleWorkshopControl.AutoIngredientsZeroCapMultiplier,自動材料ゼロキャップスケール,-
ModSetting.TWSimpleWorkshopControl.AutoIngredientsZeroCapMultiplierDesc,リソースの保管容量がない場合、自動材料はレシピの量にこの数値を掛けたものに対して利用可能な在庫をチェックします（ストレージ容量のパーセンテージに対してではなく）。,-
ModSetting.TWSimpleWorkshopControl.AutoIngredientsIncludeFuel,燃料を含める,-
ModSetting.TWSimpleWorkshopControl.AutoIngredientsIncludeFuelDesc,燃料は必要な材料として含まれます。,-
UI.TW.SimpleWorkshopControl.TT.AutoProductsZeroCapWarning,製品のための収納施設がありません。ゼロ容量ルールを使用中です（情報をクリック）,-
UI.TW.SimpleWorkshopControl.TT.AutoIngredientsZeroCapWarning,「材料の保管施設がありません。ゼロ容量ルールを使用中（詳細をクリック）」,-
ModSetting.TWSimpleWorkshopControl.PriorityHarvestDefault,収穫優先度デフォルト,-
ModSetting.TWSimpleWorkshopControl.PriorityHarvestDefaultDesc,新しく建設された建物は、収穫優先設定が有効になります,-
UI.TW.SimpleWorkshopControl.UsePriorityHarvest,収穫優先度設定器,-
UI.TW.SimpleWorkshopControl.TT.UsePriorityHarvestToggle,最も必要なリソースを自動的に優先設定します。,-
UI.TW.SimpleWorkshopControl.RangeType,スケール,-
ModSetting.TWSimpleWorkshopControl.PerBuildingAutoSliders,「建物ごとの自動スライダー」,-
ModSetting.TWSimpleWorkshopControl.PerBuildingAutoSlidersDesc,チェックすると、各建物の開始/停止値をゲーム内で選択できます。チェックを外すと、すべての建物はモッド設定のデフォルトを使用します。,-
