ID,Text,Comment
LB,-----------------------------------------------------------------,-
GN,装飾,-
ToolGroups.GreedyFolktailCadre,フォークテイル隊,-
ToolGroups.GreedyIronTeethCadre,アイアンティース・カドレ,-
ToolGroups.GreedyEmberpeltCadre,エンバーペルトカドレ,-
ToolGroups.GreedyLeafCoatCadre,リーフコート班,-
ToolGroups.GreedyAmpEarCadre,アンプイヤー・キャドレ,-
ToolGroups.GreedyCopperClawCadre,銅爪中隊,-
ToolGroups.GreedyWhitepawCadre,ホワイトパウ団,-
ToolGroups.GreedyRoutes,ルート,-
ToolGroups.GreedyPlatforms,プラットフォーム,-
ToolGroups.GreedyReservoirs,「貯水池」,-
ToolGroups.GreedyLife,ライフ,-
ToolGroups.GreedyScience,科学,-
ToolGroups.GreedyStorage,ストレージ,-
ToolGroups.GreedyPower,パワー,-
ToolGroups.GreedyDecor,装飾,-
ToolGroups.GreedySteps,ステップ,-
ToolGroups.GreedyLadders,はしご,-
ToolGroups.GreedyBridges,吊り橋,-
ToolGroups.GreedyRopeways,ロープウェイ,-
ToolGroups.GreedyBranches,枝,-
ToolGroups.GreedyWalkways,歩道,-
ToolGroups.GreedyTubewayBridges,トンネルブリッジ,-
ToolGroups.GreedyBoosters,ブースター,-
ToolGroups.GreedyGates,ゲート,-
ToolGroups.GreedyOverhangs,オーバーハング,-
ToolGroups.GreedyMetalPlatforms,メタルプラットフォーム,-
ToolGroups.GreedyOtherPlatforms,他のプラットフォーム,-
ToolGroups.GreedyBombs,土地除去,-
ToolGroups.GreedyTunnels,トンネル,-
ToolGroups.GreedyDammers,ダマー,-
ToolGroups.GreedyLevies,徴収,-
ToolGroups.GreedyLeveeBlocks,堤防ブロック,-
ToolGroups.GreedyLeveeCorners,堤防の角,-
ToolGroups.GreedyLeveeLedges,堤防の縁,-
ToolGroups.GreedyLeveeSlopes,堤防の傾斜,-
ToolGroups.GreedyLevies1xN,レヴィー 1xN,-
ToolGroups.GreedyLevies2xN,レヴィ2xN,-
ToolGroups.GreedyLevies3xN,「徴収物 3xN」,-
ToolGroups.GreedyLandFill,土地埋め立て,-
ToolGroups.GreedyPipes,パイプ,-
ToolGroups.GreedyHousing,住宅,-
ToolGroups.GreedyPumps,ポンプ,-
ToolGroups.GreedyFood,食べ物,-
ToolGroups.GreedyFluids,流体,-
ToolGroups.GreedyFluidSeals,流体シール,-
ToolGroups.GreedyWood,木,-
ToolGroups.GreedyLand,土地,-
ToolGroups.GreedyMetal,メタル,-
ToolGroups.GreedyMinerals,鉱物,-
ToolGroups.GreedyProvisions,備蓄品,-
ToolGroups.GreedyHealth,健康,-
ToolGroups.GreedySocial,社会,-
ToolGroups.GreedyDesires,願望,-
ToolGroups.GreedyLeisure,レジャー,-
ToolGroups.GreedyResearchers,研究者,-
ToolGroups.GreedyBotAssembly,ボット組立,-
ToolGroups.GreedyBotSupport,ボットサポート,-
ToolGroups.GreedyPiles,「山積み」,-
ToolGroups.GreedyTanks,タンク,-
ToolGroups.GreedyWarehouses,「倉庫」,-
ToolGroups.GreedyShafts,シャフト,-
ToolGroups.GreedyPowerWheels,パワーホイール,-
ToolGroups.GreedyFluidWheels,流動ホイール,-
ToolGroups.GreedyWindmills,風車,-
ToolGroups.GreedyEngines,エンジン,-
ToolGroups.GreedyBatteries,バッテリー,-
ToolGroups.GreedyLights,ライト,-
ToolGroups.GreedyCovers,カバー,-
ToolGroups.GreedyFigures,フィギュア,-
ToolGroups.GreedyHurdles,ハードル,-
ToolGroups.GreedyBanners,バナー,-
ToolGroups.GreedyAwe,感嘆,-
ToolGroups.GreedyBlockDecor,ブロック装飾,-
ToolGroups.GreedyDecorBlocks,装飾ブロック,-
ToolGroups.GreedyDecorCorners,装飾コーナー,-
ToolGroups.GreedyDecorLedges,装飾の ledge,-
ToolGroups.GreedyDecorSlopes,装飾スロープ,-
ToolGroups.GreedyDecorOther,他の装飾,-
