ID,Text,Comment
LV.MW.WeatherStart,{0}が始まりました,-
LV.MW.WeatherEnd,{0} が終了しました,-
LV.MW.WeatherApproaching,{0} が接近中,-
LV.MW.WeatherInProgress,{0}進行中,-
LV.MW.EnableWeather,有効にする,-
LV.MW.EnableWeatherDesc,この天候が出現することが許可されているかどうか。,-
LV.MW.StartCycle,サイクル開始,-
LV.MW.StartCycleDesc,「この天候が発生する最小サイクル」,-
LV.MW.Chance,チャンス,-
LV.MW.ChanceDesc,天候を決定する際にこの天候が発生する重み付き確率,-
LV.MW.MinDay,最小日数,-
LV.MW.MinDayDesc,この天候が発生する最小の日です。,-
LV.MW.MaxDay,最大日数,-
LV.MW.MaxDayDesc,この天候が発生する最大の日。,-
LV.MW.HandicapPerc,ハンディキャップ割合,-
LV.MW.HandicapPercDesc,この天候が初めて発生する時、その持続時間はこの割合によって倍増されます。,-
LV.MW.HandicapCycles,障害者サイクル,-
LV.MW.HandicapCyclesDesc,「天候が完全（100%）の持続時間に到達するまでのサイクル数。」,-
LV.MW.Rain,雨,-
LV.MW.Monsoon,モンスーン,-
LV.MW.SurprisinglyRefreshing,驚くほどリフレッシュできる,-
LV.MW.MonsoonMultiplier,モンスーン最大倍率,-
LV.MW.MonsoonMultiplierDesc,"モンスーン天候の最大追加乗数の最大値。この値は、期間のようなハンディキャップに影響されます。  
デフォルト値：350（％）は、ハンディキャップが適用されない場合（デフォルトサイクル5）、すべての水源の強度が350％であることを意味します。",-
LV.MW.Profiles,プロファイル,-
LV.MW.ProfilesDesc,設定のエクスポートとインポート。設定をインポートした後にすべてが正しく適用されることを確認するために、セーブを行い、その後に再読み込みすることをお勧めします。,-
LV.MW.ProfileImport,インポート,-
LV.MW.ProfileExport,エクスポート,-
LV.MW.ProfileError,エラーが発生しました: {0},-
LV.MW.TemperateDesc,ゲームのデフォルトの温帯天候。効果はありません。,-
LV.MW.DroughtDesc,ゲームのデフォルトの危険な干ばつの天候です。水源が水を生産しなくなります。,-
LV.MW.BadtideDesc,ゲームのデフォルトの危険な悪潮の天候。すべての水源が悪水を生成します。,-
LV.MW.RainDesc,"優しい天候。効果：
- すべてのタイルが水やりされ、土地の汚染は発生しません。
- ビーバーが建物にいない場合、湿った毛皮が適用されます。
- 通常の温帯季節より25％短い（デフォルト設定）。",-
LV.MW.MonsoonDesc,危険な天候。すべての水源は出力を増加させ、最大350%まで制限が適用されます。モンスーン修飾子を介して設定可能です。,-
LV.MW.SurprisinglyRefreshingDesc,「'危険な'天候で悪影響なし。すべての水源が淡水を生産します。非常に短い。」,-
LV.MW.EnableModifier,{0} 天候修正を有効化,-
LV.MW.EnableModifierDesc,{0} 天気修飾子を有効にする,-
LV.MW.AssociatedWeathers,関連する天候：,-
LV.MW.AssociatedWeathersDesc,この修正子の影響を受ける天候,-
LV.MW.EmptyBenignWeather,穏やかな天候はありません,-
LV.MW.EmptyHazardousWeather,危険な天候はありません,-
LV.MW.ModifierWeatherSettings,天候設定,-
LV.MW.ModifierForWeather,天候 {0} 用：,-
LV.MW.ModifierWeatherEnabled,有効,-
LV.MW.ModifierWeatherEnabledDesc,この修飾子がこの天候に対して表示されるかどうか,-
LV.MW.ModifierWeatherChance,確率,-
LV.MW.ModifierWeatherChanceDesc,「この天候が発生したときにこの修飾子が発生する確率」,-
LV.MW.ModifierStartCycle,サイクル開始,-
LV.MW.ModifierStartCycleDesc,この天候に対してこの修飾子が発生する最小サイクル,-
LV.MW.ShowSettings,天候設定,-
LV.MW.SettingsNote,"設定の変更は次の天候サイクルまで適用されません。
<YellowHighlight>- 編集する前にセーブを作成するべきです。
- 編集後にそのセーブを読み込むべきです。</YellowHighlight>",-
LV.MW.Filters,フィルター：,-
LV.MW.BenignWeather,穏やかな天気,-
LV.MW.HazardousWeather,危険な気象,-
LV.MW.Weathers,天候,-
LV.MW.WeatherModifiers,天候修正器,-
LV.MW.NoSettings,この天候には設定を構成するオプションがありません。,-
LV.MW.BadtideModifier,バッドタイド,-
LV.MW.BadtideModifierDesc,「すべての水源から悪水が生じる。」,-
LV.MW.DroughtModifier,干ばつ,-
LV.MW.DroughtModifierDesc,「すべての水源が水の生成を停止します。」,-
LV.MW.RainModifier,雨,-
LV.MW.RainModifierDesc,すべてのタイルが水やりされ、土地の汚染は発生せず、ビーバーが建物にいないときに湿った毛皮が適用されます。,-
LV.MW.MonsoonModifier,モンスーン,-
LV.MW.MonsoonModifierDesc,すべての水源の出力が最大値まで増加します。,-
LV.MW.RefreshingModifier,リフレッシング,-
LV.MW.RefreshingModifierDesc,すべての水源が淡水を生成します。,-
LV.MW.NewStageNotf,サイクル {0}、ステージ {1} が始まります,-
LV.MW.EffNotf,効果: {0},-
LV.MW.RainEff,雨の視覚効果,-
LV.MW.RainEffDesc,"キー名: LV.MW.RainEffDesc - 翻訳文: ""雨の視覚効果設定を変更します。これらの設定はゲームプレイには影響しません。雨の効果は多くの天候に共有されます。これらの設定はグローバルであり（セーブごとではなく）、プロフィールと一緒にエクスポート/インポートされることはありません。

雨の効果はいつでも調整または無効にできますが、再度有効にするには、セーブを再読み込みしてください。""",-
LV.MW.RainEffEnable,効果を有効にする,-
LV.MW.RainEffIntensity,雨の強さ,-
LV.MW.RainEffIntensityDesc,雨の視覚効果の強度を調整します（マップセルあたりの粒子数）。デフォルトは0.2です。,-
LV.MW.RainEffMaxParticles,最大雨粒子,-
LV.MW.RainEffMaxParticlesDesc,画面上の雨粒の最大数を調整します。デフォルトは1000です。,-
LV.MW.SettingsDisabled,<RedHighlight>[無効]</RedHighlight>,-
LV.MW.UnknownWeather,不明な天候ID: {0},-
LV.MW.SettingsLocked,<RedHighlight>[天候によってロックされています]</RedHighlight>,-
LV.MW.CycleStages,サイクルステージ,-
LV.MW.CycleStagesDesc,各サイクルの異なるステージを設定します。このモッドを使用すると、各サイクルに好きなだけのステージを持つことができます。,-
LV.MW.StageAdd,ステージを追加,-
LV.MW.StageRemove,段階を削除,-
LV.MW.StageUp,"キー名: LV.MW.StageUp - 翻訳されたテキスト: ""移動アップ""",-
LV.MW.StageDown,下に移動,-
LV.MW.StageSkipChance,スキップ確率 (%),-
LV.MW.StageSkipChanceDesc,このサイクルを決定する際に、このステージがスキップされる確率,-
LV.MW.StageBenignChance,穏やかな天候の確率,-
LV.MW.StageBenignChanceDesc,この段階で穏やかな天候が発生する確率,-
LV.MW.LengthMul,長さ倍率（％）,-
LV.MW.LengthMulDesc,「天候の持続時間が決定されると、このステージはその持続時間にこの値を掛け算します。」,-
LV.MW.StageIndex,ステージ {0},-
LV.MW.GenericSettings,一般設定,-
LV.MW.AlwaysShowHazDur,「常に危険な天候の持続時間を表示」,-
LV.MW.AlwaysShowHazDurDesc,有効にすると、危険な天候の持続時間が常に天候パネルに表示されます（ゲームのデフォルトの動作）。無効にすると、次の天候が始まる3日前までしかわかりません。,-
LV.MW.GlobalSettings,グローバル設定,-
LV.MW.GlobalSettingsDesc,これらの設定は全体に適用され、すべてのセーブに影響します。,-
LV.MW.NoNewSetting,新しいゲームダイアログはありません,-
LV.MW.NoNewSettingDesc,「新しいゲームを開始する際に天候設定ダイアログを表示しない。」,-
