ID,Text,Comment
LV.OB.KeyBindingOpen,옴니바: 열기,-
LV.OB.KeyBindingUp,옴니바: 위로 이동,-
LV.OB.KeyBindingDown,옴니바: 아래로 이동,-
LV.OB.KeyBindingOpenToDo,옴니바: 할 일 목록 관리,-
LV.OB.Cursor,커서 도구,-
LV.OB.TodoList,작업 목록,-
LV.OB.TodoListEmpty,항목 없음,-
LV.OB.ManageTodo,관리,-
LV.OB.TodoListAdd,새로 추가,-
LV.OB.TodoListRemove,제거하다,-
LV.OB.TodoListCompleted,완료됨,-
LV.OB.TodoListCompletedNote,이 항목을 완료로 표시하려면 체크하세요,-
LV.OB.TodoListPinned,고정됨,-
LV.OB.TodoListPinnedNote,리스트에 이 항목을 표시하려면 체크하세요,-
LV.OB.ClearCompleted,완료된 항목 지우기,-
LV.OB.NoItemSelected,항목을 선택해 주세요,-
LV.OB.RemoveConfirm,이 항목을 제거하시겠습니까?,-
LV.OB.ClearCompletedConfirm,완료된 항목을 삭제하시겠습니까?,-
LV.OB.NewEntryTitle,제목 없음,-
LV.OB.TodoTitle,제목,-
LV.OB.TodoNote,노트,-
LV.OB.TodoTimer,타이머,-
LV.OB.TodoTimerReset,타이머 초기화,-
LV.OB.TodoBuilding,건물,-
LV.OB.TodoBuildingQuantity,수량:,-
LV.OB.TodoBuildings,건물,-
LV.OB.TodoShowBuildingDetails,건물 세부정보 보기,-
LV.OB.Total,총합,-
LV.OB.Delete,삭제,-
LV.OB.AddToTodoList,할 일 항목 생성,-
LV.OB.AppendToTodoList,기존 할 일 항목에 추가,-
LV.OB.CommandAddTodo,할 일 목록에 추가,-
LV.OB.BatchControlDesc,{0} 정착지 관리 열기,-
LV.OB.CommandDescManage,정착지 관리 열기 (예: /manage Housing),-
LV.OB.CommandDescMath,게임 내 빠른 계산기 (예: =1+2^3),-
LV.OB.CommandDescFind,"이름으로 비버, 로봇 또는 어떤 것이라도 찾으십시오. '더 많은 이름 지정' 모드와 함께 사용할 수 있습니다.",-
LV.OB.CommandDescTodo,할 일 목록 항목 추가. 구문: {0} [{1}] [할 일 제목],-
