ID,Text,Comment
LV.BuffDebuffDemo.PositiveBuff,오늘의 긍정 효과,-
LV.BuffDebuffDemo.PositiveBuffDesc,오늘 당신의 비버들이 기분이 좋습니다,-
LV.BuffDebuffDemo.NegativeBuff,오늘의 부정적인 효과,-
LV.BuffDebuffDemo.NegativeBuffDesc,당신의 비버들이 오늘 기분이 좋지 않습니다,-
LV.BuffDebuffDemo.LuckyBuff,무작위 버프,-
LV.BuffDebuffDemo.LuckyBuffDesc,오늘 너의 비버들은 행운을 느끼고 있어 (혹은 불행을 느끼고 있어),-
LV.BuffDebuffDemo.SpeedBuffEffectDesc,이동 속도: {0},-
