ID,Text,Comment
TerrainTools.ToolGroupButton.Label,추가 지형 도구,-
TerrainTools.KeyBindingGroup.Label,지형 도구,-
TerrainTools.Keybinding.Undo,되돌리기,-
TerrainTools.Keybinding.FastUndo,되돌리기 x 5,-
TerrainTools.Keybinding.Redo,다시 실행,-
TerrainTools.Keybinding.FastRedo,다시 실행 x 5,-
TerrainTools.Keybinding.CycleMode,주기 모드,-
TerrainTools.Keybinding.Selection.PosUp,선택 영역 위로 이동,-
TerrainTools.Keybinding.Selection.PosDown,선택 아래로 이동,-
TerrainTools.Keybinding.Selection.PosForward,선택을 앞으로 이동,-
TerrainTools.Keybinding.Selection.PosBack,선택을 뒤로 이동,-
TerrainTools.Keybinding.Selection.PosLeft,선택 이동 왼쪽,-
TerrainTools.Keybinding.Selection.PosRight,선택 이동 오른쪽,-
TerrainTools.Keybinding.Selection.HeightUp,선택 높이 올리기,-
TerrainTools.Keybinding.Selection.HeightDown,선택 높이 낮추기,-
TerrainTools.Keybinding.Selection.Copy,선택 복사,-
TerrainTools.Keybinding.Selection.Cut,선택 잘라내기,-
TerrainTools.Keybinding.Selection.Paste,선택 붙여넣기,-
TerrainTools.Keybinding.Selection.RotateCW,선택 회전 시계 방향,-
TerrainTools.Keybinding.Selection.RotateCCW,선택 회전 반시계 방향,-
TerrainTools.Keybinding.Selection.Flip,선택 뒤집기,-
TerrainTools.Keybinding.Selection.Reset,선택 초기화,-
TerrainTools.Common.Button.Apply,적용,-
TerrainTools.Common.Button.Reset,재설정,-
TerrainTools.Heightmap.Tool.Title,높이 맵 생성기,-
TerrainTools.Heightmap.Tool.Warning,변경 사항은 전체 맵에 영향을 미칩니다,-
TerrainTools.Heightmap.Button.Generate,생성,-
TerrainTools.Heightmap.Checkbox.ClearObjects,기존 객체 지우기,-
TerrainTools.Heightmap.Generate.Hint,지형을 업데이트하려면 {0}을(를) 클릭하세요.,-
TerrainTools.Heightmap.Generate.Warning,{0}가 삭제됩니다. 이 작업은 실행 취소할 수 없습니다.,-
TerrainTools.Heightmap.Clear.WaterSourcesOnly,모든 수원,-
TerrainTools.Heightmap.Clear.All,모든 객체,-
TerrainTools.Heightmap.Status.Idle,대기 중,-
TerrainTools.Heightmap.Status.Generating,생성 중,-
TerrainTools.Heightmap.Seed.Label,씨앗,-
TerrainTools.Heightmap.Seed.Lock.Label,잠금,-
TerrainTools.Heightmap.Slider.LOD,세부 수준,-
TerrainTools.Heightmap.Slider.Amplitude,진폭,-
TerrainTools.Heightmap.Slider.Frequency,주파수,-
TerrainTools.Heightmap.Slider.Crest,정점 형태,-
TerrainTools.Heightmap.Slider.Base,기본 형태,-
TerrainTools.Heightmap.Slider.Mean,평균 높이,-
TerrainTools.Heightmap.Slider.Min,최소 높이,-
TerrainTools.Heightmap.Slider.Max,최대 높이,-
TerrainTools.Heightmap.Slider.PeriodX,주기 X,-
TerrainTools.Heightmap.Slider.PeriodY,주기 Y,-
TerrainTools.PathPainter.Tool.Title,경로 그리기 도구,-
TerrainTools.PathPainter.Tool.Description,선을 사용하여 지형을 조정하세요,-
TerrainTools.PathPainter.Tip.AddMove,{0} = 점 추가 또는 이동,-
TerrainTools.PathPainter.Tip.DeleteHovered,{0} = 호버된 포인트 제거,-
TerrainTools.PathPainter.Tip.DeleteMultiple,{0} (길게 누르기) = 포인트 삭제,-
TerrainTools.PathPainter.Curve.Button.Line,라인,-
TerrainTools.PathPainter.Curve.Button.Continuous,연속적,-
TerrainTools.PathPainter.Curve.Toggle.SingleSegment,단일 세그먼트,-
TerrainTools.PathPainter.Curve.Toggle.DrawEndCaps,부드러운 끝,-
TerrainTools.PathPainter.Curve.Slider.Distance,거리,-
TerrainTools.PathPainter.ToggleText.Symmetry,대칭,-
TerrainTools.PathPainter.ToggleText.Symmetry.On,활성화됨,-
TerrainTools.PathPainter.ToggleText.Symmetry.Off,비활성화,-
TerrainTools.PathPainter.Button.ClearAll,경로 지우기,-
TerrainTools.Smoothing.Tool.Title,부드럽게 하는 붓,-
TerrainTools.Smoothing.Slider.Brush.Size,붓 크기,-
TerrainTools.Smoothing.Slider.Sample.Size,샘플 크기,-
TerrainTools.Smoothing.Slider.Force,힘,-
TerrainTools.Smoothing.ToggleGroup.Shape,브러시 모양,-
TerrainTools.Smoothing.Shape.Square,정사각형,-
TerrainTools.Smoothing.Shape.Circle,원형,-
TerrainTools.MoundMaker.Tool.Title,언덕 제작기,-
TerrainTools.MoundMaker.Hint.CycleSeed,{0} = 사이클 시드,-
TerrainTools.MoundMaker.Hint.DigMode,{0} (길게 누르기) = 굴착 모드,-
TerrainTools.MoundMaker.Header.Shape,형태,-
TerrainTools.MoundMaker.Slider.PeakHeight,정점 높이,-
TerrainTools.MoundMaker.Slider.MaxChange,최대 변화,-
TerrainTools.MoundMaker.Header.RadialNoise,방사형 소음,-
TerrainTools.MoundMaker.Slider.Radial.Scale,크기,-
TerrainTools.MoundMaker.Slider.Radial.Frequency,주파수,-
TerrainTools.MoundMaker.Slider.Radial.Detail,상세,-
TerrainTools.MoundMaker.Header.VerticalNoise,수직 소음,-
TerrainTools.MoundMaker.Slider.Vertical.Amplitude,진폭,-
TerrainTools.MoundMaker.Slider.Vertical.Frequency,주파수,-
TerrainTools.MoundMaker.Slider.Vertical.Detail,세부 사항,-
TerrainTools.MoundMaker.Checkbox.Randomize,무작위화,-
TerrainTools.MoundMaker.Seed.Label,씨앗,-
TerrainTools.CloneTool.Title,선택 편집기,-
TerrainTools.CloneTool.Description,"복사, 자르기, 회전, 뒤집기 및 붙여넣기",-
TerrainTools.CloneTool.InputGroup.Select,지역 선택,-
TerrainTools.CloneTool.InputGroup.Cancel,취소,-
TerrainTools.CloneTool.InputGroup.HeightSelect,높이 선택,-
TerrainTools.CloneTool.InputGroup.Confirm,확인,-
TerrainTools.CloneTool.InputGroup.MoveSelection,이동,-
TerrainTools.CloneTool.InputGroup.Cut,컷,-
TerrainTools.CloneTool.InputGroup.Copy,복사,-
TerrainTools.CloneTool.InputGroup.Paste,붙여넣기,-
TerrainTools.CloneTool.InputGroup.Rotate,회전,-
TerrainTools.CloneTool.InputGroup.Flip,뒤집기,-
TerrainTools.CloneTool.InputGroup.PositionTrim,위치 다듬기,-
TerrainTools.CloneTool.InputGroup.HeightTrim,높이 다듬기,-
TerrainTools.CloneTool.InputGroup.Reset,리셋,-
TerrainTools.CloneTool.InputDesciption.LeftClick,왼쪽 클릭,-
TerrainTools.CloneTool.InputDesciption.RightClick,오른쪽 클릭,-
TerrainTools.CloneTool.InputDesciption.ClickAndDrag,클릭하고 드래그,-
TerrainTools.CloneTool.InputDesciption.MouseScroll,마우스 스크롤,-
TerrainTools.CloneTool.InputDesciption.Hold,길게 누르기,-
TerrainTools.CloneTool.ToolTip.Start,기본 선택,-
TerrainTools.CloneTool.ToolTip.Base,기본 선택,-
TerrainTools.CloneTool.ToolTip.Height,높이 선택,-
TerrainTools.CloneTool.ToolTip.MoveApply,선택 완료,-
TerrainTools.CloneTool.Error.NoText,오류 - 텍스트 없음,-
TerrainTools.CloneTool.Option.IncludeAirBlocks,빈 블록 복사,-
TerrainTools.CloneTool.Option.IncludeStackedBlocks,쌓인 물체 복사,-
TerrainTools.PathPainter.Curve.Button.3Points,3 포인트,-
TerrainTools.PathPainter.Curve.Button.4Points,4점,-
