ID,Text,Comment
ToolGroups.Billboards,대부분 유용한 광고판,-
Lapantouflemagic.Billboard.Description,표시할 확실히 유용한 메시지,-
Lapantouflemagic.VitalBillboard.Description,화이트파우스에게 실제로 중요한 중요 정보를 제공합니다.,-
Lapantouflemagic.ComuBillboard.Description,다른 모드에 대한 부끄러운 광고,-
Lapantouflemagic.Commuboardgroup.DisplayName,모딩 커뮤니티 광고판,-
Lapantouflemagic.Lolboards.DisplayName,이 선택을 후회하지 않을 거예요,-
Lapantouflemagic.VitalboardGroup.DisplayName,화이트파우스에 대한 중요한 정보,-
Lapantouflemagic.Foodboardgroup.DisplayName,음식 관련 광고판. 일부는 실제 효과가 있습니다.,-
Billboards.Glory.DisplayName,영광,-
Billboards.Power.DisplayName,전력,-
Billboards.PowerDeath.DisplayName,배고픈 괴물에게 잡아먹혔습니다,-
Lapantouflemagic.Carrotboard.DisplayName,당근 광고판,-
Lapantouflemagic.Carrotboard.Description,"주변 비버들이 당근을 먹을 확률을 높입니다
<color=red>이것은 당근 필요를 줄입니다</color>
즉, 비버들이 이를 채우기 위해 더 많은 당근을 먹게 됩니다.",-
Lapantouflemagic.Potatoboard.DisplayName,감자 광고판,-
Lapantouflemagic.Potatoboard.Description,"근처의 비버들이 감자를 먹을 가능성을 높입니다
<color=red>이것은 감자 필요를 줄입니다</color>
즉, 비버들이 이를 채우기 위해 더 많은 감자를 먹게 됩니다",-
Lapantouflemagic.Shroomboard.DisplayName,버섯 게시판,-
Lapantouflemagic.Shroomboard.Description,"주변 비버들이 버섯을 먹을 가능성을 높입니다.
<color=red>이것은 버섯에 대한 필요를 줄입니다</color>
즉, 비버들이 이를 채우기 위해 더 많은 버섯을 먹게 됩니다.",-
Lapantouflemagic.Sunboard.DisplayName,해바라기 광고판,-
Lapantouflemagic.Sunboard.Description,"주변의 비버들이 해바라기 씨를 먹을 가능성을 높입니다
<color=red>이것은 해바라기 씨 필요량을 줄입니다</color>
즉, 비버들은 이를 채우기 위해 더 많은 해바라기 씨를 먹을 것입니다.",-
Lapantouflemagic.Wheatboard.DisplayName,밀 광고판,-
Lapantouflemagic.Wheatboard.Description,"주변 비버들이 빵을 먹을 가능성을 높입니다
<color=red>이것은 빵의 필요량을 줄입니다</color>
즉, 비버들은 이를 채우기 위해 더 많은 빵을 먹게 됩니다.",-
Lapantouflemagic.Cattailboard.DisplayName,갈대 광고판,-
Lapantouflemagic.Cattailboard.Description,"인근 비버들이 부들 과자를 더 많이 먹도록 만듭니다.
<color=red>이것은 부들 과자 필요성을 감소시킵니다</color>
즉, 비버들은 이를 채우기 위해 부들 과자를 더 많이 먹게 됩니다.",-
Lapantouflemagic.Spadderdockboard.DisplayName,스파더독 광고판,-
Lapantouflemagic.Spadderdockboard.Description,"주변 비버들이 스패더독을 먹을 확률을 높입니다.
<color=red>이것은 스패더독 필요를 줄입니다</color>
즉, 비버들이 이를 채우기 위해 더 많은 스패더독을 먹을 것입니다.",-
Lapantouflemagic.BadorderBoard.DisplayName,잘못된 주문,-
Lapantouflemagic.GoodorderBoard.DisplayName,올바른 순서,-
Lapantouflemagic.AwfulBoard.DisplayName,끔찍한 스튜에 대하여,-
Lapantouflemagic.PileplatformBoard.DisplayName,그것을 할 수 있습니다,-
Lapantouflemagic.ShaftBoard.DisplayName,전력 연결 방법,-
Lapantouflemagic.FarmUpgradeBoard.DisplayName,농장 업그레이드 보드,-
Lapantouflemagic.WaterpumpUpgradeBoard.DisplayName,물펌프 업그레이드 보드,-
Lapantouflemagic.GiantTankBoard.DisplayName,거대한 매립 탱크 보드,-
Lapantouflemagic.MediumMineBoard.DisplayName,중간 광산 보드,-
Lapantouflemagic.SmallMineBoard.DisplayName,소규모 광산 판넬,-
Lapantouflemagic.CautionModdersBoard.DisplayName,Thorlak 제작자 주의 표지판,-
Lapantouflemagic.ChoochooBoard.DisplayName,토베르트의 추추 모드,-
Lapantouflemagic.LadderBoard.DisplayName,토버트의 사다리,-
Lapantouflemagic.MoreplatformsBoard.DisplayName,"토베르트의 더 많은 플랫폼, 애니씽의 서명",-
Lapantouflemagic.PathextensionBoard.DisplayName,Knatte_Anka의 경로 확장,-
Lapantouflemagic.VillagesquareBoard.DisplayName,Lapantouflemagic의 마을 광장 (저),-
Lapantouflemagic.VillagesquareBoard.Description,오래동안 이 작업을 하지 않았어요,-
Lapantouflemagic.Waterbeaverboard.DisplayName,Lapantouflemagic(내가 만든) 물 비버 개편,-
Lapantouflemagic.WaterextensionBoard.DisplayName,Knatte_Anka의 경로 확장,-
Lapantouflemagic.CategorybuttonBoard.DisplayName,토베르트의 카테고리 버튼,-
Lapantouflemagic.CategorybuttonBoard.Description,이 모드를 설치하지 않고 이 글을 읽고 있다면 당신의 고통을 상상할 수 있습니다.,-
Lapantouflemagic.BillboardBoard.DisplayName,Lapantouflemagic (저) 의 광고판,-
Lapantouflemagic.BillboardBoard.Description,보드ception입니다!,-
Lapantouflemagic.SteelBoard.DisplayName,더 많은 모루를 얻는 방법,-
Lapantouflemagic.POWER.Description,끔찍한 결과가 초래될 수 있습니다.,-
Lapantouflemagic.WashingMashine.DisplayName,비버를 씻기세요,-
Lapantouflemagic.ModularUpgradeBoard.DisplayName,모듈식 업그레이드,-
Lapantouflemagic.Carrotboard_deco.DisplayName,장식 당근 게시판,-
Lapantouflemagic.Carrotboard_deco.Description,농장을 보기 좋게 만들기 위해,-
Lapantouflemagic.Potatoboard_deco.DisplayName,장식 감자 광고판,-
Lapantouflemagic.Potatoboard_deco.Description,농장이 멋져 보이도록 하기 위해서입니다,-
Lapantouflemagic.Shroomboard_deco.DisplayName,장식용 버섯 광고판,-
Lapantouflemagic.Shroomboard_deco.Description,농장을 보기 좋게 꾸미기 위해서입니다.,-
Lapantouflemagic.Sunboard_deco.DisplayName,장식용 해바라기 광고판,-
Lapantouflemagic.Sunboard_deco.Description,"그저 당신의 농장을 더 멋지게 보이게 하기 위해서입니다.
어차피 그런 것들에 질린 사람이 없겠죠?",-
Lapantouflemagic.Wheatboard_deco.DisplayName,장식용 밀 광고판,-
Lapantouflemagic.Wheatboard_deco.Description,그들이 제대로 된 바게트를 만들 수 있길 바란다,-
Lapantouflemagic.Cattailboard_deco.DisplayName,장식용 타로겟 광고판,-
Lapantouflemagic.Cattailboard_deco.Description,지금 하나 먹고 싶어.,-
Lapantouflemagic.Spadderdockboard_deco.DisplayName,장식용 스패더독 광고판,-
Lapantouflemagic.Spadderdockboard_deco.Description,당신의 농장을 아름답게 꾸며주기 위해,-
Lapantouflemagic.Watertight1Board.DisplayName,수밀성 건축하기,-
Lapantouflemagic.MathBoard1.DisplayName,굶주리지 않는 방법,-
Lapantouflemagic.MathBoard2.DisplayName,갈증으로 죽지 않는 방법,-
Lapantouflemagic.Billboard1.DisplayName,너무 쉬워?,-
Lapantouflemagic.Billboard2.DisplayName,곧 돌아올 것입니다,-
Lapantouflemagic.Billboard3.DisplayName,그가 했다,-
Lapantouflemagic.Billboard4.DisplayName,"아니요, 저는 그렇지 않아요",-
Lapantouflemagic.Billboard5.DisplayName,완벽한 요약,-
Lapantouflemagic.Billboard6.DisplayName,우리의 주님과 구원자들,-
Lapantouflemagic.Billboard7.DisplayName,"가세요, 시도해 보세요",-
Lapantouflemagic.Billboard8.DisplayName,화려한,-
Lapantouflemagic.Billboard9.DisplayName,호주에 없음,-
Lapantouflemagic.Billboard10.DisplayName,혹시 모르니,-
Lapantouflemagic.Billboard11.DisplayName,카플로위,-
Lapantouflemagic.Billboard12.DisplayName,위대한 인간,-
Lapantouflemagic.Billboard13.DisplayName,그럴 것이라고 확신해요,-
Lapantouflemagic.Billboard14.DisplayName,우리 모두 그래,-
Lapantouflemagic.Billboard15.DisplayName,모딩이 도움이 될 수 있습니다,-
Lapantouflemagic.Billboard16.DisplayName,광고판 N°16,-
Lapantouflemagic.Billboard17.DisplayName,광고판 N°17,-
Lapantouflemagic.Billboard18.DisplayName,빌보드 N°18,-
Lapantouflemagic.Billboard19.DisplayName,광고판 N°19,-
