ID,Text,Comment
kulesz.Building.FireworkLauncher.DisplayName,폭죽 발사기,-
kulesz.Building.FireworkLauncher.Description,불꽃놀이를 발사합니다.,-
kulesz.Building.FireworkLauncher.FlavorDescription,하늘을 봐!,-
kulesz.Fireworks.AdvancedSettings,고급 설정 표시,-
kulesz.Fireworks.Button.Launch,발사,-
kulesz.Fireworks.Button.LaunchAll,준비된 모든 발사,-
kulesz.Fireworks.Button.LaunchInProgress,발사 중: {0}발 남음 (다음 발사는 {1}초 후),-
kulesz.Fireworks.ExtraTime,추가 비행 시간 [s],-
kulesz.Fireworks.Heading.Header,제목 [°],-
kulesz.Fireworks.HeadingChange,각 발사 후 방향 변화 [°],-
kulesz.Fireworks.LaunchDelay,발사 지연 [초],-
kulesz.Fireworks.Pitch.Header,피치 [°],-
kulesz.Fireworks.PitchChange,각 발사 후 피치 변화 [°],-
kulesz.Fireworks.ShotCount,폭죽 수,-
kulesz.Fireworks.ShotInterval,발사 간격 [초],-
kulesz.Fireworks.Type,타입,-
kulesz.Fireworks.Type.CometBlue,코멧 (파란색),-
kulesz.Fireworks.Type.CometRed,혜성 (붉은색),-
kulesz.Fireworks.Type.CometWhite,혜성 (흰색),-
kulesz.Fireworks.Type.Fish,물고기,-
kulesz.Fireworks.Type.Sparks,스파크,-
kulesz.Fireworks.Type.KamuroBlue,카무로 (파랑),-
kulesz.Fireworks.Type.KamuroOrange,카무로 (오렌지),-
kulesz.Fireworks.Type.KamuroPink,카무로 (핑크),-
kulesz.Fireworks.Type.KamuroRed,카무로 (빨강),-
kulesz.Fireworks.Type.KamuroWhite,카무로 (흰색),-
kulesz.Fireworks.Type.PalmBlue,팔므 (파란색),-
kulesz.Fireworks.Type.PalmGold,야자수 (금),-
kulesz.Fireworks.Type.PalmGreen,야자수 (녹색),-
kulesz.Fireworks.Type.PeonyRedBlue,피오니 (빨강 & 파랑),-
kulesz.Fireworks.Type.PeonyViolet,"작품명: ""작약 (보라색)""",-
kulesz.Fireworks.Type.PeonyYellowGreen,작약 (노란색 & 초록색),-
kulesz.Fireworks.Type.Willow,버드나무,-
kulesz.KeyBinding.LaunchAll,모두 발사,-
kulesz.KeyBindingGroup.Fireworks,폭죽,-
kulesz.Status.Fireworks.NotFull,불꽃놀이를 발사할 폭발물이 재고에 없습니다.,-
