ID,Text,Comment
LV.SE.Enabled,활성화됨,-
LV.SE.EnabledDesc,매 x일마다 저장할지 여부. '특별 첫 사이클 하루' 및 '날씨 경고 시 추가 저장' 옵션에는 영향을 주지 않습니다.,-
LV.SE.SaveFrequency,자동 저장 빈도(일),-
LV.SE.SaveFrequencyDesc,이 모드가 얼마나 자주 자동 저장되어야 하는지.,-
LV.SE.SaveCount,자동 저장 횟수,-
LV.SE.SaveCountDesc,자동 저장을 몇 개 보관해야 하는지.,-
LV.SE.SaveWeatherWarning,날씨 경고에 대한 추가 저장,-
LV.SE.SaveWeatherWarningDesc,"날씨 경고가 발령될 때, 'weatherwarning.save'라는 이름의 추가 저장을 생성하며, 이 저장은 다음 사이클의 경고로만 덮어씌워집니다. 이 저장은 저장 개수에 포함되지 않습니다.",-
LV.SE.AutosaveWarning,자동 저장 전에 경고,-
LV.SE.AutosaveWarningDesc,게임이 자동 저장되기 전에 미리 경고를 표시합니다. 이는 자동 저장 시 게임이 끊기는 것을 싫어하는 플레이어에게 유용합니다.,-
LV.SE.AutosaveWarningText,자동 저장이 {0} 시간 후에 진행됩니다!,-
LV.SE.AutosaveDoneText,게임이 자동 저장되었습니다 (매일 저장)!,-
LV.SE.AutoSaveFilename,자동 저장 파일 이름,-
LV.SE.AutoSaveFilenameDesc,"자동 저장을 위한 사용자 지정 파일 이름입니다. 이를 사용할 경우, 자동 삭제를 위해 끝에 .saveeveryday를 꼭 추가하세요. 그렇지 않으면 게임이 저장 파일을 자동으로 삭제하지 않습니다. {0}은 사이클 번호, {1}은 사이클 일수, {2}는 총 일수를 나타냅니다. 예: C{0}_D{1}.saveeveryday. 기본 파일 이름(SaveDay{2}.saveeveryday)을 사용하려면 비워두세요.",-
LV.SE.MakeFirstCycleDaySave,특별한 첫 번째 사이클 날,-
LV.SE.MakeFirstCycleDaySaveDesc,각 사이클의 시작(사이클 1일)에 특별한 저장을 만듭니다. 이 저장은 특별한 이름이 있으며 자동으로 삭제되지 않습니다.,-
