ID,Text,Comment
Cadre.Group.AquaPiles.DisplayName,아쿠아 파일,-
Cadre.Group.AquaTanks.DisplayName,물탱크,-
Cadre.Group.AquaWarehouses.DisplayName,수중 창고,-
Cadre.LogLadder.DisplayName,통나무 사다리,-
Cadre.LogLadder.Description,비버들이 오르기 위해 갉아먹은 통,-
Cadre.LogLadder.FlavorDescription,물론 그들은 이후에 강에서 씻었습니다.,-
Cadre.Gyser.DisplayName,간헐천,-
Cadre.Gyser.Description,깊은 지하에서 걸러진 물,-
Cadre.Gyser.FlavorDescription,조금...불안정하다,-
Cadre.FloodMaker.DisplayName,홍수 생성기,-
Cadre.FloodMaker.Description,전력 액체 쏟기,-
Cadre.FloodMaker.FlavorDescription,당신의 지역 기계로부터의 신뢰할 수 있는 홍수 :D,-
Cadre.SmallAquaPile.DisplayName,작은 수면 더미,-
Cadre.SmallAquaPile.Description,물속에 배치할 수 있는 작은 더미,-
Cadre.SmallAquaPile.FlavourDescription,포크테일과 아이언티스 간의 평화 조약의 결과,-
Cadre.MediumAquaPile.DisplayName,중간 수조 더미,-
Cadre.MediumAquaPile.Description,물속에 배치할 수 있는 중간 더미,-
Cadre.MediumAquaPile.FlavourDescription,포크테일과 아이언티스 간의 평화 조약의 결과,-
Cadre.BuriedAquaPile.DisplayName,매립된 수중 더미,-
Cadre.BuriedAquaPile.Description,물속에 놓을 수 있는 깊은 지하 더미,-
Cadre.BuriedAquaPile.FlavorDescription,전설의 꼬리와 철니 사이의 평화 조약의 결과,-
Cadre.SmallAquaTank.DisplayName,소형 수조,-
Cadre.SmallAquaTank.Description,물속에 배치할 수 있는 작은 탱크,-
Cadre.SmallAquaTank.FlavourDescription,포크테일과 아이언티스 간의 평화 조약의 결과,-
Cadre.MediumAquaTank.DisplayName,중간 수조,-
Cadre.MediumAquaTank.Description,수중에 배치할 수 있는 중간 크기의 탱크,-
Cadre.MediumAquaTank.FlavourDescription,Folktails와 IronTeeth 간의 평화 조약의 결과,-
Cadre.LargeAquaTank.DisplayName,대형 수조,-
Cadre.LargeAquaTank.Description,물속에 배치할 수 있는 대형 탱크,-
Cadre.LargeAquaTank.FlavourDescription,포크테일과 아이언티스 간의 평화 조약의 결과,-
Cadre.SmallAquaWarehouse.DisplayName,작은 수조 창고,-
Cadre.SmallAquaWarehouse.Description,물속에 배치할 수 있는 작은 창고,-
Cadre.SmallAquaWarehouse.FlavourDescription,민족의 꼬리와 철 이빨 사이의 평화 조약의 결과,-
Cadre.MediumAquaWarehouse.DisplayName,중형 수조 창고,-
Cadre.MediumAquaWarehouse.Description,물속에 배치할 수 있는 중형 창고,-
Cadre.MediumAquaWarehouse.FlavourDescription,폴크테일과 아이언티스 간의 평화 조약의 결과,-
Cadre.LargeAquaWarehouse.DisplayName,대형 수경창고,-
Cadre.LargeAquaWarehouse.Description,수중에 배치할 수 있는 대형 창고,-
Cadre.LargeAquaWarehouse.FlavourDescription,숲의 꼬리와 철 이빨 간의 평화 조약의 결과,-
Cadre.AquaNumberCruncher.DisplayName,수경 수치 처리기 (건설 금지 - 게임 충돌 발생),-
Cadre.AquaNumberCruncher.Description,수중에서 더 잘 작동하는 숫자 처리기,-
Cadre.AquaNumberCruncher.FlavourDescription,Folktails와 IronTeeth 간의 평화 조약 결과,-
Cadre.AquaWaterWheel.DisplayName,수중 물레방아 (설치 금지 - 게임 충돌),-
Cadre.AquaWaterWheel.Description,수중에 배치할 수 있는 수차,-
Cadre.AquaWaterWheel.FlavourDescription,포크테일과 아이언티스 간의 평화 조약 결과,-
Cadre.AquaCompactWaterWheel.DisplayName,아쿠아 콤팩트 수력발전기 (건설 금지 - 게임 충돌),-
Cadre.AquaCompactWaterWheel.Description,CompactWater 아래에 배치할 수 있는 콤팩트 수차입니다.,-
Cadre.AquaCompactWaterWheel.FlavourDescription,포크테일과 아이언티스 간의 평화 조약의 결과,-
