ID,Text,Comment
Good.Timbit.DisplayName,팀버빗,-
Good.Timbit.PluralDisplayName,팀버비트,-
Good.BeaverTail.DisplayName,비버테일,-
Good.BeaverTail.PluralDisplayName,비버테일,-
Need.Timbit.DisplayName,팀버빗,-
Need.Timbit.PluralDisplayName,팀버빗,-
Need.BeaverTail.DisplayName,비버 꼬리,-
Need.BeaverTail.PluralDisplayName,비버테일,-
Building.TimHortons.DisplayName,팀 호튼스,-
Building.TimHortons.Description,비버들이 갓 만든 팀버비트를 즐기기 위해 모이는 곳,-
Building.TimHortons.FlavorDescription,"""티머빗을 먹지 않으면, 너는 심지어 비버도 아닌 건가?"" —마' 응곤엘",-
