ID,Text,Comment
Faction.Emberpelts.DisplayName,엠버펠츠,-
Faction.Charcoal.DisplayName,숯,-
Faction.Emberpelts.Description,"엠버펠트는 붉은색에 대한 애착이 있으며, 따뜻하게 지내는 것을 좋아합니다. 가끔은 그냥 불타는 것을 지켜보는 것을 좋아하죠.  
그들은 털이 젖는 것을 좋아하지 않습니다.  
그들의 모토: <i>불의 심장.</i>",-
Bot.DisplayName.Emberpelts,엠버봇 {0},-
Good.Brick.DisplayName,벽돌,-
Good.Brick.PluralDisplayName,벽돌,-
Good.Clay.DisplayName,점토,-
Good.Clay.PluralDisplayName,점토,-
Good.Coal.DisplayName,목탄,-
Good.Coal.PluralDisplayName,목탄,-
Good.Apple.DisplayName,사과,-
Good.Apple.PluralDisplayName,사과들,-
Good.AppleJuice.DisplayName,사과 주스,-
Good.AppleJuice.PluralDisplayName,사과 주스,-
Good.Radish.DisplayName,무우,-
Good.Radish.PluralDisplayName,무,-
Good.Tomato.DisplayName,토마토,-
Good.Tomato.PluralDisplayName,토마토,-
Good.TomatoJuice.DisplayName,토마토 주스,-
Good.TomatoJuice.PluralDisplayName,토마토 주스,-
Good.Beetroot.DisplayName,비트,-
Good.Beetroot.PluralDisplayName,비트,-
Good.RedJuice.DisplayName,비트와 무 주스,-
Good.RedJuice.PluralDisplayName,비트와 무 주스,-
Good.CornJuice.DisplayName,옥수수 주스,-
Good.CornJuice.PluralDisplayName,옥수수 주스,-
Good.Pepper.DisplayName,피망,-
Good.Pepper.PluralDisplayName,피망,-
Good.Cornmeal.DisplayName,옥수수 가루,-
Good.Cornmeal.PluralDisplayName,옥수수 가루,-
Good.GrilledCorn.DisplayName,구운 옥수수,-
Good.GrilledCorn.PluralDisplayName,구운 옥수수,-
Good.GrilledPepper.DisplayName,구운 피망,-
Good.GrilledPepper.PluralDisplayName,구운 피망,-
Good.ApplePie.DisplayName,사과파이,-
Good.ApplePie.PluralDisplayName,사과 파이,-
Good.Cornbread.DisplayName,옥수수빵,-
Good.Cornbread.PluralDisplayName,옥수수빵,-
Good.BakedBeetroot.DisplayName,구운 비트,-
Good.BakedBeetroot.PluralDisplayName,구운 비트,-
Good.StuffedPepper.DisplayName,속을 채운 고추,-
Good.StuffedPepper.PluralDisplayName,""" stuffed peppers""의 번역은 ""속을 채운 고추""입니다.",-
Good.Fuel.DisplayName,연료,-
Good.Fuel.PluralDisplayName,연료,-
Good.Lubricant.DisplayName,윤활제,-
Good.Lubricant.PluralDisplayName,윤활유,-
Manufactory.Recipe.FuelRadish,연료 (무),-
Manufactory.Recipe.FuelBeetroot,연료 (비트),-
Manufactory.Recipe.FuelCanola,연료 (유채씨),-
Manufactory.Recipe.FuelCorn,연료 (옥수수),-
Manufactory.Recipe.FuelBadwater,연료 (오염수),-
Building.Lodge.Emberpelts.FlavorDescription,숙소는 그저 숙소였다.,-
Building.BigLodge.DisplayName,대형 롯지,-
Building.BigLodge.Description,로지의 크기를 세 배로 늘립니다.,-
Building.BigLodge.FlavorDescription,넉넉한 공간.,-
Building.VerticalLodge.DisplayName,수직 롯지,-
Building.VerticalLodge.Description,위쪽으로 지어진 롯지,-
Building.VerticalLodge.FlavorDescription,하늘이 한계다!,-
Building.DoubleVerticalLodge.DisplayName,더블 수직 롯지,-
Building.DoubleVerticalLodge.Description,서로 겹쳐 있는 두 개와 같습니다.,-
Building.DoubleVerticalLodge.FlavorDescription,더 크다! 더 높다!,-
Building.TenementLodge.DisplayName,셋방 로지,-
Building.TenementLodge.Description,하룻밤을 보내기 위한 매우 크고 높은 장소입니다.,-
Building.TenementLodge.FlavorDescription,이곳을 태우지 않도록 해주세요.,-
Building.Press.DisplayName,프레스,-
Building.Press.Description,적합한 식물에서 기름이나 주스를 짠다.,-
Building.Press.FlavorDescription,호기심 많은 키트들이 그것을 사용해 쿠키부터 솔방울까지 무엇이든 압축합니다.,-
Building.AutomatedWaterPump.DisplayName,자동화된 물 펌프,-
Building.AutomatedWaterPump.FlavorDescription,비버가 필요 없습니다!,-
Building.ClayPit.DisplayName,점토 채굴장,-
Building.ClayPit.Description,점토 수집을 위한 지정된 장소,-
Building.ClayPit.FlavorDescription,지저분한 작업이다.,-
Building.Kiln.DisplayName,가마,-
Building.Kiln.Description,"나무에서 숯을 만들고, 점토로 벽돌을 만듭니다.",-
Building.Kiln.FlavorDescription,"타오르라, 아기야!",-
Building.SmallEngine.DisplayName,소형 증기 엔진,-
Building.SmallEngine.FlavorDescription,"훌륭한 발명, 아이언 티스는 아마 우리의 디자인을 복사했을 것입니다.",-
Building.Engine.Emberpelts.FlavorDescription,연료로 사용할 석탄은 개선된 설계가 필요합니다.,-
Building.FuelEngine.DisplayName,액체 연료 엔진,-
Building.FuelEngine.FlavorDescription,액체 연료는 전력을 생성하는 데 훨씬 더 강력합니다.,-
Building.PowerShaftVerticalTIntersection.DisplayName,전력 샤프트 수직 T 교차로,-
Building.PowerShaftUpwardTIntersection.DisplayName,전력 샤프트 위쪽 T 교차로,-
Building.PowerShaftDownwardTIntersection.DisplayName,전력 샤프트 하향 T 교차점,-
Building.DecorativeFloor.DisplayName,장식 바닥,-
Building.DecorativeFloor.Description,순수하게 장식적인 바닥 패널.,-
Building.LargeUndergroundTank.DisplayName,지하 탱크,-
Building.UndergroundWarehouse.DisplayName,지하 창고,-
Building.IndustrialPile.DisplayName,산업 더미,-
Building.TubewayStation.Small.DisplayName,소형 튜브웨이 역,-
Building.TubewayLevee.DisplayName,튜브웨이 제방,-
NaturalResource.AppleTree.DisplayName,사과나무,-
NaturalResource.AppleTree.FlavorDescription,씨앗은 먼 나라에서 온 여행자들에 의해 가져왔습니다.,-
NaturalResource.Beetroot.DisplayName,비트,-
NaturalResource.Beetroot.FlavorDescription,보라색. 기름에 요리하고 시럽을 덮으면 맛있다.,-
NaturalResource.Pepper.DisplayName,피망,-
NaturalResource.Pepper.FlavorDescription,이것을 날로 먹는 것은 오직 용감한 자들만 할 수 있다.,-
NaturalResource.Radish.DisplayName,무,-
NaturalResource.Radish.FlavorDescription,쓴맛. 아마도 당신은 당근을 더 좋아할 것입니다.,-
NaturalResource.Tomato.DisplayName,토마토,-
NaturalResource.Tomato.FlavorDescription,즙이 많은,-
Need.Fire.DisplayName,불,-
Need.DryFur.DisplayName,건조한 털,-
ToolGroups.Clay,점토,-
ToolGroups.Platforms,플랫폼과 돌출부,-
ToolGroups.Industry,산업,-
ToolGroups.Bridges,다리,-
Building.Wonder.Emberpelts.DisplayName,불의 경이,-
Building.Wonder.Emberpelts.Description,지구 전역에 자원을 분배합니다. 발사되면 해당 지역의 비버들이 더욱 행복해집니다.,-
Building.Wonder.Emberpelts.FlavorDescription,나에게 이곳은 큰 모닥불처럼 보인다.,-
Faction.Emberpelts.WonderCompletionFlavor,막대한 부와 지식을 모은 당신의 비버들은 고통받는 지구와 그들의 노동의 열매를 나누려 했습니다. 불행히도 모든 것이 불길에 휩싸였죠. 적어도 당신의 비버들은 불타는 모습을 볼 수 있었습니다!,-
Faction.Emberpelts.WonderCompletionMessage,축하합니다! 당신은 Emberpelts를 마스터하고 이 지도 자원을 사용하여 세력의 경이를 건설했습니다.,-
Building.LumberMill.Large.DisplayName,대형 제재소,-
Building.Smelter.Large.DisplayName,대형 제련소,-
Building.GearWorkshop.Large.DisplayName,대형 기어 작업장,-
Good.PhoenixEssence.DisplayName,피닉스 에센스,-
Good.PhoenixEssence.PluralDisplayName,피닉스 에센스,-
Need.Juice.DisplayName,주스,-
Building.Floodgate.Flat.DisplayName,평평한 상단 홍수 게이트,-
Building.DoubleFloodgate.Flat.DisplayName,평평한 상단의 더블 플러드게이트,-
Building.TripleFloodgate.Flat.DisplayName,평평한 상단의 삼중 수문,-
Building.Floodgate.Flat.Description,조절 가능한 높이까지 물을 차단합니다. 그 위에 건설할 수 있도록 하려는 새로운 더 컴팩트한 디자인입니다.,-
Building.PhoenixDistillery.DisplayName,피닉스 양조장,-
Building.PhoenixDistillery.Description,피닉스 에센스 생산을 위한 시설,-
Manufactory.Recipe.BadwaterRig.PurifiedWater,정수된 물,-
Manufactory.Recipe.BadwaterRig.ForcedExtraction,강제 오염수 추출,-
Building.SkyBridge.DisplayName,보행로,-
Building.SkyBridge.Description,숙소들 사이를 이동할 수 있는 보도.,-
Building.SkyBridgeEntrance.DisplayName,보행자 출입구,-
Building.SkyBridgeEntrance.Description,"walk, skyway, walkway, beaver, path, pass, door, entrance, technique, design.",-
Building.DistrictCrossingTubeway.DisplayName,구역 횡단 튜브웨이,-
Building.DistrictGateTubeway.DisplayName,구역 게이트 튜브웨이,-
Building.DistrictGateTubeway.Description,구역 간 이동을 위한 튜브웨이 연결,-
Building.DistrictGate.Description,구역을 구분합니다.,-
Building.DistrictGate.DisplayName,구역 게이트,-
Building.DistrictGate.FlavorDescription,나아가기 전에 자 supplies를 모아야 합니다.,-
Building.TubewaySkyBridge.DisplayName,보행자 튜브 연결,-
Building.TubewaySkyBridge.Description,숙소 보도의 튜브웨이 연결입니다. 이로 인해 비버들이 튜브웨이와 보도 사이를 이동할 수 있습니다.,-
Building.SkyBridgeStairs.DisplayName,보행자 계단,-
Building.SkyBridgeLadder.DisplayName,보행로 사다리,-
Building.SkyBridgeBridge.DisplayName,보행로 다리,-
Building.LeveeTunnel.DisplayName,제방 터널,-
Building.TubewayBridge.DisplayName,튜브웨이 다리,-
Building.TubewayLeveeTunnel.DisplayName,튜브웨이 제방 터널,-
Building.TubewayTunnel.DisplayName,지하 터널,-
Building.TunnelOther.Description,"지형을 관통하는 터널로, 다른 건물로 대체됩니다. 지형이나 구조물 아래를 보기 위해 레이어 도구를 사용하세요.",-
Building.VerticalPowerShaftTunnel.DisplayName,수직 전력 샤프트 터널,-
Building.DistrictCenter.FlavorDescription.Emberpelts,"""불의 심장."" —엠버펠츠의 모토",-
Building.AquiferRig.DisplayName,심층수 장비,-
NewGameConfigurationPanel.BobBalanced,밸런스 (Bobingabout),-
NewGameConfigurationPanel.BobBalancedModeDescription,"계절은 꽤 균형 잡혀 있습니다.

난이도: 3/5. 첫 번째 가뭄은 하드 모드처럼 길 수 있지만, 준비할 시간이 더 많습니다.

사이클 5부터 나쁜 조수가 발생할 확률은 50%입니다.

모든 계절은 25일간 지속됩니다. (초기 게임 핸디캡 제외.)",-
NewGameConfigurationPanel.BobLong,롱 (밥인어바웃),-
NewGameConfigurationPanel.BobLongModeDescription,"계절이 길다.

난이도: 4/5. 어려운 모드지만 길어짐.

가뭄과 나쁜 조수는 50일에서 100일 동안 지속된다. (초기 게임 핸디캡 포함.)

온대 계절은 20일에서 30일 지속된다.

사이클 3부터 나쁜 조수가 시작될 확률은 40%이다.",-
Building.HalfRoof1x1.DisplayName,반 지붕 1x1,-
Building.HalfRoof1x2.DisplayName,반지붕 1x2,-
Building.HalfRoof2x1.DisplayName,2x1 반지붕,-
Building.HalfRoof2x2.DisplayName,반지붕 2x2,-
Building.Path2.DisplayName,난간이 있는 길,-
Building.Path2.Description,이 버전의 경로는 항상 난간이 있습니다.,-
Building.Path3.DisplayName,나무 길,-
Building.Path3.Description,이 버전의 경로는 나무로 만들어져 있습니다.,-
Building.Path4.DisplayName,난간이 없는 나무 길,-
Building.Path4.Description,이 경로 버전은 나무로 만들어졌으며 난간이 없습니다.,-
Building.Path5.DisplayName,난간이 있는 나무 길,-
Building.Path5.Description,이 경로의 버전은 목재로 되어 있으며 항상 난간이 있습니다.,-
