ID,Text,Comment
LV.CPL.MaxConnections,최대 연결 수,-
LV.CPL.MaxConnectionsDesc,전력선 건물에 허용되는 최대 연결 수. 기본값: 4.,-
LV.CPL.MaxDistance,최대 거리,-
LV.CPL.MaxDistanceDesc,"전력선 케이블에 대해 허용되는 최대 거리. 기본값: 50, 이 모드의 기본값은 100입니다.",-
LV.CPL.MaxInclination,최대 경사,-
LV.CPL.MaxInclinationDesc,전선 케이블에 허용되는 최대 경사. 기본값: 75도.,-
LV.CPL.PowerlineThroughObstacles,장애물을 통한 전력선,-
LV.CPL.PowerlineThroughObstaclesDesc,전선이 건물과 나무와 같은 장애물을 통과할 수 있도록 허용합니다.,-
