ID,Text,Comment
menu.rotatingsun,회전 태양 옵션,-
rotatingsun.optionsheader,회전하는 태양 옵션,-
rotatingsun.enablesun,태양 회전 활성화,-
rotatingsun.enablerotatingsunflowers,해바라기 회전 활성화,-
rotatingsun.SunAngleTemperateHeader,온대 날씨에서의 태양 각도,-
rotatingsun.SunAngleDroughtHeader,가뭄 중 태양 각도,-
rotatingsun.SunAngleLowTemperate,온대 태양 각도 낮음,-
rotatingsun.SunAngleHighTemperate,온대 태양 각도 높음,-
rotatingsun.SunAngleLowDrought,가뭄 태양 각도 낮음,-
rotatingsun.SunAngleHighDrought,가뭄 태양 각도 높음,-
rotatingsun.MoonAngle,달의 각도,-
rotatingsun.SunAngleLowBadtide,악조 일광 각도 낮음,-
rotatingsun.SunAngleHighBadtide,바다의 해가 높은 각도,-
