ID,Text,Comment
LV.CE.MaxDepth,{0}의 최대 깊이,-
LV.CE.NoCostIncrease,비용 증가 없음 (치트 :P),-
LV.CE.NoCostIncreaseDesc,최대 깊이를 증가시킬 때 과학 및 건설 비용을 증가시키지 않음,-
LV.CE.Delay,폭발 지연,-
LV.CE.DelayDisplay,{0}초,-
LV.CE.Depth,폭발 깊이,-
LV.CE.DepthDisplay,{0} 블록,-
LV.CE.TriggerRadius,트리거 반경,-
LV.CE.TriggerRadiusDisplay,{0} 블록,-
LV.CE.DetonateIn,{0}/{1}초 후 폭파,-
LV.CE.Copy,다른 사람에게 복사,-
LV.CE.MakeTemplate,템플릿 만들기,-
Name_ConfigurableDynamiteFragment,설정 가능한 다이너마이트,-
