ID,Text,Comment
Menu.Mods,사용자 정의 맵 및 모드,-
Mods.Download,다운로드,-
Mods.Info,정보,-
Mods.Loading,로딩 중...,-
Mods.Tags,태그:,-
Mods.Author,저자:,-
Mods.Downloads,다운로드:,-
Mods.ShowMore,더 보기,-
Mods.Tags.All,모든,-
Mods.Votes,투표:,-
Mods.ModsChanged,모드 변경 사항은 재시작 후에 적용됩니다.,-
Mods.Quit,종료,-
Mods.Restart,재시작,-
Mods.Stay,머무르다,-
Mods.Enabled,활성화됨,-
Mods.Installed,설치됨,-
Mods.Uninstall,제거하다,-
Mods.Options,옵션:,-
Mods.Dependencies,필수 요소:,-
Mods.InstalledVersion,설치된 버전:,-
Mods.LiveVersion,라이브 버전:,-
Mods.Newest,최신,-
Mods.MostDownloaded,가장 많이 다운로드됨,-
Mods.TopRated,최고 평점,-
Mods.LastUpdated,마지막 업데이트,-
Mods.UpdateAllLabel,사용 가능한 업데이트가 {0}개 있습니다.,-
Mods.UpdateAll,모두 업데이트,-
Mods.Update,업데이트,-
Mods.Versions,설치할 버전,-
Mods.UpdateBehaviour,최신 버전 대신 가장 높은 버전을 확인하십시오,-
Mods.UpdateBehaviourTooltip,"보통 ""실제"" 버전은 안정적인 버전에서 작동하는 버전입니다. 일부 모드 제작자들은 보통 실험적인 분기에서만 작동하는 더 높은 버전을 제공하기도 합니다.",-
Mods.VersionUnknown,"모드 파일을 기반으로 할 때, 현재 게임 버전에서 모드가 작동할지 불확실합니다.",-
Mods.VersionCompatible,모드 파일을 기반으로 현재 게임 버전과 호환되는 버전이 발견되었습니다.,-
Mods.VersionIncompatible,"모드 파일을 기준으로, 현재 게임 버전과 호환되는 버전이 발견되지 않았습니다. 설치를 권장하지 않습니다.",-
Mods.CrashInfo,게임 로딩 중에 충돌이 발생한 것 같습니다. 아래에서 다음 번 충돌을 방지하기 위해 비활성화할 모드를 선택할 수 있습니다.,-
Mods.EnableAll,모든 모드 활성화,-
Mods.DisableAll,모두 모드 비활성화,-
Mods.GoToCrashReport,크래시 보고서로 이동,-
Mods.Browser,모드 브라우저,-
