ID,Text,Comment
GreedyCoats.biofuel,바이오연료,-
GreedyCoats.displayname,탐욕스러운 코트,-
GreedyCoats.description,"이 리프코트들은 다양성을 위해 너무 탐욕스러워서 물을 사랑하게 되었고, 탐욕스러운 건축가들 중 한 그룹에 합류했습니다... 그들은 즉시 이름을 탐욕스러운 코트로 바꾸었습니다 :D",-
GreedyBots,탐욕스러운 봇 #,-
GreedyCoats.WonderCompletion.Message,잘했어요!,-
GreedyCoats.WonderCompletion.Flavour,"그건 정말 큰 노력이었어요, 그렇죠? :D",-
GreedyCoats.GameOver.Message,...어떻게 했어?,-
GreedyCoats.GameOver.Flavour,"이제 그만, 너는 그보다 잘할 수 있어!",-
GreedyEmberBots,탐욕스러운 코트 봇 #,-
GreedyCoatBots,탐욕스러운 코트봇 #,-
