ID,Text,Comment
Cordial.ForestTool.DisplayName,숲 도구,-
Cordial.ForestTool.Description,혼합 숲을 심기 위한 구성 가능한 도구.,-
Coridal.ForestTool.Requirement,필수 건물: {0},-
Cordial.ForestTool.ForestToolPanel.Title,숲 도구 구성,-
Cordial.ForestTool.ForestToolPanel.Description,나무 종류와 심을 장소를 구성합니다,-
Cordial.ForestTool.ForestToolPanel.ToggleTreeAll,모든 임업 식물 유형,-
Cordial.ForestTool.ForestToolPanel.ToggleEmpty,공터 허용,-
Cordial.ForestTool.ForestToolError.Description,나무를 심으려면 {0}를 잠금 해제해야 합니다.,-
Cordial.ForestTool.BuildingLock,이 건물은 잠겨 있습니다:,-
Cordial.ForestTool.SpecLock,이 사양이 누락되었습니다:,-
