ID,Text,Comment
LV.BO.EnableBenchmark,Włącz benchmarking,-
LV.BO.EnableBenchmarkDesc,"Wyświetl interfejs benchmarku (w grze: Esc -> Benchmark).
Niektóre kody są wstrzykiwane do gry i mogą spowodować jej wolniejsze działanie.
Proszę zrestartować grę po zmianie tego ustawienia.",-
LV.BO.WellKnownTasks,Znane zadania,-
LV.BO.OtherTasks,Pozostałe zadania,-
LV.BO.WellKnown_BehaviorManager,"Nazwa klucza: LV.BO.WellKnown_BehaviorManager - Tłumaczenie: ""Kontroluj działania swoich postaci. Jedna z największych obciążeń dla wydajności. Opóźnienie tego spowoduje, że postacie nie zmienią swoich działań natychmiast. <b>Nie polecam</b> opóźniania tego bez testów, ponieważ może to zmniejszyć wydajność twoich pracowników.""",-
LV.BO.WellKnown_NavMeshObserver,"Kontroluj ścieżkę poruszania się swoich postaci podczas ich ruchu. Opóźnienie tego może spowodować, że postacie nie zareagują od razu na zmiany w ścieżkowaniu.",-
LV.BO.WellKnown_ConstructionSite,"Kontroluj zakończenie budowy swoich budynków. Opóźnienie tego spowoduje, że budynki, które mają zostać ukończone, nie zakończą się natychmiast.",-
LV.BO.WellKnown_BuilderJobReachabilityStatus,"Kontroluj dostępność pracy budowniczego. Opóźnienie tego spowoduje, że status budowniczych nie będzie mógł natychmiast dotrzeć na miejsce budowy.",-
LV.BO.WellKnown_ResourceCountingService,"Kontroluj liczenie zasobów w grze. Opóźnienie tego spowoduje, że liczniki zasobów nie będą aktualizowane tak często.",-
LV.BO.Benchmark,Benchmark,-
LV.BO.BenchmarkRunning,"Benchmark jest w trakcie wykonywania ({0} s pozostało).  
Nie powinieneś był wstrzymywać gry, dopóki nie zakończy się, aby uniknąć zniekształcenia wyników.  
Możesz go teraz zatrzymać i spróbować ponownie później.",-
LV.BO.BmTime,Czas benchmarku (sekundy w rzeczywistym życiu),-
LV.BO.StartBm,Rozpocznij benchmark,-
LV.BO.BmInfo,"Mierz, jak długo każdy element potrzebuje na uruchomienie. Wybierz czas trwania, aby zebrać dane. Po kliknięciu 'Rozpocznij test wydajności', <b>staraj się nie wstrzymywać gry</b> aż do jej zakończenia, aby uniknąć zniekształcenia wyników. Możesz jednak zmienić prędkość gry na dowolną, aby sprawdzić wydajność. Jeśli gra jest wstrzymana, zostanie automatycznie wznowiona po kliknięciu tego przycisku. Po zakończeniu testu wydajności, ten dialog zostanie automatycznie otwarty ponownie.",-
LV.BO.EndBm,Zakończ benchmark teraz,-
LV.BO.Import,Importuj,-
LV.BO.Export,Eksport,-
