ID,Text,Comment
Knatte.WE_IrrigationExtractFuel.DisplayName,Nawadnianie z Tree boost,-
Knatte.WE_IrrigationFuel.DisplayName,Nawadnianie,-
Knatte.IrrigationTower.DisplayName,Wieża nawadniająca,-
Knatte.IrrigationTower.Description,"Nawadnia teren wokół siebie.  
Nie używa wody do płytek, które nie mogą być nawadniane.",-
Knatte.IrrigationTower.Header,Tryb nawadniania:,-
Knatte.IrrigationTower.FlavorDescription,"Mniej niż jedna trzecia Ziemi jest pokryta wodą, dlatego nawadnianie stało się koniecznością.",-
Knatte.IrrigationTowerV2_FT.DisplayName,Wydajna Wieża Nawadniająca,-
Knatte.IrrigationTowerV2_FT.Description,"Nawadnia więcej ziemi wokół siebie i może wspierać wzrost drzew za pomocą ekstraktu. Nie używa wody do płytek, których nie może nawodnić.",-
Knatte.IrrigationTowerV2_IT.DisplayName,Wieża nawadniająca z napędem,-
Knatte.IrrigationTowerV2_IT.Description,"Nawadnia wokół siebie bez potrzeby zatrudniania pracowników. Aby zwiększyć zużycie wody, blokuje również zanieczyszczenia. Nie używa wody do płytek, których nie może nawodnić.",-
Knatte.IrrigationTowerV2.FlavorDescription,"Mniej niż jedna trzecia Ziemi jest pokryta wodą, więc nawadnianie stało się koniecznością.",-
Knatte.BigIrrigationTower.DisplayName,Duża wieża nawadniająca,-
Knatte.BigIrrigationTowerIT.Description,"Nawadnia jeszcze więcej ziemi wokół siebie przy mniejszym zużyciu wody. 
Niebieska rura wskazuje punkt początkowy nawadniania. 
Nie używa wody do płytek, których nie może nawodnić.",-
Knatte.BigIrrigationTowerFT.Description,"Nawadnia jeszcze więcej ziemi wokół siebie przy mniejszym zużyciu wody. Żółta rura wskazuje punkt początkowy nawadniania. Nie wykorzystuje wody do płytek, których nie może nawodnić.",-
Knatte.BigIrrigationTower.FlavorDescription,"Krop, krop, kropla.",-
