ID,Text,Comment
IgorZ.Automation.CancelTool.Description,"Użyj tego narzędzia, aby oczyścić wszelką automatyzację w budynkach lub na placach budowy.",-
IgorZ.Automation.CancelTool.Title,Anuluj automatyzację,-
IgorZ.Automation.CheckAccessBlockCondition.Blocking.Description,<YellowHighlight>blokuje ścieżkę</YellowHighlight>,-
IgorZ.Automation.CheckAccessBlockCondition.NotBlocking.Description,<YellowHighlight>nie blokuje ścieżki</YellowHighlight>,-
IgorZ.Automation.CheckAccessBlockCondition.NotYetReachable,"Budowniczy jeszcze nie mogą się tam dostać, ale ścieżka jest w budowie.",-
IgorZ.Automation.CheckAccessBlockCondition.UnreachableAlert,Niedostępny plac budowy,-
IgorZ.Automation.CheckAccessBlockCondition.UnreachableStatus,Budowniczowie nie mogą znaleźć drogi do tej lokalizacji. Może nic tutaj nie można zbudować.,-
IgorZ.Automation.DebugPickTool.Description,Drukuje komponenty na wybranym obiekcie.,-
IgorZ.Automation.DebugPickTool.Title,Narzędzie do debugowania,-
IgorZ.Automation.ShowStatusAction.AutomationErrorAlert,Błąd automatyzacji,-
IgorZ.Automation.ShowStatusAction.AutomationErrorDescription,Niektóre zasady automatyzacji nie mogą być wykonane.,-
IgorZ.Automation.ShowStatusAction.HoldCompletionStatusText,Czekając na zakończenie budowy innych budynków,-
IgorZ.Automation.ShowStatusAction.HoldConstruction,<YellowHighlight>zatrzymaj zakończenie</YellowHighlight>,-
IgorZ.Automation.ShowStatusAction.ResumeConstruction,tworzenie CV,-
IgorZ.Automation.Tool.tmpl.HasCollectables.Description,"Zastosuj ten szablon do budynków, które powinny działać tak długo, jak w zasięgu budynku znajdują się przedmioty do ścięcia lub zebrania, które można pozyskać.",-
IgorZ.Automation.Tool.tmpl.BadtideCloseFloodgate.Description,"Zastosuj szablon na zapory, które muszą się zamknąć, gdy zaczyna się zły przypływ.",-
IgorZ.Automation.Tool.tmpl.BadtideCloseFloodgate.DisplayName,Zamknij grodzie na początku złej pływowej.,-
IgorZ.Automation.Tool.tmpl.BadtideOpenFloodgate.Description,"Zastosuj ten szablon do śluz, które muszą się otworzyć, gdy zaczyna się zły przypływ.",-
IgorZ.Automation.Tool.tmpl.BadtideOpenFloodgate.DisplayName,Otwórz zastawę na początku złej pływy.,-
IgorZ.Automation.Tool.tmpl.BadtidePause.Description,"Zastosuj ten szablon do budynków, które powinny pozostać wstrzymane podczas złych przypływów.",-
IgorZ.Automation.Tool.tmpl.BadtidePause.DisplayName,Zatrzymanie w czasie złej pływy,-
IgorZ.Automation.Tool.tmpl.BeaversAtMax.Description,"Zastosuj ten szablon do budynków, które powinny działać tak długo, jak są wolne łóżka.",-
IgorZ.Automation.Tool.tmpl.BeaversAtMax.DisplayName,"Biegaj, aż populacja bobrów osiągnie maksimum.",-
IgorZ.Automation.Tool.tmpl.ChainedBuildings.Description,"Zastosuj ten szablon do placów budowy, które mogą blokować drogi do budowniczych. Uwaga: Wyniki nie są gwarantowane, szczególnie jeśli budynki nie są na tym samym poziomie.",-
IgorZ.Automation.Tool.tmpl.ChainedBuildings.DisplayName,Nie blokuj budowniczych,-
IgorZ.Automation.Tool.tmpl.DroughtCloseFloodgate.Description,"Zastosuj ten szablon na zaporach, które powinny się zamykać, gdy zaczyna się susza.",-
IgorZ.Automation.Tool.tmpl.DroughtCloseFloodgate.DisplayName,Zamknij wrota floodgate na początku suszy,-
IgorZ.Automation.Tool.tmpl.DroughtOpenFloodgate.Description,"Zastosuj ten szablon do tam, które powinny się otworzyć, gdy zaczyna się susza.",-
IgorZ.Automation.Tool.tmpl.DroughtOpenFloodgate.DisplayName,Otwórz wrota tamy na początku suszy.,-
IgorZ.Automation.Tool.tmpl.DroughtOpenFlowControl.Description,"Zastosuj ten szablon do budynków kontrolujących przepływ wody (takich jak <YellowHighlight>Domek Złej Wody</YellowHighlight> lub <YellowHighlight>Śluza</YellowHighlight>), aby utrzymać je otwarte podczas suszy.",-
IgorZ.Automation.Tool.tmpl.DroughtOpenFlowControl.DisplayName,Otwarte sterowanie przepływem wody podczas suszy,-
IgorZ.Automation.Tool.tmpl.DroughtPause.Description,"Zastosuj ten szablon do budynków, które powinny pozostać wstrzymane podczas suszy.",-
IgorZ.Automation.Tool.tmpl.DroughtPause.DisplayName,Pauza podczas suszy,-
IgorZ.Automation.Tool.tmpl.DynamiteNow.Description,Automatycznie detonuje dynamit po zakończeniu budowy. Szablon ten można również zastosować do ukończonego dynamitu.,-
IgorZ.Automation.Tool.tmpl.DynamiteNow.DisplayName,Wywal dynamit teraz,-
IgorZ.Automation.Tool.tmpl.EmitSelectedGood.Description,"Zastosuj ten szablon do budynków, które powinny emitować sygnał o wybranej ilości towaru w magazynie. Sygnał można wykorzystać w warunkach innych budynków.",-
IgorZ.Automation.Tool.tmpl.EmitSelectedGood.DisplayName,Wydaj sygnał wybranego dobra,-
IgorZ.Automation.Tool.tmpl.EmptyAtXpct.Description,"Ten szablon może być stosowany do budynków, które produkują towary i nie mają zapasów surowców. Jeśli poziom zapasów <i>wyjściowych</i> przekroczy ustalony próg, budynek przejdzie w tryb 'pusty', co ułatwi szybkie usuwanie towarów.",-
IgorZ.Automation.Tool.tmpl.FloodgateGroup.Description,"Zastosuj ten szablon do grodzic, aby kontrolować ich wysokość w synchronizacji.",-
IgorZ.Automation.Tool.tmpl.FloodgateGroup.DisplayName,Grupa śluz,-
IgorZ.Automation.Tool.tmpl.PauseConstruction.Description,"Zastosuj ten szablon do placów budowy, które powinny być wstrzymane, gdy postęp budowy osiągnie 100%.",-
IgorZ.Automation.Tool.tmpl.PauseConstruction.DisplayName,Wstrzymaj budowę,-
IgorZ.Automation.Tool.tmpl.RunIfCanPlan.Description,"Zastosuj ten szablon do budynków, które powinny działać tak długo, jak długo w zasięgu budynku są miejsca do sadzenia.",-
IgorZ.Automation.Tool.tmpl.RunIfCanPlan.DisplayName,"Uruchom, jeśli coś może być zasiane",-
IgorZ.Automation.Tool.tmpl.PrioritizeByHaulers.Description,"Zastosuj ten szablon do budynków, które powinny być priorytetowo traktowane przez nosicieli po zakończeniu budowy.",-
IgorZ.Automation.Tool.tmpl.PrioritizeByHaulers.DisplayName,Priorytetyzuj według nosicieli,-
IgorZ.Automation.Tool.tmpl.StreamGauge.Description,"Zastosuj ten szablon do mierników strumienia, które powinny emitować sygnał aktualnego stanu wody. Sygnały mogą być używane w warunkach dotyczących innych budynków.",-
IgorZ.Automation.Tool.tmpl.StreamGauge.DisplayName,Sygnalizator strumienia,-
IgorZ.Automation.Tool.tmpl.TemperateCloseFloodgate.Description,"Zastosuj ten szablon do tam, które muszą się zamknąć, gdy zaczyna się sezon temperaturowy.",-
IgorZ.Automation.Tool.tmpl.TemperateCloseFloodgate.DisplayName,Zamknij grobowiec na początku umiarkowanej pogody,-
IgorZ.Automation.Tool.tmpl.TemperateOpenFloodgate.Description,"Zastosuj ten szablon do tam, które muszą się otworzyć, gdy zaczyna się sezon umiarkowany.",-
IgorZ.Automation.Tool.tmpl.TemperateOpenFloodgate.DisplayName,Otwórz zaporę na początku umiarkowanej pogody,-
IgorZ.Automation.Tool.tmpl.TemperatePause.Description,"Zastosuj szablon do budynków, które powinny pozostać wstrzymane w czasie umiarkowanej pogody.",-
IgorZ.Automation.Tool.tmpl.TemperatePause.DisplayName,Zatrzymaj się podczas umiarkowanej pogody,-
IgorZ.Automation.Tool.tmpl.TemperateSemiOpenFloodgate.Description,"Zastosuj ten szablon do grodzisk, które powinny otworzyć się na 0,5 m ich maksymalnej wysokości, gdy rozpoczyna się sezon temperaturowy.",-
IgorZ.Automation.Tool.tmpl.TemperateSemiOpenFloodgate.DisplayName,Lekko otwarte wrota burzowe podczas umiarkowanej pogody,-
IgorZ.Automation.Tool.tmpl.XLevelsDynamite.Description,"Ten szablon można zastosować do dynamitów, niezależnie od tego, czy są one ukończone, czy wciąż w budowie. Po zakończeniu, dynamit eksploduje automatycznie, a nowy projekt dynamitu zostanie umieszczony, aby wykopać głębiej.",-
IgorZ.Automation.ToolGroup.Main.DisplayName,Ustaw automatyzację,-
IgorZ.Automation.ToolGroup.Planting.DisplayName,Zasady związane z sadzeniem i zbieraniem,-
IgorZ.Automation.ToolGroup.Population.DisplayName,Reguły związane z populacją,-
IgorZ.Automation.ToolGroup.Power.DisplayName,Reguły związane z zasilaniem,-
IgorZ.Automation.ToolGroup.Signals.DisplayName,Reguły związane z sygnałami,-
IgorZ.Automation.ToolGroup.Storage.DisplayName,Zasady związane z przechowywaniem,-
IgorZ.Automation.ToolGroup.Terrain.DisplayName,Zasady zmiany terenu,-
IgorZ.Automation.ToolGroup.Water.DisplayName,Reguły związane z pogodą,-
IgorZ.Automation.Scripting.Error.ValueOutOfRange,BŁĄD: Wartość poza zakresem,-
IgorZ.Automation.Scripting.Error.DivisionByZero,BŁĄD: Dzielenie przez zero,-
IgorZ.Automation.Scripting.Error.BadValue,ERROR: Zła wartość,-
IgorZ.Automation.Scripting.Error.InternalError,BŁĄD: Błąd wewnętrzny,-
IgorZ.Automation.AutomationFragment.AndMoreRow,...i {0} więcej zasad...,-
IgorZ.Automation.AutomationFragment.BuildingSignalSource,{0} ({1}),-
IgorZ.Automation.AutomationFragment.ClearRulesBtnHint,Wyczyść wszystkie zasady,-
IgorZ.Automation.AutomationFragment.ClearSignalsBtnHint,Wyczyść wszystkie mapowania sygnałów,-
IgorZ.Automation.AutomationFragment.CopyRulesBtnHint,Kopiuj zasady do innego budynku,-
IgorZ.Automation.AutomationFragment.CopySignalsBtnHint,Skopiuj mapowanie sygnałów do innego budynku,-
IgorZ.Automation.AutomationFragment.ExportRulesBtnHint,Eksportuj zasady i sygnały jako tekst,-
IgorZ.Automation.AutomationFragment.ImportRulesBtnHint,„Importuj zasady i sygnały z tekstu”,-
IgorZ.Automation.AutomationFragment.RuleActionText,Wtedy {0},-
IgorZ.Automation.AutomationFragment.RuleConditionText,"Jeśli {0},",-
IgorZ.Automation.AutomationFragment.RulesCountText,Reguły: {0},-
IgorZ.Automation.AutomationFragment.SetupRulesBtnHint,Ustaw zasady,-
IgorZ.Automation.AutomationFragment.SetupSignalsBtnHint,"Ustaw sygnały, które będą widoczne dla innych budynków",-
IgorZ.Automation.AutomationFragment.SignalsCountText,Sygnały: {0}/{1},-
IgorZ.Automation.Tool.CopyRules.Text,Skopiuj zasady {0},-
IgorZ.Automation.Tool.CopyRules.Title,Kopiuj zasady automatyzacji,-
IgorZ.Automation.Scriptable.Collectable.Signal.CollectableReady,gotowe do zebrania,-
IgorZ.Automation.Scriptable.Constructable.Signal.Progress,postęp budowy,-
IgorZ.Automation.Scriptable.Constructable.Signal.State,stan budowy,-
IgorZ.Automation.Scriptable.Constructable.Signal.State.Finished,Zakończone,-
IgorZ.Automation.Scriptable.Debug.Action.LogNum,zapisz liczbę do logów: {0},-
IgorZ.Automation.Scriptable.Debug.Action.LogStr,zapisz ciąg do dzienników: '{0}',-
IgorZ.Automation.Scriptable.Debug.Action.Log,zapisz do dzienników: '{0}',-
IgorZ.Automation.Scriptable.Debug.Signal.Ticker,tiker,-
IgorZ.Automation.Scriptable.District.Signal.Beavers,bóbr w dzielnicy,-
IgorZ.Automation.Scriptable.District.Signal.Bots,boty w dzielnicy,-
IgorZ.Automation.Scriptable.District.Signal.NumberOfBeds,łóżka w dzielnicy,-
IgorZ.Automation.Scriptable.District.Signal.ResourceCapacity,pojemność dzielnicy: {0},-
IgorZ.Automation.Scriptable.District.Signal.ResourceStock,zapas dzielnicy: {0},-
IgorZ.Automation.Scriptable.Dynamite.Action.Detonate,zdetonować dynamit,-
IgorZ.Automation.Scriptable.Dynamite.Action.DetonateAndRepeat,detonuj dynamit i dodaj jeszcze <GreenHighlight>{0} razy</GreenHighlight>,-
IgorZ.Automation.Scriptable.Floodgate.Action.SetHeight,ustaw wysokość bramy na {0},-
IgorZ.Automation.Scriptable.Floodgate.Signal.Height,wysokość wrót,-
IgorZ.Automation.Scriptable.FlowControl.Action.Close,wyłącz przepływ,-
IgorZ.Automation.Scriptable.FlowControl.Action.Open,włącz przepływ,-
IgorZ.Automation.Scriptable.Inventory.Action.EmptyingStatus,Magazyn jest opróżniany w pierwszej kolejności.,-
IgorZ.Automation.Scriptable.Inventory.Action.StartEmptyingStock,zacznij opróżniać pamięć podręczną,-
IgorZ.Automation.Scriptable.Inventory.Action.StopEmptyingStock,przestań opróżniać pamięć,-
IgorZ.Automation.Scriptable.Inventory.Signal.InputGood,wejście: {0},-
IgorZ.Automation.Scriptable.Inventory.Signal.OutputGood,{0},-
IgorZ.Automation.Scriptable.Manufactory.Action.SetRecipe,ustaw przepis: {0},-
IgorZ.Automation.Scriptable.Pausable.Action.Pause,wstrzymać budowę,-
IgorZ.Automation.Scriptable.Pausable.Action.Resume,tworzenie CV,-
IgorZ.Automation.Scriptable.Plantable.Signal.SpotsReady,gotowe do sadzenia,-
IgorZ.Automation.Scriptable.Prioritizable.Action.ResetHaulers,- priorytet dla nosicieli,-
IgorZ.Automation.Scriptable.Prioritizable.Action.SetHaulers,+ priorytetuj przez nosicieli,-
IgorZ.Automation.Scriptable.Signals.Action.Set,ustaw sygnał: {0} = {1},-
IgorZ.Automation.Scriptable.Signals.Signal.Get,sygnał: {0},-
IgorZ.Automation.Scriptable.StreamGauge.Signal.Contamination,zanieczyszczenie,-
IgorZ.Automation.Scriptable.StreamGauge.Signal.Current,aktualny,-
IgorZ.Automation.Scriptable.StreamGauge.Signal.Depth,głębokość,-
IgorZ.Automation.Scriptable.Weather.Signal.Season,sezon,-
IgorZ.Automation.Scriptable.Workplace.Action.RemoveWorkers,usuń pracowników,-
IgorZ.Automation.Scriptable.Workplace.Action.SetWorkers,przydziel {0} pracowników,-
IgorZ.Automation.Scripting.Expressions.AndOperator,i,-
IgorZ.Automation.Scripting.Expressions.OrOperator,lub,-
IgorZ.Automation.Scripting.Expressions.NotOperator,NIE,-
IgorZ.Automation.Scripting.Expressions.ParseError,BŁĄD PARSE'OWANIA,-
IgorZ.Automation.Scripting.Editor.ActionLabel,Wtedy,-
IgorZ.Automation.Scripting.Editor.ActionMustBeAction,Akcja musi być operatorem 'act',-
IgorZ.Automation.Scripting.Editor.AddRuleFromScriptBtn,Dodaj skrypt,-
IgorZ.Automation.Scripting.Editor.AddRuleViaConstructorBtn,Utwórz regułę za pomocą konstruktora,-
IgorZ.Automation.Scripting.Editor.ArgumentMaxValueHint,(max: {0}),-
IgorZ.Automation.Scripting.Editor.ConditionLabel,Error,-
IgorZ.Automation.Scripting.Editor.ConditionMustBeBoolean,Warunek musi być wyrażeniem logicznym.,-
IgorZ.Automation.Scripting.Editor.ConditionMustHaveSignals,Warunek musi zawierać co najmniej jeden sygnał.,-
IgorZ.Automation.Scripting.Editor.CopyRuleBtn,Duplikuj,-
IgorZ.Automation.Scripting.Editor.DeletedRule,Zasada usunięta,-
IgorZ.Automation.Scripting.Editor.DialogHeader,Zasady automatyzacji,-
IgorZ.Automation.Scripting.Editor.DiscardChangesBtn,Odrzuć zmiany,-
IgorZ.Automation.Scripting.Editor.DiscardScriptBtn,Odrzuć,-
IgorZ.Automation.Scripting.Editor.EditAsScriptBtn,Scenariusz,-
IgorZ.Automation.Scripting.Editor.EditInConstructorBtn,Konstruktor,-
IgorZ.Automation.Scripting.Editor.ExportRulesBtn,Exportuj zasady,-
IgorZ.Automation.Scripting.Editor.ImportRulesBtn,Importuj zasady,-
IgorZ.Automation.Scripting.Editor.InvertRuleBtn,Odwróć,-
IgorZ.Automation.Scripting.Editor.MoreInfoBtn,Przeczytaj o skryptach,-
IgorZ.Automation.Scripting.Editor.NumberConstantType,numer,-
IgorZ.Automation.Scripting.Editor.PendingEditsNotification,W stanie edycji obowiązują zasady. Najpierw je wypełnij.,-
IgorZ.Automation.Scripting.Editor.ReadMoreLink,https://github.com/ihsoft/TimberbornMods/wiki/Automation-(scripting),-
IgorZ.Automation.Scripting.Editor.ResetChangesBtn,Resetuj zmiany,-
IgorZ.Automation.Scripting.Editor.RulesWithErrorsNotification,Niektóre zasady zawierają błędy! Najpierw je napraw.,-
IgorZ.Automation.Scripting.Editor.SaveRulesBtn,Zapisz i zamknij,-
IgorZ.Automation.Scripting.Editor.SaveScriptBtn,Zapisz,-
IgorZ.Automation.Scripting.Editor.StringConstantType,ciąg,-
IgorZ.Automation.Scripting.Editor.TemplateFamilyLabel,Szablon grupa: {0},-
IgorZ.Automation.Scripting.Editor.TestScriptBtn,Test,-
IgorZ.Automation.Scripting.SignalsEditor.DialogHeader,Ustawienia sygnałów budynków,-
IgorZ.Automation.Scripting.SignalsEditor.BadSignalNameMsg,"❌ Zła nazwa sygnału! Nazwa musi zaczynać się od litery i zawierać tylko litery, cyfry i kropki.",-
IgorZ.Automation.Scripting.Editor.ExportDialogHeader,Eksportowanie reguł automatyzacji,-
IgorZ.Automation.Scripting.Editor.ImportDialogHeader,Importuj zasady automatyzacji,-
IgorZ.Automation.Scripting.ImportDialog.AllowErrors,Importuj z błędami,-
IgorZ.Automation.Scripting.ImportDialog.DeleteExistingRules,Usuń istniejące zasady,-
IgorZ.Automation.Scripting.ImportDialog.ReadMore,Przeczytaj o importach,-
IgorZ.Automation.Scripting.ImportDialog.ReadMoreUrl,https://github.com/ihsoft/TimberbornMods/wiki/koncept-eksportu-i-importu-automatyzacji,-
IgorZ.Automation.Scripting.ImportDialog.SkipFailedRules,Pomiń nieudane zasady,-
IgorZ.Automation.Scripting.ImportRules.ActionNotApplicableError,Akcja nie jest zastosowana: {0},-
IgorZ.Automation.Scripting.ImportRules.ConditionNotApplicableError,Warunek nie ma zastosowania: {0},-
IgorZ.Automation.Scripting.ImportRules.ExpectedActionError,Oczekiwana ekspresja akcji,-
IgorZ.Automation.Scripting.ImportRules.ExpectedConditionError,Wyrażenie warunku oczekiwanego,-
IgorZ.Automation.Scripting.ImportRules.ImportError,Błąd w linii {0}: {1},-
IgorZ.Automation.Scripting.ImportRules.IncompleteDeclarationError,Niekompletna deklaracja reguły,-
IgorZ.Automation.Scripting.ImportRules.UnclosedMultiLineComment,Niezamknięty komentarz wieloliniowy,-
IgorZ.Automation.Settings.Debug.PathCheckingProfiling,Logowanie statystyk silnika sprawdzania ścieżek,-
IgorZ.Automation.Settings.Debug.LogSignalSetting,Logować wartości ustawień sygnałów,-
IgorZ.Automation.Settings.Debug.LogSignalPropagating,Rejestruj propagację sygnału,-
IgorZ.Automation.Settings.Debug.ReevaluateRulesOnLoad,Ponownie oceniaj zasady przy ładowaniu,-
IgorZ.Automation.Settings.Debug.ResetSignalsOnLoad,Resetuj niestandardowe sygnały po załadowaniu,-
IgorZ.Automation.Settings.EntityPanel.Header,Kontrolki na panelu budynku,-
IgorZ.Automation.Settings.EntityPanel.RulesDescriptionStyle,Styl opisu reguły,-
IgorZ.Automation.Settings.EntityPanel.RulesDescriptionStyle.HumanReadable,Tekst,-
IgorZ.Automation.Settings.EntityPanel.RulesDescriptionStyle.Script,Skrypt,-
IgorZ.Automation.Settings.EntityPanel.RulesDescriptionStyle.ScriptShort,Pseudo-skrypt,-
IgorZ.Automation.Settings.EntityPanel.EvalValuesInConditions,Oceń właściwą wartość w warunkach,-
IgorZ.Automation.Settings.EntityPanel.EvalValuesInActionArguments,Oceń wartości w argumentach akcji,-
IgorZ.Automation.Settings.EntityPanel.MaxRulesShown,Liczba reguł do wyświetlenia na panelu,-
IgorZ.Automation.Settings.ScriptEditor.Header,Edytor skryptów,-
IgorZ.Automation.Settings.ScriptEditor.DefaultScriptSyntax,Domyślna składnia wyrażeń,-
IgorZ.Automation.Settings.ScriptEditor.DefaultScriptSyntaxLisp,Lispowy,-
IgorZ.Automation.Settings.ScriptEditor.DefaultScriptSyntaxPython,Styl Pythona,-
IgorZ.Automation.Settings.ScriptEditor.DefaultScriptSyntaxTooltip,"Składnię można nadpisać w ciele wyrażenia, dodając prefiks '#PY' dla Pythona lub '#LP' dla Liska.",-
IgorZ.Automation.Settings.ScriptEngine.Header,Ustawienia silnika skryptów,-
IgorZ.Automation.Settings.ScriptEngine.CheckArgumentValues,Sprawdź wartość argumentu w czasie rzeczywistym,-
IgorZ.Automation.Settings.ScriptEngine.CheckOptionsArguments,Sprawdź argumenty z ustaloną listą wartości,-
IgorZ.Automation.Settings.ScriptEngine.SignalExecutionStackSize,Rozmiar stosu wykonania sygnału,-
IgorZ.Automation.DebugPickTool.DescriptionHint1,"Naciśnij <i>SHIFT</i>, aby wydrukować Dostępne.",-
IgorZ.Automation.DebugPickTool.DescriptionHint2,"Przytrzymaj <i>CTRL</i>, aby wydrukować krawędzie NavMesh.",-
IgorZ.Automation.Tool.tmpl.2LevelsDynamite.DisplayName,Wybuchnij dynamit 2 razy,-
IgorZ.Automation.Tool.tmpl.3LevelsDynamite.DisplayName,Wybuchnij dynamit 3 razy.,-
IgorZ.Automation.Tool.tmpl.4LevelsDynamite.DisplayName,Eksploduj dynamit 4 razy,-
IgorZ.Automation.Tool.tmpl.5LevelsDynamite.DisplayName,Wybuchnij dynamit pięć razy.,-
IgorZ.Automation.Tool.tmpl.6LevelsDynamite.DisplayName,Wybuchnij dynamit 6 razy,-
IgorZ.Automation.Tool.tmpl.RunIf1PlusCollectables.DisplayName,"Uruchom, jeśli są zbiory",-
IgorZ.Automation.Tool.tmpl.RunIf2PlusCollectables.DisplayName,"Uruchom, jeśli jest 2 lub więcej przedmiotów do zebrania",-
IgorZ.Automation.Tool.tmpl.RunIf3PlusCollectables.DisplayName,"Uruchom, jeśli jest 3 lub więcej przedmiotów do zebrania",-
IgorZ.Automation.Tool.tmpl.RunIf4PlusCollectables.DisplayName,"Uruchom, jeśli jest 4 lub więcej przedmiotów do zebrania",-
IgorZ.Automation.Tool.tmpl.RunIf5PlusCollectables.DisplayName,"Uruchom, jeśli jest 5 lub więcej przedmiotów do zebrania",-
IgorZ.Automation.Tool.tmpl.BeaversAtMinus10.Description,"Zastosuj ten szablon do budynków, które powinny pozostać wstrzymane, aż populacja bobrów spadnie o 10 bobrów poniżej obecnego poziomu.",-
IgorZ.Automation.Tool.tmpl.BeaversAtMinus10.DisplayName,Populacja bobrów -10,-
IgorZ.Automation.Tool.tmpl.BeaversAtMinus20.Description,"Zastosuj ten szablon do budynków, które powinny pozostać wstrzymane do momentu, gdy populacja bobrów spadnie o 20 bobrów poniżej obecnego poziomu.",-
IgorZ.Automation.Tool.tmpl.BeaversAtMinus20.DisplayName,Populacja bobrów -20,-
IgorZ.Automation.Tool.tmpl.BeaversAtPlus10.Description,"Zastosuj ten szablon do budynków, które powinny działać, aż populacja bobrów przekroczy obecny poziom o 10 bobrów.",-
IgorZ.Automation.Tool.tmpl.BeaversAtPlus10.DisplayName,Populacja bobrów +10,-
IgorZ.Automation.Tool.tmpl.BeaversAtPlus20.Description,"Zastosuj ten szablon do budynków, które powinny działać, dopóki populacja bobrów nie przekroczy obecnego poziomu o 20 bobrów.",-
IgorZ.Automation.Tool.tmpl.BeaversAtPlus20.DisplayName,Populacja bobrów +20,-
IgorZ.Automation.Tool.tmpl.BotsAtMinus10.Description,"Zastosuj ten szablon do budynków, które muszą pozostać wstrzymane, dopóki populacja bobrów nie spadnie o 10 poniżej obecnego poziomu.",-
IgorZ.Automation.Tool.tmpl.BotsAtMinus10.DisplayName,Populacja botów -10,-
IgorZ.Automation.Tool.tmpl.BotsAtMinus20.Description,"Zastosuj ten szablon do budynków, które muszą pozostać wstrzymane, aż populacja bobrów spadnie o 20 poniżej obecnego poziomu.",-
IgorZ.Automation.Tool.tmpl.BotsAtMinus20.DisplayName,Populacja botów -20,-
IgorZ.Automation.Tool.tmpl.BotsAtPlus10.Description,"Zastosuj szablon do budynków, które powinny działać, aż populacja botów przekroczy obecny poziom o 10 botów.",-
IgorZ.Automation.Tool.tmpl.BotsAtPlus10.DisplayName,Populacja botów +10,-
IgorZ.Automation.Tool.tmpl.BotsAtPlus20.Description,"Zastosuj ten szablon do budynków, które powinny działać, dopóki populacja botów nie przekroczy obecnego poziomu o 20 botów.",-
IgorZ.Automation.Tool.tmpl.BotsAtPlus20.DisplayName,Populacja botów +20,-
IgorZ.Automation.Tool.tmpl.EmptyAt50pct.DisplayName,"Opróżnij pamięć, jeśli pojemność jest powyżej 50%.",-
IgorZ.Automation.Tool.tmpl.EmptyAt60pct.DisplayName,"Opróżnij pamięć, jeśli pojemność przekracza 60%.",-
IgorZ.Automation.Tool.tmpl.EmptyAt70pct.DisplayName,"Opróżnij pamięć, jeśli pojemność przekracza 70%.",-
IgorZ.Automation.Tool.tmpl.EmptyAt80pct.DisplayName,"Opróżnij pamięć, jeśli pojemność jest powyżej 80%.",-
IgorZ.Automation.Tool.tmpl.EmptyAt90pct.DisplayName,"Opróżnij pamięć, jeśli pojemność przekracza 90%.",-
=,=,-
TimberDev_Utils.Settings.Debug.VerboseLogging,Rozszerzone logowanie,-
TimberDev_Utils.Settings.Debug.VerboseLoggingTooltip,"Logi będą miały więcej użytecznych szczegółów, ale może to wpłynąć na wydajność gry.",-
TimberDev_Utils.Settings.DebugSection,Debugowanie i rozwiązywanie problemów,-
TimberDev_Utils.Tools.LockSelectTool.DescriptionHint,"Przytrzymaj <i>SHIFT</i>, aby zaznaczyć tylko przedmioty jednego rodzaju.",-
TimberDev_Utils.Tools.LockSelectTool.SelectingNObjects,Wybieranie: {0} (x{1}),-
TimberDev_Utils.Tools.LockSelectTool.SelectingObject,Wybieranie: {0},-
TimberDev_Utils.Tools.LockSelectTool.StartObjectSelectingPrompt,"Kliknij, aby rozpocząć wybieranie: {0}",-
TimberDev_Utils.Tools.LockSelectTool.StartSelectingPrompt,"Wskaż obiekt i kliknij, aby rozpocząć wybieranie.",-
TimberDev_UI.AbstractDialog.UnsavedChangesConfirmation,Masz niezapisane zmiany. Czy chcesz je odrzucić?,-
IgorZ.Automation.Scripting.Editor.UnsavedChangesConfirmation,Istnieją niezapisane zmiany. Czy chcesz je odrzucić?,-
