ID,Text,Comment
KyP.PumpExtender.GlobalSettingsHeader,Globalny modyfikator pompy,-
KyP.PumpExtender.UseGlobalModifier,Użyj Globalnego Modyfikatora Pompy,-
KyP.PumpExtender.UseGlobalModifierToolTip,Zwiększa/zmniejsza wszystkie ustawienia pomp,-
KyP.PumpExtender.GlobalModifier,Globalny Modyfikator Pompy,-
KyP.PumpExtender.IndividualPumpSettings,Ustawienia indywidualnej pompy,-
KyP.Use.IndividualPumpSettings,Użyj indywidualnych ustawień pompy,-
KyP.Use.IndividualPumpSettingsTooltip,Włączenie tego spowoduje ustawienie opcji dla wszystkich pomp przy następnym załadunku. Może spowolnić ładowanie gry o kilka sekund.,-
