ID,Text,Comment
BeaverStatistics.TabName,Produkcja Bobrów,-
BeaverStatistics.KeyBinding,Zakładka Produktywności Bóbrów,-
BeaverStatistics.Settings.Header,Ustawienia statystyk bobrów,-
BeaverStatistics.Settings.UpdateInterval,Interwał aktualizacji (% dnia),-
BeaverStatistics.Settings.UpdateInterval.Tooltip,"Jak często aktualizować statystyki dla długoterminowych działań. 1% = 14,4 min, 10% = 2,4 godz., 100% = 24 godz.",-
BeaverStatistics.Settings.YellowThreshold,Żółty próg ostrzeżenia (%),-
BeaverStatistics.Settings.YellowThreshold.Tooltip,Zachowania zajmujące więcej niż ten procent będą wyświetlane na żółto,-
BeaverStatistics.Settings.RedThreshold,Próg Czerwonego Alarmu (%),-
BeaverStatistics.Settings.RedThreshold.Tooltip,Zachowania przekraczające ten procent będą wyświetlane na czerwono,-
BeaverStatistics.Behavior.WanderRootBehavior,Wędrować,-
BeaverStatistics.Behavior.CarryRootBehavior,Nieść,-
BeaverStatistics.Behavior.CharacterControlRootBehavior,Sterowany,-
BeaverStatistics.Behavior.DeadRootBehavior,Martwy,-
BeaverStatistics.Behavior.DieRootBehavior,Umieranie,-
BeaverStatistics.Behavior.ContaminateRootBehavior,Zanieczyszczony,-
BeaverStatistics.Behavior.CriticalNeederRootBehavior,Pilna potrzeba,-
BeaverStatistics.Behavior.StrandedRootBehavior,Zagubiony,-
BeaverStatistics.Behavior.WorkerRootBehavior,Pracownik,-
BeaverStatistics.Behavior.NeederRootBehavior,Potrzeba,-
BeaverStatistics.Behavior.SleepNeedBehavior,Potrzeba snu,-
BeaverStatistics.Behavior.ChildRootBehavior,Dziecko,-
BeaverStatistics.Behavior.BuilderHubWorkplaceBehavior,Praca w Hubie Budowniczym,-
BeaverStatistics.Behavior.BuildBehavior,Budowanie,-
BeaverStatistics.Behavior.EmptyInventoriesWorkplaceBehavior,Wypłukiwanie Zapasów,-
BeaverStatistics.Behavior.FarmHouseGoodStackRetrieverWorkplaceBehavior,Zbieranie z Farmy,-
BeaverStatistics.Behavior.FillInputWorkplaceBehavior,Wypełnianie wejścia,-
BeaverStatistics.Behavior.LumberjackFlagWorkplaceBehavior,Praca Drwala,-
BeaverStatistics.Behavior.GatherWorkplaceBehavior,Zbieranie,-
BeaverStatistics.Behavior.FarmHouseGoodStackRetrieverBehavior,Pobieranie z Farmy,-
BeaverStatistics.Behavior.HaulWorkplaceBehavior,Transportowanie,-
BeaverStatistics.Behavior.TimberborneWorkplaceBehavior,Zakład pracy,-
BeaverStatistics.Behavior.PlanterWorkplaceBehavior,Sadzenie,-
BeaverStatistics.Behavior.RecoveredGoodStackRetrievingBehavior,Odzykiwanie Towarów,-
BeaverStatistics.Behavior.ScavengerWorkplaceBehavior,Zbieractwo,-
BeaverStatistics.Behavior.WaitInsideIdlyWorkplaceBehavior,Czekanie bezczynnie,-
BeaverStatistics.Behavior.YieldRemoverBehavior,Usuwanie Plonów,-
BeaverStatistics.Behavior.ProduceWorkplaceBehavior,Produkcja,-
BeaverStatistics.Behavior.WorkWorkplaceBehavior,Praca,-
BeaverStatistics.Behavior.WaitForInactiveWonderWorkplaceBehavior,Czekanie na Cud,-
BeaverStatistics.Behavior.SupplyGoodWorkplaceBehavior,Dostarczanie Towarów,-
BeaverStatistics.Behavior.ObtainGoodWorkplaceBehavior,Zdobywanie Towarów,-
BeaverStatistics.Behavior.BringNutrientWorkplaceBehavior,Przynoszenie składników odżywczych,-
BeaverStatistics.Behavior.LaborWorkplaceBehavior,Praca,-
BeaverStatistics.Behavior.FarmHouseWorkplaceBehavior,Praca w Domu Farmerów,-
BeaverStatistics.Behavior.EmptyOutputWorkplaceBehavior,Opuszczanie wyjścia,-
BeaverStatistics.Behavior.RemoveUnwantedStockWorkplaceBehavior,Usuwanie niepożądanego zapasu,-
BeaverStatistics.Behavior.DistrictCrossingWorkplaceBehavior,Przejście na Obszar,-
BeaverStatistics.Behavior.AttractionNeed,Potrzeba Atrakcji,-
BeaverStatistics.Behavior.InventoryNeed,Potrzeba Zasobów,-
BeaverStatistics.Executor.WalkToPositionExecutor,Idzie do pozycji,-
BeaverStatistics.Executor.WalkInsideExecutor,Spacer w środku,-
BeaverStatistics.Executor.ApplyEffectExecutor,Zastosowywanie Efektu,-
BeaverStatistics.Executor.WalkToAccessibleExecutor,Idzie do celu,-
BeaverStatistics.Executor.AnimateExecutor,Animowanie,-
BeaverStatistics.Executor.WaitExecutor,Czekanie,-
BeaverStatistics.Executor.WorkExecutor,Pracujący,-
BeaverStatistics.Executor.ProduceExecutor,Produkcja,-
BeaverStatistics.Executor.PlantExecutor,Sadzenie,-
BeaverStatistics.Executor.WalkToReservableExecutor,Idąc do rezerwacji,-
BeaverStatistics.Executor.RemoveYieldExecutor,Zbiór,-
BeaverStatistics.Executor.BuildExecutor,Budowanie,-
BeaverStatistics.Executor.DemolishExecutor,Rozbiórka,-
