ID,Text,Comment
Building.Dispensary.DisplayName,Dispensário,-
Building.Dispensary.Description,Você Quer Fumar?,-
Building.Dispensary.FlavorDescription,"Huh? O que? Cara, Onde Está Meu Carro?",-
Building.Creamery.DisplayName,Laticínio,-
Building.Creamery.Description,Um lugar onde a manteiga é produzida.,-
Building.Creamery.FlavorDescription,Creeeeeeemy,-
Good.Dabs.DisplayName,Concentrado,-
Good.Dabs.PluralDisplayName,Concentrados,-
Good.Marijuana.DisplayName,Maconha,-
Good.Marijuana.PluralDisplayName,Maconha,-
Good.Weed.DisplayName,Charuto de Maconha,-
Good.Weed.PluralDisplayName,Baseados de maconha,-
Good.WeedBrownies.DisplayName,Brownie de Maconha,-
Good.WeedBrownies.PluralDisplayName,Brownies de Maconha,-
Good.WeedButter.DisplayName,Butter de Maconha,-
Good.WeedButter.PluralDisplayName,Manteiga de Maconha,-
NatrualResources.Marijuana.DisplayName,Maconha,-
NatrualResources.Marijuana.Description,Folha Doce,-
NatrualResources.Marijuana.FlavorDescription,Folha Doce,-
Need.Weed.DisplayName,Ficando Alto,-
Recipe.Dabs.DisplayName,Concentrado,-
Recipe.Weed.DisplayName,Baseado de Maconha,-
Recipe.WeedBrownies.DisplayName,Brownies de Maconha,-
Recipe.WeedButter.DisplayName,Manteiga de Maconha,-
