ID,Text,Comment
GreedyEmbers.biofuel,Biodiesel,-
GreedyEmbers.displayname,Brasa Gananciosa,-
GreedyEmbers.description,Essas peles de brasa eram tão gananciosas por diversão que aprenderam a amar a água e se juntaram a uma divisão dos Construtores Gananciosos... que prontamente mudaram seu nome para Brases Gananciosas :D,-
GreedyBots,GreedyBot #,-
GreedyEmbers.WonderCompletion.Message,Bom trabalho!,-
GreedyEmbers.WonderCompletion.Flavour,"Foi um grande esforço, não foi? :D",-
GreedyEmbers.GameOver.Message,...Como você conseguiu?,-
GreedyEmbers.GameOver.Flavour,"Vamos lá, você consegue fazer melhor do que isso!",-
GreedyEmberBots,EmberBot Ganancioso #,-
GreedyEmbers.SoggyFur,Pelagem Encharcada,-
GreedyEmbers.SoakedFur,Pelo Encharcado,-
