ID,Text,Comment
UI.TW.SimpleWorkshopControl.Blocked,Várias condições de controle não atendidas,-
UI.TW.SimpleWorkshopControl.BlockedInput,Condição de Ingredientes Automáticos não atendida,-
UI.TW.SimpleWorkshopControl.BlockedProduct,Condição de produtos automáticos não atendida,-
UI.TW.SimpleWorkshopControl.BlockedUser,Condição de controle do usuário não atendida,-
UI.TW.SimpleWorkshopControl.BlockedPlanting,Condição de plantio automático não atendida,-
UI.TW.SimpleWorkshopControl.BlockedPopulation,Condição da população não atendida,-
UI.TW.SimpleWorkshopControl.BlockedHarvest,Nada adequado para colher,-
UI.TW.SimpleWorkshopControl.BlockedWeather,Condição climática não atendida,-
UI.TW.SimpleWorkshopControl.BlockedScience,Condição de ciência não atendida,-
UI.TW.SimpleWorkshopControl.BlockedWaterLevel,Condição do nível da água não atendida,-
UI.TW.SimpleWorkshopControl.BlockedContamination,Condição de contaminação da água não atendida,-
UI.TW.SimpleWorkshopControl.SciencePoints,Pontos de Ciência,-
UI.TW.SimpleWorkshopControl.BotPopulation,População de Bots,-
UI.TW.SimpleWorkshopControl.BeaverPopulation,População de Castores,-
UI.TW.SimpleWorkshopControl.BeaverGlobalPopulation,"População de Castores, Global",-
UI.TW.SimpleWorkshopControl.BeaverDistrictPopulation,"População de Castores, Distrito",-
UI.TW.SimpleWorkshopControl.BotGlobalPopulation,"População de Bots, Global",-
UI.TW.SimpleWorkshopControl.BotDistrictPopulation,"População de Bots, Distrito",-
UI.TW.SimpleWorkshopControl.WorkshopControls,Controles da Oficina,-
UI.TW.SimpleWorkshopControl.Hide,Esconder,-
UI.TW.SimpleWorkshopControl.RequireInputs,Ingredientes Automáticos,-
UI.TW.SimpleWorkshopControl.UseAutoProducts,Produtos Automáticos,-
UI.TW.SimpleWorkshopControl.Controller,Controle do Usuário:,-
UI.TW.SimpleWorkshopControl.AutoPlanting,Plantio Automático,-
UI.TW.SimpleWorkshopControl.UseHarvestCheck,Verificar colheita,-
UI.TW.SimpleWorkshopControl.NullGoodId,Nenhum,-
UI.TW.SimpleWorkshopControl.Percent,Porcentagem,-
UI.TW.SimpleWorkshopControl.Value,Valor,-
UI.TW.SimpleWorkshopControl.Invert,Inverter,-
UI.TW.SimpleWorkshopControl.Start,Iniciar,-
UI.TW.SimpleWorkshopControl.Stop,Parar,-
UI.TW.SimpleWorkshopControl.CurrentStock,Estoque,-
UI.TW.SimpleWorkshopControl.Capacity,Capacidade,-
UI.TW.SimpleWorkshopControl.InfoHeader,Informações do Controle da Oficina,-
UI.TW.SimpleWorkshopControl.AtOrBelow,igual ou abaixo,-
UI.TW.SimpleWorkshopControl.AtOrAbove,igual ou acima,-
UI.TW.SimpleWorkshopControl.Below,abaixo,-
UI.TW.SimpleWorkshopControl.Above,acima,-
UI.TW.SimpleWorkshopControl.ZeroCapacityProductWarning,! Produto de capacidade zero; o controle usará a porcentagem do inventário de saída do edifício em vez da porcentagem do armazenamento externo para esses produtos.,-
UI.TW.SimpleWorkshopControl.ZeroCapacityIngredientWarning,! Ingrediente de capacidade zero; o controle comparará os bens disponíveis às necessidades da receita em vez de à porcentagem da capacidade (aplica-se a todos os ingredientes).,-
UI.TW.SimpleWorkshopControl.GlobalInventoryFallback,Nenhum distrito disponível. Usando inventário global.,-
ModSetting.TWSimpleWorkshopControl.ShowStatusIcons,Exibir ícones de status,-
ModSetting.TWSimpleWorkshopControl.ShowStatusIconsDesc,Um ícone de status aparecerá acima dos edifícios bloqueados,-
ModSetting.TWSimpleWorkshopControl.RequireInputsDefault,Ingredientes automáticos por padrão,-
ModSetting.TWSimpleWorkshopControl.RequireInputsDefaultDesc,Os edifícios recém-construídos começarão com Ingredientes Automáticos ativados.,-
ModSetting.TWSimpleWorkshopControl.AutoProductsDefault,Produto automático padrão,-
ModSetting.TWSimpleWorkshopControl.AutoProductsDefaultDesc,Os edifícios recém-construídos começarão com Produtos Automáticos ativados,-
ModSetting.TWSimpleWorkshopControl.RecipeRequirementStart,Inicio padrão dos ingredientes automáticos,-
ModSetting.TWSimpleWorkshopControl.RecipeRequirementStartDesc,Os edifícios de ingredientes automáticos começarão quando todos os ingredientes atingirem esta porcentagem da capacidade global.,-
ModSetting.TWSimpleWorkshopControl.RecipeRequirementStop,Parada padrão de ingredientes automático,-
ModSetting.TWSimpleWorkshopControl.RecipeRequirementStopDesc,As fábricas de ingredientes automáticas pararão quando qualquer ingrediente cair abaixo deste percentual da capacidade global.,-
ModSetting.TWSimpleWorkshopControl.AutoProductStart,Inicio automático de produtos padrão,-
ModSetting.TWSimpleWorkshopControl.AutoProductStartDesc,Os edifícios de produção automática começarão quando todos os produtos estiverem abaixo deste percentual da capacidade global,-
ModSetting.TWSimpleWorkshopControl.AutoProductStop,Parada automática de produtos padrão,-
ModSetting.TWSimpleWorkshopControl.AutoProductStopDesc,Os edifícios de produção automática pararão quando qualquer produto estiver acima desta porcentagem da capacidade global.,-
ModSetting.TWSimpleWorkshopControl.UIMinHeight,Altura mínima da UI,-
ModSetting.TWSimpleWorkshopControl.UIMinHeightDesc,Controla quanto espaço o fragmento de controle pode usar no painel da entidade,-
ModSetting.TWSimpleWorkshopControl.UIMaxHeight,Altura máxima da UI,-
ModSetting.TWSimpleWorkshopControl.UIMaxHeightDesc,Controla quanto espaço o fragmento de controle pode usar no painel da entidade,-
ModSetting.TWSimpleWorkshopControl.AutoPlantingDefault,Plantio automático padrão,-
ModSetting.TWSimpleWorkshopControl.AutoPlantingDefaultDesc,Edifícios recém-construídos começarão com o Plantio Automático ativado,-
UI.TW.SimpleWorkshopControl.AutoPlantingCooldown,Tempo de recarga:,-
UI.TW.SimpleWorkshopControl.HarvestCheckCooldown,Tempo de recarga:,-
UI.TW.SimpleWorkshopControl.UseGlobalInventory,Inventário Global,-
ModSetting.TWSimpleWorkshopControl.GlobalInventory,Usar inventário global,-
ModSetting.TWSimpleWorkshopControl.GlobalInventoryDesc,Utilize o inventário global em vez do inventário do distrito.,-
ModSetting.TWSimpleWorkshopControl.PerBuildingGlobalInventory,Inventário global por edifício,-
ModSetting.TWSimpleWorkshopControl.PerBuildingGlobalInventoryDesc,Selecione o inventário global ou do distrito em cada edifício. A configuração 'usar inventário global' acima desta será usada como padrão para novos edifícios.,-
ModSetting.TWSimpleWorkshopControl.GoodsMax,Máximo do controle deslizante de bens,-
ModSetting.TWSimpleWorkshopControl.GoodsMaxDesc,O valor máximo permitido para os controles deslizantes de controle do usuário,-
ModSetting.TWSimpleWorkshopControl.PopulationMax,Máximo do controle deslizante de população,-
ModSetting.TWSimpleWorkshopControl.PopulationMaxDesc,O valor máximo permitido para os controles deslizantes do usuário,-
ModSetting.TWSimpleWorkshopControl.ScienceMax,Máximo do controle deslizante de ciência,-
ModSetting.TWSimpleWorkshopControl.ScienceMaxDesc,O valor máximo permitido para os controles deslizantes de usuário,-
ModSetting.TWSimpleWorkshopControl.CheckHarvestableCooldown,Verificar cooldown de colheita,-
ModSetting.TWSimpleWorkshopControl.CheckHarvestableCooldownDesc,Número padrão de horas de castor para manter o edifício ativo após não haver plantas colecionáveis.,-
ModSetting.TWSimpleWorkshopControl.harvestCheckDefault,Verificar padrão de colheita,-
ModSetting.TWSimpleWorkshopControl.HarvestCheckDefaultDesc,Os edifícios recém-construídos começarão com a opção Verificar Colhível ativada,-
UI.TW.SimpleWorkshopControl.TT.HarvestCheckToggle,Desligar quando não há nada para colher,-
UI.TW.SimpleWorkshopControl.TT.HarvestCooldown,Permanece ativo por este tempo após a colheita ser concluída (em horas-de-capivara),-
UI.TW.SimpleWorkshopControl.TT.IncreaseUI,Aumentar a altura da interface,-
UI.TW.SimpleWorkshopControl.TT.DecreaseUI,Diminuir altura da interface,-
UI.TW.SimpleWorkshopControl.TT.HideUI,Ocultar controles de comportamento da oficina,-
UI.TW.SimpleWorkshopControl.TT.ShowBehaviorInfo,Mostrar informações atuais do comportamento,-
UI.TW.SimpleWorkshopControl.TT.UseGlobalInventory,Comparar inventário global ou do distrito,-
UI.TW.SimpleWorkshopControl.TT.AutoPlantingToggle,Ativar e desativar a construção quando houver plantio a ser feito,-
UI.TW.SimpleWorkshopControl.TT.AutoPlantingCooldown,Permanece ativo por este tempo após o plantio ser concluído (em horas de castor),-
UI.TW.SimpleWorkshopControl.TT.AutoIngredientsToggle,Desligar a construção quando os ingredientes estiverem baixos,-
UI.TW.SimpleWorkshopControl.TT.ShowSettings,Mostrar configurações,-
UI.TW.SimpleWorkshopControl.TT.HideSettings,Ocultar configurações,-
UI.TW.SimpleWorkshopControl.TT.AutoProductsToggle,Desligar construção quando os produtos estiverem acima de Parar,-
UI.TW.SimpleWorkshopControl.TT.UserControlInputChannel,Cano de entrada a ser usado para o comportamento de controle do usuário,-
UI.TW.SimpleWorkshopControl.TT.UserControlInvert,Trocar as posições de Iniciar e Parar,-
UI.TW.SimpleWorkshopControl.TT.UserPercentDropdown,Escolha se Iniciar e Parar são uma porcentagem ou um número absoluto,-
UI.TW.UI.TT.Start,Iniciar,-
UI.TW.UI.TT.Stop,Parar,-
ModSetting.TWSimpleWorkshopControl.UseToolTips,Mostrar Dicas,-
ModSetting.TWSimpleWorkshopControl.UseToolTipsDesc,Exibir pequenas janelas de ajuda ao passar o mouse sobre os controles (como esta aqui! =^.^= ),-
ModSetting.TWSimpleWorkshopControl.AutoPlantingFarmCooldown,Recuperação de plantio da fazenda,-
ModSetting.TWSimpleWorkshopControl.AutoPlantingFarmCooldownDesc,Quantas horas-de-castor as fazendas de plantio automático permanecerão ativas após o término do último trabalho de plantio.,-
ModSetting.TWSimpleWorkshopControl.AutoPlantingForesterCooldown,Tempo de recarga do plantio do Silvicultor,-
ModSetting.TWSimpleWorkshopControl.AutoPlantingForesterCooldownDesc,Quantas horas de castor os plantadores automáticos permanecerão ativos após o último trabalho de plantio ser concluído.,-
ModSetting.TWSimpleWorkshopControl.AutoIngredientsZeroCapMultiplier,Escala de zero-cap para ingredientes automáticos,-
ModSetting.TWSimpleWorkshopControl.AutoIngredientsZeroCapMultiplierDesc,"Quando não há capacidade de armazenamento para um recurso, os ingredientes automáticos verificarão o estoque disponível em relação à quantidade da receita multiplicada por este número (em vez de em relação a uma porcentagem da capacidade de armazenamento).",-
ModSetting.TWSimpleWorkshopControl.AutoIngredientsIncludeFuel,Incluir combustível,-
ModSetting.TWSimpleWorkshopControl.AutoIngredientsIncludeFuelDesc,Combustível será incluído como um ingrediente necessário.,-
UI.TW.SimpleWorkshopControl.TT.AutoProductsZeroCapWarning,Sem edifício de armazenamento para o(s) produto(s). Usando regras de capacidade zero (clique para mais informações),-
UI.TW.SimpleWorkshopControl.TT.AutoIngredientsZeroCapWarning,Sem edifício de armazenamento para ingrediente(s). Usando regras de capacidade zero (clique para mais info),-
ModSetting.TWSimpleWorkshopControl.PriorityHarvestDefault,Prioridade de colheita padrão,-
ModSetting.TWSimpleWorkshopControl.PriorityHarvestDefaultDesc,As construções recém-construídas começarão com o Prioritizador de Coleta ativado.,-
UI.TW.SimpleWorkshopControl.UsePriorityHarvest,Prioridade de colheita,-
UI.TW.SimpleWorkshopControl.TT.UsePriorityHarvestToggle,Definir automaticamente o recurso priorizado para o mais necessário.,-
UI.TW.SimpleWorkshopControl.WaterInputControl,Entrada de água,-
UI.TW.SimpleWorkshopControl.WaterOutputControl,Saída de água,-
UI.TW.SimpleWorkshopControl.UseWaterLevel,Nível da Água,-
UI.TW.SimpleWorkshopControl.TT.UseWaterLevelToggleIntake,Controle baseado no nível da água na entrada,-
UI.TW.SimpleWorkshopControl.TT.InvertWaterLevelIntake,Trocar os valores de início / fim,-
UI.TW.SimpleWorkshopControl.UseWaterContamination,Contaminação,-
UI.TW.SimpleWorkshopControl.TT.UseWaterContaminationToggleIntake,Controle baseado na contaminação da água na entrada,-
UI.TW.SimpleWorkshopControl.TT.InvertWaterContaminationIntake,Trocar os valores de início / parar,-
ModSetting.TWSimpleWorkshopControl.WaterInputLevelDefault,Nível de água de entrada,-
ModSetting.TWSimpleWorkshopControl.WaterInputLevelDefaultDesc,Edifícios recém-construídos começarão com seu controlador de nível de água de entrada ativado.,-
ModSetting.TWSimpleWorkshopControl.WaterInputUsePipe,Nível do tubo de entrada,-
ModSetting.TWSimpleWorkshopControl.WaterInputUsePipeDesc,"A profundidade da água será calculada a partir do fundo do tubo de entrada, em vez da profundidade total (possivelmente mais profunda).",-
ModSetting.TWSimpleWorkshopControl.WaterInputStart,Nível de água inicial,-
ModSetting.TWSimpleWorkshopControl.WaterInputStartDesc,Valor inicial padrão para os controles do nível de água de entrada,-
ModSetting.TWSimpleWorkshopControl.WaterInputStop,Parada do nível da água,-
ModSetting.TWSimpleWorkshopControl.WaterInputStopDesc,Valor padrão de parada para os controles do nível de água de entrada,-
ModSetting.TWSimpleWorkshopControl.WaterInputContaminationDefault,Contaminação da água de entrada,-
ModSetting.TWSimpleWorkshopControl.WaterInputContaminationDefaultDesc,Edifícios recém-construídos começarão com o controlador de nível de contaminação da água de entrada ativado.,-
ModSetting.TWSimpleWorkshopControl.WaterInputContaminationStart,Início da contaminação,-
ModSetting.TWSimpleWorkshopControl.WaterInputContaminationStartDesc,Valor inicial padrão para controles de contaminação da água de entrada,-
ModSetting.TWSimpleWorkshopControl.WaterInputContaminationStop,Parada de contaminação,-
ModSetting.TWSimpleWorkshopControl.WaterInputContaminationStopDesc,Valor padrão de parada para os controles de contaminação da água de entrada,-
ModSetting.TWSimpleWorkshopControl.WaterOutputLevelDefault,Nível de água de saída,-
ModSetting.TWSimpleWorkshopControl.WaterOutputLevelDefaultDesc,Edifícios recém-construídos começarão com seu controlador de nível de saída de água ativado,-
ModSetting.TWSimpleWorkshopControl.WaterOutputStart,Nível de água inicial,-
ModSetting.TWSimpleWorkshopControl.WaterOutputStartDesc,Valor inicial padrão para controle dos níveis de água de saída,-
ModSetting.TWSimpleWorkshopControl.WaterOutputStop,Parada do nível da água,-
ModSetting.TWSimpleWorkshopControl.WaterOutputStopDesc,Valor de parada padrão para controles do nível de água de saída,-
ModSetting.TWSimpleWorkshopControl.WaterOutputContaminationDefault,Contaminação da água de saída,-
ModSetting.TWSimpleWorkshopControl.WaterOutputContaminationDefaultDesc,Edifícios recém-construídos começarão com o controlador de nível de contaminação da água de saída ativado.,-
ModSetting.TWSimpleWorkshopControl.WaterOutputContaminationStart,Início da contaminação,-
ModSetting.TWSimpleWorkshopControl.WaterOutputContaminationStartDesc,Valor padrão de início para os controles de contaminação da água de saída,-
ModSetting.TWSimpleWorkshopControl.WaterOutputContaminationStop,Interrupção da contaminação,-
ModSetting.TWSimpleWorkshopControl.WaterOutputContaminationStopDesc,Valor padrão de parada para controles de contaminação da água de saída,-
ModSetting.TWSimpleWorkshopControl.ShowUserControl,Ativar controle do usuário,-
ModSetting.TWSimpleWorkshopControl.ShowUserControlDesc,"Ativa o comportamento antigo de controle do usuário. Isso proporciona um controle mais específico e permite controlar alguns tipos de construções adicionais, mas foi em grande parte substituído pelos comportamentos automáticos.",-
UI.TW.SimpleWorkshopControl.Population,População,-
UI.TW.SimpleWorkshopControl.MaintainPop,Manter,-
UI.TW.SimpleWorkshopControl.AtPop,Na,-
UI.TW.SimpleWorkshopControl.TT.PopulationControlToggle,Controle baseado na população,-
UI.TW.SimpleWorkshopControl.TT.PopulationMode,Escolha o tipo de população,-
UI.TW.SimpleWorkshopControl.TT.PopulationValue,População-alvo. A caixa aceita números acima do que o controle deslizante pode definir.,-
UI.TW.SimpleWorkshopControl.UseScience,Ciência,-
UI.TW.SimpleWorkshopControl.TT.UseScienceToggle,Controle baseado em pontos de ciência,-
ModSetting.TWSimpleWorkshopControl.UseScienceDefault,Ciência padrão,-
ModSetting.TWSimpleWorkshopControl.UseScienceDesc,Edifícios recém-construídos começarão com o controle de ciência ativado,-
ModSetting.TWSimpleWorkshopControl.ScienceStart,Começo da Ciência,-
ModSetting.TWSimpleWorkshopControl.ScienceStartDesc,Valor padrão de início da ciência,-
ModSetting.TWSimpleWorkshopControl.ScienceStop,Parar ciência,-
ModSetting.TWSimpleWorkshopControl.ScienceStopDesc,Valor padrão de parada de ciência,-
ModSetting.TWSimpleWorkshopControl.EnableWeatherControl,Ativar controlador de clima,-
ModSetting.TWSimpleWorkshopControl.EnableWeatherControlDesc,Permite ligar e desligar edifícios com base no clima (apenas o clima padrão é suportado por enquanto),-
UI.TW.SimpleWorkshopControl.WeatherControl,Clima,-
UI.TW.SimpleWorkshopControl.TT.UseWeatherControlToggle,Controle baseado na construção do clima,-
UI.TW.SimpleWorkshopControl.WeatherSettings,Configurações,-
UI.TW.SimpleWorkshopControl.TT.WeatherSettingsButton,Definir opções de controle do clima,-
UI.TW.SimpleWorkshopControl.WeatherSettingsHeader,Selecionar climas ativos,-
UI.TW.SimpleWorkshopControl.WeatherActiveDuring,Ativo durante:,-
UI.TW.SimpleWorkshopControl.UseSluice,Controles de comporta,-
UI.TW.SimpleWorkshopControl.SluiceActiveState,Estado ativo,-
UI.TW.SimpleWorkshopControl.SluiceBlockedState,Estado inativo,-
UI.TW.SimpleWorkshopControl.UpstreamDepth,Profundidade a montante,-
UI.TW.SimpleWorkshopControl.FloodgateActiveHeight,Altura ativa,-
UI.TW.SimpleWorkshopControl.FloodgateBlockedHeight,Altura inativa,-
UI.TW.SimpleWorkshopControl.CurrentDepth,Profundidade atual,-
UI.TW.SimpleWorkshopControl.TT.UseSluiceControlToggle,Controlar eclusa,-
UI.TW.SimpleWorkshopControl.TT.SluiceActiveStateDropdown,Estado que a comporta usará quando ativa,-
UI.TW.SimpleWorkshopControl.TT.SluiceBlockedStateDropdown,Estado que a comporta usará quando inativa,-
UI.TW.SimpleWorkshopControl.TT.UseWaterLevelToggle,Controle baseado no nível da água do lado a montante da comporta,-
UI.TW.SimpleWorkshopControl.TT.SluiceWaterLevel,A comporta estará ativa acima desse nível de água a montante,-
UI.TW.SimpleWorkshopControl.TT.FloodgateActiveHeight,Altura da comporta enquanto ativa,-
UI.TW.SimpleWorkshopControl.TT.FloodgateBlockedHeight,Altura para a comporta enquanto inativa,-
UI.TW.SimpleWorkshopControl.CurrentStatus,Status atual:,-
UI.TW.SimpleWorkshopControl.SluiceActive,Ativo,-
UI.TW.SimpleWorkshopControl.SluiceInactive,Inativo,-
ModSetting.TWSimpleWorkshopControl.SluiceMax,Máx. do deslizador de água,-
ModSetting.TWSimpleWorkshopControl.SluiceMaxDesc,Valor máximo para o controle deslizante de profundidade a montante.,-
UI.TW.SimpleWorkshopControl.SluiceTimer,Temporizador,-
UI.TW.SimpleWorkshopControl.SluiceActiveFor,"Ativo por {0} dias, depois inativo por {1} dias.",-
UI.TW.SimpleWorkshopControl.SluiceTimerStartsAtDawn,O cronômetro começa ao amanhecer (o período inativo será expandido para cumprir isso),-
UI.TW.SimpleWorkshopControl.RoundTimerToDays,Começar ao Amanhecer,-
UI.TW.SimpleWorkshopControl.TimerLength,Duração total,-
UI.TW.SimpleWorkshopControl.TimerStart,Duração ativa,-
ModSetting.TWSimpleWorkshopControl.TimerMax,Timer máximo,-
ModSetting.TWSimpleWorkshopControl.TimerMaxDesc,"Duração máxima do temporizador, em dias",-
UI.TW.SimpleWorkshopControl.TT.UseTimer,Controle com temporizador,-
UI.TW.SimpleWorkshopControl.TT.StartAtDawn,Cada ciclo de temporizador começará ao amanhecer. A duração do temporizador será estendida até o próximo amanhecer.,-
UI.TW.SimpleWorkshopControl.TT.TimerLength,"Duração total do ciclo do temporizador, em dias",-
UI.TW.SimpleWorkshopControl.TT.TimerActiveDuration,Duração da fase ativa do ciclo do temporizador. Em dias,-
ModSetting.TWSimpleWorkshopControl.SectionSluice,<b><YellowHighlight>Controle de Eclusa:</YellowHighlight><b>,-
ModSetting.TWSimpleWorkshopControl.SectionGeneral,<b><DestaqueAmarelo>Geral:</DestaqueAmarelo><b>,-
ModSetting.TWSimpleWorkshopControl.SectionAutoIngredients,<b><YellowHighlight>Ingredientes Automáticos:</YellowHighlight><b>,-
ModSetting.TWSimpleWorkshopControl.SectionAutoProducts,<b><YellowHighlight>Produtos Automáticos:</YellowHighlight><b>,-
ModSetting.TWSimpleWorkshopControl.SectionPlanting,<b><YellowHighlight>Plantio:</YellowHighlight><b>,-
ModSetting.TWSimpleWorkshopControl.SectionScience,<b><YellowHighlight>Ciência:</YellowHighlight><b>,-
ModSetting.TWSimpleWorkshopControl.SectionHarvest,<b><YellowHighlight>Relacionados à colheita:</YellowHighlight><b>,-
ModSetting.TWSimpleWorkshopControl.SectionWaterInput,<b><YellowHighlight>Entrada de água:</YellowHighlight><b>,-
ModSetting.TWSimpleWorkshopControl.SectionWaterOutput,<b><YellowHighlight>Saída de água:</YellowHighlight><b>,-
UI.TW.SimpleWorkshopControl.RangeType,Escala,-
ModSetting.TWSimpleWorkshopControl.PerBuildingAutoSliders,Deslizadores automáticos por edifício,-
ModSetting.TWSimpleWorkshopControl.PerBuildingAutoSlidersDesc,"Quando marcado, os valores de início/parada para cada prédio podem ser escolhidos no jogo. Quando desmarcado, todos os prédios usarão os padrões da configuração do mod.",-
