ID,Text,Comment
Faction.LeafCoats.DisplayName,Guias Folhosas,-
Faction.LeafCoats.Description,"As Folhas de Pelagem têm uma afinidade por árvores e pela flora em geral. Elas gostam de construir de maneira que imita a natureza, incluindo uma estrutura expansiva que se assemelha a uma enorme árvore.  
Seu lema: <i>O caminho da Árvore.</i>",-
Bot.DisplayName.LeafCoats,Treebot {0},-
Building.DistrictCenter.FlavorDescription.LeafCoats,"""O caminho da Árvore."" — lema dos LeafCoats",-
Building.Levee.Curved.DisplayName,Barragem Curva,-
Building.HousingUnit.Small.LeafCoats.DisplayName,Pequena Unidade Habitacional,-
Building.HousingUnit.Small.LeafCoats.FlavorDescription,É melhor do que dormir no chão.,-
Building.HousingUnit.Medium.LeafCoats.DisplayName,Unidade Habitacional Média,-
Building.HousingUnit.Medium.LeafCoats.FlavorDescription,Uma casa inicial.,-
Building.HousingUnit.LeafCoats.DisplayName,Unidade Habitacional,-
Building.HousingUnit.LeafCoats.Description,Uma Unidade Habitacional em forma de um pedaço de tronco de árvore,-
Building.HousingUnit.LeafCoats.FlavorDescription,O céu é o limite!,-
Building.HousingUnit.Double.LeafCoats.DisplayName,Unidade Habitacional Dupla,-
Building.HousingUnit.Double.LeafCoats.Description,É como se fossem dois um em cima do outro.,-
Building.HousingUnit.Double.LeafCoats.FlavorDescription,Maior! Mais alto!,-
Building.MediumPile.DisplayName,Pilha Média,-
Building.Path2.LeafCoats.DisplayName,Caminho com corrimãos,-
Building.Path2.LeafCoats.Description,Esta versão do caminho sempre tem corrimãos.,-
Building.Path3.LeafCoats.DisplayName,Guarda-corpos de caminho,-
Building.Path3.LeafCoats.Description,Esta versão do caminho possui apenas corrimãos.,-
Building.Path4.LeafCoats.DisplayName,Caminho com Cerca,-
Building.Path4.LeafCoats.Description,Esta versão do caminho tinha uma borda de sebes.,-
Building.Path5.LeafCoats.DisplayName,Caminho de Cercas,-
Building.Path5.LeafCoats.Description,Esta versão do caminho é apenas uma borda de cerca.,-
Building.Floodgate.Flat.DisplayName,Portão de Inundação com Topo Plano,-
Building.DoubleFloodgate.Flat.DisplayName,Portão Duplo de Inundação com Topo Plano,-
Building.TripleFloodgate.Flat.DisplayName,Portão Triplo de Inundação com Topo Plano,-
Building.Floodgate.Flat.Description,Bloqueia a água até uma altura ajustável. Um novo design mais compacto que permite que você construa em cima deles.,-
Building.Branch.DisplayName,Ramo,-
Building.Branch.Description,Uma Ramificação. Pode se conectar ao lado de muitos edifícios estilo Árvore. Alguns edifícios preferirão se conectar a Ramificações ao invés de Caminhos.,-
Building.Branch.Bridge.DisplayName,Ponte de Ramificação,-
Building.Branch.Entrance.DisplayName,Entrada da Ramificação,-
Building.Branch.Entrance.Description,Uma peça de Ramificação com uma conexão de Caminho. Isso permite que os castores se movimentem entre Caminhos e Ramificações.,-
Building.TreeTrunk.Side.DisplayName,Bloco Lateral do Tronco de Árvore,-
Building.TreeTrunk.Corner.DisplayName,Bloco de Canto de Tronco de Árvore,-
Building.TreeTrunk.Description,Um bloco decorativo para preencher lacunas na estrutura da árvore,-
Building.TreeTrunk.Branch.DisplayName,Bloco Lateral de Tronco de Árvore com Acesso a Ramos,-
Building.TreeTrunk.Branch.Description,Um Bloco Lateral de Tronco de Árvore com uma Porta de um lado e conexão de Galho do outro. Isso permite que os castores passem entre os Caminhos (ou o eixo de acesso central da árvore) e um Galho.,-
Building.Grinder.DisplayName,Moedor,-
Building.Grinder.Description,Moê sucata em blocos de metal.,-
Building.DirtExcavator.FlavorDescription.LeafCoats,A raiz de árvore mais agressiva,-
Building.PowerDam.DisplayName,Represa de Energia,-
Building.PowerDam.Description,Conexões de Eixo de Energia estão disponíveis apenas nos lados opostos à direção do fluxo de água esperado.,-
Building.PowerLevee.DisplayName,Leito de Energia,-
Building.PowerLevee.Description,Um dique com um eixo de potência interno,-
Building.VerticalPowerShaftTunnel.DisplayName,Túnel do Eixo de Poder Vertical,-
Building.LeveeTunnel.DisplayName,Tunnel de Dique,-
Building.PowerLeveeTunnel.DisplayName,Túnel da Barragem de Energia,-
Building.TunnelOther.Description,"Túneis através do terreno, substituindo-o por outro edifício. Use a ferramenta de camada para ver sob o terreno ou estruturas.",-
Building.PowerTreadmill.DisplayName,Passadeira de Energia,-
Building.Garden.DisplayName,Jardim,-
Building.ObservationTerrace.DisplayName,Terraço de Observação,-
Building.Plaza.DisplayName,Praça,-
Building.PruningFlag.DisplayName,Flagra de Poda,-
Building.DiggerFlag.DisplayName,Flagra do Escavador,-
Building.DiggerFlag.Description,Coleta Terra de Terra Solta.,-
Building.DiggerFlag.FlavorDescription,Não coloca a terra em frascos,-
Building.LooseDirt.DisplayName,Terra Solta,-
Building.LooseDirt.Description,Terreno pronto para ser demolido. Solta terra quando removido.,-
Building.LooseDirt.FlavorDescription,Cavando o dia todo!,-
Building.LoosenDirt.DisplayName,Soltar Terreno,-
Building.LoosenDirt.Description,"Converta este bloco de terreno em Terra Solta, que pode ser removida. Pode ser usado apenas na superfície.",-
Building.RemoveDirt.DisplayName,Remover Terreno,-
Building.RemoveDirt.Description,"Os castores removerão este bloco de terreno.  
• <RedHighlight>Aviso:</RedHighlight> Objetos suportados por este bloco de terreno vão colapsar!",-
Building.LumberPress.DisplayName,Prensa de Madeira,-
Building.LumberPress.Description,Une Ramos em Troncos ou Tábuas.,-
Building.LumberPress.FlavorDescription,Uma alternativa saudável ao assassinato de árvores,-
Building.ToolFactory.DisplayName,Fábrica de Ferramentas,-
Building.ToolFactory.Description,Para criar ferramentas de terraformação.,-
Building.FoodProcessor.DisplayName,Processador de Alimentos,-
Building.FoodProcessor.Description,Transforma ingredientes em comida.,-
Building.Pile.DisplayName,Pilha,-
Building.Warehouse.DisplayName,Armazém,-
Building.DecorativeFloor.DisplayName,Chão Decorativo,-
Building.DecorativeFloor.Description,Painéis de piso puramente decorativos.,-
Building.LeveeZiplineBeam.DisplayName,Leito com Viga de Pendurado,-
Building.BotAssembler.Description.LeafCoats,"Montadora de Bots autônomos, que podem ajudar os castores em suas tarefas diárias. Projetada para ser colocada em cima da Fábrica de Peças de Bots quando construída na árvore.",-
Tobbert.Ladder.DisplayName,Escada,-
Tobbert.Ladder.Description,Uma plataforma que tem uma escada dentro.,-
Tobbert.Ladder.FlavorDiscription,'Mas como eles deveriam segurar seus itens?' -Pmduda,-
Good.Leaf.DisplayName,Folha,-
Good.Leaf.PluralDisplayName,Folhas,-
Good.Bark.DisplayName,Casca,-
Good.Bark.PluralDisplayName,Corta,-
Good.Branch.DisplayName,Ramo,-
Good.Branch.PluralDisplayName,Ramos,-
Good.Shovel.DisplayName,Pá,-
Good.Shovel.PluralDisplayName,Pás,-
Good.Apple.DisplayName,Maçã,-
Good.Apple.PluralDisplayName,Maçãs,-
Good.Lubricant.DisplayName,Lubrificante,-
Good.Lubricant.PluralDisplayName,Lubrificante,-
Good.ChestnutFlour.DisplayName,Farinha de Castanha,-
Good.ChestnutFlour.PluralDisplayName,Farinha de Castanha,-
Good.FermentedChestnut.DisplayName,Castanha Fermentada,-
Good.FermentedChestnut.PluralDisplayName,Castanhas Fermentadas,-
Good.FermentedDandelion.DisplayName,Dente-de-leão Fermentado,-
Good.FermentedDandelion.PluralDisplayName,Dente-de-leão Fermentado,-
Good.FermentedFruit.DisplayName,Fruto Fermentado,-
Good.FermentedFruit.PluralDisplayName,Fruto Fermentado,-
Good.Grapes.DisplayName,Uvas,-
Good.Grapes.PluralDisplayName,Uvas,-
Good.FancyApples.DisplayName,Maçã Chique,-
Good.FancyApples.PluralDisplayName,Maçãs Elegantes,-
Good.FruitSalad.DisplayName,Salada de Frutas,-
Good.FruitSalad.PluralDisplayName,Salada de Frutas,-
NaturalResource.AppleTree.DisplayName,Macieira,-
NaturalResource.AppleTree.FlavorDescription,As sementes foram trazidas por viajantes de terras distantes.,-
NaturalResource.GrapeVine.DisplayName,Videira,-
NaturalResource.GrapeVine.FlavorDescription,As uvas são uma ótima melhoria em relação às frutas vermelhas.,-
ToolGroups.Platforms,Plataformas e Salientes,-
ToolGroups.TreeBuildings,Estrutura de Árvore,-
ToolGroups.Industry,Indústria,-
ToolGroups.Bridges,Pontes,-
Zipline.DisplayName,Tirolas,-
NaturalResource.Eucalyptus.DisplayName,Eucalipto,-
NaturalResource.Eucalyptus.FlavorDescription,"Os eucaliptos soltam casca, vamos aproveitá-la!",-
NaturalResource.Willow.DisplayName,Salgueiro,-
NaturalResource.Willow.FlavorDescription,As árvores de salgueiro produzem muitos galhos e devem ser podadas regularmente.,-
Need.PlantMurderer.DisplayName,Assassino de Plantas,-
Building.MetalPlatform3x3.Ladder.DisplayName,Plataforma Metálica 3x3 com Escada,-
Building.MetalPlatform5x5.Ladder.DisplayName,Plataforma Metálica 5x5 com Escada,-
Building.DistrictGate.Description,Separa distritos.,-
Building.DistrictGate.DisplayName,Portão do Distrito,-
Building.DistrictGate.FlavorDescription,Você deve reunir seus suprimentos antes de seguir em frente.,-
Building.Dam.Top.DisplayName,Topo Decorativo da Barragem,-
Building.Dam.Top.Description,Uma peça de Decoração semelhante ao topo de uma Barreira.,-
Building.MetalLantern.DisplayName,Lanterna de Metal,-
Building.MetalGate.DisplayName,Portão de Metal,-
Building.MetalGate.Description,Um portão para a cerca de metal.,-
Need.Greenery.DisplayName,Vegetação,-
Building.HedgeGate.DisplayName,Portão de Cerca,-
Building.HedgeGate.Description,Um Portão para a Cerca.,-
Building.ArchBanner.DisplayName,Bandeira Arqueada,-
Building.LadderTunnel.DisplayName,Túnel de Escada,-
Building.GathererHut.DisplayName,Cabana do Coletor,-
