ID,Text,Comment
LV.MW.WeatherStart,{0} началось,-
LV.MW.WeatherEnd,{0} завершился,-
LV.MW.WeatherApproaching,{0} приближается,-
LV.MW.WeatherInProgress,{0} в процессе,-
LV.MW.EnableWeather,Включить,-
LV.MW.EnableWeatherDesc,Разрешено ли появление этой погоды.,-
LV.MW.StartCycle,Начать цикл,-
LV.MW.StartCycleDesc,"Минимальный цикл, в котором может произойти эта погода",-
LV.MW.Chance,Шанс,-
LV.MW.ChanceDesc,Весовая вероятность этого погодного условия при расчете погоды,-
LV.MW.MinDay,Минимальный день,-
LV.MW.MinDayDesc,"Минимальный день, когда происходит эта погода.",-
LV.MW.MaxDay,Максимальный день,-
LV.MW.MaxDayDesc,"Максимальный день, когда происходит эта погода.",-
LV.MW.HandicapPerc,Процент инвалидности,-
LV.MW.HandicapPercDesc,"В первый раз, когда эта погода наступает, ее продолжительность умножается на этот процент.",-
LV.MW.HandicapCycles,Инвалидные колеса,-
LV.MW.HandicapCyclesDesc,Количество циклов до достижения погоды полного (100%) времени.,-
LV.MW.Rain,Дождь,-
LV.MW.Monsoon,Муссон,-
LV.MW.SurprisinglyRefreshing,Удивительно Освежающий,-
LV.MW.MonsoonMultiplier,Максимальный множитель муссона,-
LV.MW.MonsoonMultiplierDesc,"Максимальный дополнительный множитель для монсунной погоды на максимуме. Это значение зависит от уровня сложности, как, например, Продолжительность.  
Значение по умолчанию: 350(%), что означает, что при отсутствии наложенных ограничений (цикл по умолчанию 5) вся сила водных источников составляет 350%.",-
LV.MW.Profiles,Профили,-
LV.MW.ProfilesDesc,"Экспорт и импорт настроек. Рекомендуется сделать сохранение, а затем перезагрузить его после импорта настроек, чтобы гарантировать правильное применение всех изменений.",-
LV.MW.ProfileImport,Импортировать,-
LV.MW.ProfileExport,Экспорт,-
LV.MW.ProfileError,Произошла ошибка: {0},-
LV.MW.TemperateDesc,Климат игры по умолчанию. Без эффектов.,-
LV.MW.DroughtDesc,Опасная засуха по умолчанию в игре. Источники воды прекращают производство воды.,-
LV.MW.BadtideDesc,Стандартная опасная погода с плохим приливом в игре. Все источники воды производят плохую воду.,-
LV.MW.RainDesc,"Ключ: LV.MW.RainDesc - Новый текст для перевода: ""Благоприятная погода. Эффекты:
- Все клетки насыщены водой, и загрязнение земли не происходит.
- Применяется Влажная Шерсть, когда Бобры не находятся в зданиях.
- На 25% короче, чем обычный умеренный сезон (по умолчанию)""",-
LV.MW.MonsoonDesc,Опасная погода. Все источники воды увеличивают свою продуктивность до 350% с учетом наложенного штрафа. Настраивается через модификатор Муссона.,-
LV.MW.SurprisinglyRefreshingDesc,«Опасная» погода без негативного воздействия. Все водные источники производят пресную воду. Очень коротко.,-
LV.MW.EnableModifier,Включить модификатор погоды {0},-
LV.MW.EnableModifierDesc,Включить модификатор погоды {0},-
LV.MW.AssociatedWeathers,Ассоциированная Погода:,-
LV.MW.AssociatedWeathersDesc,"Погоды, на которые будет влиять этот модификатор",-
LV.MW.EmptyBenignWeather,Нет благоприятной погоды,-
LV.MW.EmptyHazardousWeather,Нет опасной погоды,-
LV.MW.ModifierWeatherSettings,Настройки погоды,-
LV.MW.ModifierForWeather,Для погоды {0}:,-
LV.MW.ModifierWeatherEnabled,Включено,-
LV.MW.ModifierWeatherEnabledDesc,Может ли этот модификатор появиться для этой погоды,-
LV.MW.ModifierWeatherChance,Шанс,-
LV.MW.ModifierWeatherChanceDesc,"Вероятность появления этого модификатора, когда происходит эта погода",-
LV.MW.ModifierStartCycle,Начать цикл,-
LV.MW.ModifierStartCycleDesc,"Минимальный цикл, в котором этот модификатор может возникать при этой погоде",-
LV.MW.ShowSettings,Настройки погоды,-
LV.MW.SettingsNote,"Изменения в настройках вступят в силу только после следующего погодного цикла.
<YellowHighlight>- Вам следует сохранить игру перед редактированием.
- Вам следует сохранить игру и перезагрузить сохранение после редактирования.</YellowHighlight>",-
LV.MW.Filters,Фильтры:,-
LV.MW.BenignWeather,Мягкая погода,-
LV.MW.HazardousWeather,Опасная Погода,-
LV.MW.Weathers,Погоды,-
LV.MW.WeatherModifiers,Модификаторы Погоды,-
LV.MW.NoSettings,У этой погоды нет настроек для конфигурации.,-
LV.MW.BadtideModifier,Плохой прилив,-
LV.MW.BadtideModifierDesc,Все водные источники производят загрязненную воду.,-
LV.MW.DroughtModifier,Сушь,-
LV.MW.DroughtModifierDesc,Все источники воды перестают производить воду.,-
LV.MW.RainModifier,Дождь,-
LV.MW.RainModifierDesc,"Все клетки поливаются, загрязнения земли не происходит, и применяется Влажный мех, когда бобры находятся не в зданиях.",-
LV.MW.MonsoonModifier,Муссон,-
LV.MW.MonsoonModifierDesc,Все водные источники увеличивают свой выход до максимума.,-
LV.MW.RefreshingModifier,Обновляющий,-
LV.MW.RefreshingModifierDesc,Все источники воды производят пресную воду.,-
LV.MW.NewStageNotf,"Цикл {0}, Этап {1} начинается",-
LV.MW.EffNotf,Эффекты: {0},-
LV.MW.RainEff,Визуальный эффект дождя,-
LV.MW.RainEffDesc,"Измените настройки визуальных эффектов дождя. Эти настройки не влияют на игровой процесс. Эффект дождя используется во многих погодах. Эти настройки глобальны (не привязаны к сохранениям) и не экспортируются/импортируются с профилями.

Вы можете настроить или отключить эффект дождя в любое время, но для повторного включения, пожалуйста, перезагрузите своё сохранение.",-
LV.MW.RainEffEnable,Включить эффекты,-
LV.MW.RainEffIntensity,Интенсивность дождя,-
LV.MW.RainEffIntensityDesc,Настройте интенсивность визуальных эффектов дождя (частицы на ячейку карты). По умолчанию 0.2.,-
LV.MW.RainEffMaxParticles,Макс. частицы дождя,-
LV.MW.RainEffMaxParticlesDesc,Настройте максимальное количество частиц дождя на экране. По умолчанию 1000.,-
LV.MW.SettingsDisabled,<КрасныйВыделение>[Отключено]</КрасныйВыделение>,-
LV.MW.UnknownWeather,Неизвестный идентификатор погоды: {0},-
LV.MW.SettingsLocked,<RedHighlight>[Заперто из-за погоды]</RedHighlight>,-
LV.MW.CycleStages,Циклы,-
LV.MW.CycleStagesDesc,"Настройте разные этапы каждого цикла. С помощью этого мода вы можете иметь столько этапов в каждом цикле, сколько хотите.",-
LV.MW.StageAdd,Добавить стадию,-
LV.MW.StageRemove,Удалить стадию,-
LV.MW.StageUp,Подняться,-
LV.MW.StageDown,Опуститься,-
LV.MW.StageSkipChance,Шанс пропуска (%),-
LV.MW.StageSkipChanceDesc,Шанс пропуска этого этапа при определении цикла,-
LV.MW.StageBenignChance,Вероятность благоприятной погоды,-
LV.MW.StageBenignChanceDesc,Вероятность наступления благоприятной погоды на этом этапе,-
LV.MW.LengthMul,Множитель длины (%),-
LV.MW.LengthMulDesc,"Как только продолжительность погоды будет определена, эта стадия умножает эту продолжительность на это значение.",-
LV.MW.StageIndex,Этап {0},-
LV.MW.GenericSettings,Общие настройки,-
LV.MW.AlwaysShowHazDur,Всегда показывать продолжительность опасной погоды,-
LV.MW.AlwaysShowHazDurDesc,"Если включено, продолжительность опасной погоды всегда будет отображаться в панели погоды (это поведение по умолчанию в игре). Если выключено, вы будете знать только за 3 дня до начала следующей погоды.",-
LV.MW.GlobalSettings,Глобальные настройки,-
LV.MW.GlobalSettingsDesc,Эти настройки применяются глобально и влияют на все сохранения.,-
LV.MW.NoNewSetting,Нет нового игрового диалога,-
LV.MW.NoNewSettingDesc,Не показывать диалог настройки погоды при начале новой игры.,-
