ID,Text,Comment
BeaverStatistics.TabName,Продуктивность бобров,-
BeaverStatistics.KeyBinding,Вкладка производительности бобров,-
BeaverStatistics.Settings.Header,Настройки статистики бобров,-
BeaverStatistics.Settings.UpdateInterval,Интервал обновления (% дня),-
BeaverStatistics.Settings.UpdateInterval.Tooltip,"Как часто обновлять статистику для длительных мероприятий. 1% = 14.4 мин, 10% = 2.4 ч, 100% = 24 ч",-
BeaverStatistics.Settings.YellowThreshold,Желтый порог предупреждения (%),-
BeaverStatistics.Settings.YellowThreshold.Tooltip,"Поведения, занимающие более этого процента, будут показаны желтым цветом",-
BeaverStatistics.Settings.RedThreshold,Порог Красной тревоги (%),-
BeaverStatistics.Settings.RedThreshold.Tooltip,"Поведения, занимающие более этого процента, будут отображаться красным",-
BeaverStatistics.Behavior.WanderRootBehavior,Бродить,-
BeaverStatistics.Behavior.CarryRootBehavior,Носить,-
BeaverStatistics.Behavior.CharacterControlRootBehavior,Контролируемый,-
BeaverStatistics.Behavior.DeadRootBehavior,Мертвый,-
BeaverStatistics.Behavior.DieRootBehavior,Умирает,-
BeaverStatistics.Behavior.ContaminateRootBehavior,Загрязнённый,-
BeaverStatistics.Behavior.CriticalNeederRootBehavior,Критическая необходимость,-
BeaverStatistics.Behavior.StrandedRootBehavior,Застрявший,-
BeaverStatistics.Behavior.WorkerRootBehavior,Рабочий,-
BeaverStatistics.Behavior.NeederRootBehavior,Нужда,-
BeaverStatistics.Behavior.SleepNeedBehavior,Потребность во сне,-
BeaverStatistics.Behavior.ChildRootBehavior,Ребёнок,-
BeaverStatistics.Behavior.BuilderHubWorkplaceBehavior,Работа на строительном хабе,-
BeaverStatistics.Behavior.BuildBehavior,Строительство,-
BeaverStatistics.Behavior.EmptyInventoriesWorkplaceBehavior,Опустошение инвентарей,-
BeaverStatistics.Behavior.FarmHouseGoodStackRetrieverWorkplaceBehavior,Забор в фермерском доме,-
BeaverStatistics.Behavior.FillInputWorkplaceBehavior,Заполнение входа,-
BeaverStatistics.Behavior.LumberjackFlagWorkplaceBehavior,Работа лесоруба,-
BeaverStatistics.Behavior.GatherWorkplaceBehavior,Сбор,-
BeaverStatistics.Behavior.FarmHouseGoodStackRetrieverBehavior,Получение из фермерского дома,-
BeaverStatistics.Behavior.HaulWorkplaceBehavior,Перевозка,-
BeaverStatistics.Behavior.TimberborneWorkplaceBehavior,Рабочее место,-
BeaverStatistics.Behavior.PlanterWorkplaceBehavior,Сажение,-
BeaverStatistics.Behavior.RecoveredGoodStackRetrievingBehavior,Восстановление товаров,-
BeaverStatistics.Behavior.ScavengerWorkplaceBehavior,Собирательство,-
BeaverStatistics.Behavior.WaitInsideIdlyWorkplaceBehavior,Ожидание без дела,-
BeaverStatistics.Behavior.YieldRemoverBehavior,Убираем урожай,-
BeaverStatistics.Behavior.ProduceWorkplaceBehavior,Производство,-
BeaverStatistics.Behavior.WorkWorkplaceBehavior,Работа,-
BeaverStatistics.Behavior.WaitForInactiveWonderWorkplaceBehavior,Ожидание Чуда,-
BeaverStatistics.Behavior.SupplyGoodWorkplaceBehavior,Поставка товаров,-
BeaverStatistics.Behavior.ObtainGoodWorkplaceBehavior,Получение товаров,-
BeaverStatistics.Behavior.BringNutrientWorkplaceBehavior,Доставка питательных веществ,-
BeaverStatistics.Behavior.LaborWorkplaceBehavior,Трудится,-
BeaverStatistics.Behavior.FarmHouseWorkplaceBehavior,Работа на ферме,-
BeaverStatistics.Behavior.EmptyOutputWorkplaceBehavior,Опустошение выхода,-
BeaverStatistics.Behavior.RemoveUnwantedStockWorkplaceBehavior,Удаление нежелательного запаса,-
BeaverStatistics.Behavior.DistrictCrossingWorkplaceBehavior,Пересечение района,-
BeaverStatistics.Behavior.AttractionNeed,Потребность в привлечении,-
BeaverStatistics.Behavior.InventoryNeed,Нужда в инвентаре,-
BeaverStatistics.Executor.WalkToPositionExecutor,Идти к позиции,-
BeaverStatistics.Executor.WalkInsideExecutor,Прогулка внутри,-
BeaverStatistics.Executor.ApplyEffectExecutor,Применение эффекта,-
BeaverStatistics.Executor.WalkToAccessibleExecutor,Идёт к цели,-
BeaverStatistics.Executor.AnimateExecutor,Анимация,-
BeaverStatistics.Executor.WaitExecutor,Ожидание,-
BeaverStatistics.Executor.WorkExecutor,Работающий,-
BeaverStatistics.Executor.ProduceExecutor,Производство,-
BeaverStatistics.Executor.PlantExecutor,Сажение,-
BeaverStatistics.Executor.WalkToReservableExecutor,Идёт к резервируемому,-
BeaverStatistics.Executor.RemoveYieldExecutor,Сбор урожая,-
BeaverStatistics.Executor.BuildExecutor,Строительство,-
BeaverStatistics.Executor.DemolishExecutor,Снос,-
