ID,Text,Comment
LV.BDl.PickDecal,Выберите декаль,-
LV.BDl.Filter,Фильтр,-
LV.BDl.Reload,Перезагрузить декали,-
LV.BDl.BrowseDir,Просмотреть каталог,-
LV.BDl.Position,"Позиция [{0}, {1}, {2}]",-
LV.BDl.Rotation,"Вращение [{0}, {1}, {2}]",-
LV.BDl.Scale,Масштаб [{0}],-
LV.BDl.Color,"Цвет [{0}, {1}, {2}]",-
LV.BDl.FlipX,Перевернуть по X,-
LV.BDl.FlipY,Повернуть Y,-
LV.BDl.Add,Добавить декаль,-
LV.BDl.Change,Изменить декаль,-
LV.BDl.Remove,Удалить декаль,-
LV.BDl.RemoveConfirm,"Вы уверены, что хотите удалить этот декаль?",-
LV.BDl.DecalName,Декаль {0} [{1}],-
LV.BDl.PosTemplate,Позиция,-
LV.BDl.PosCustom,Выбрать шаблон,-
LV.BDl.PosTop,Верх,-
LV.BDl.PosFront,Перед,-
LV.BDl.PosRight,Право,-
LV.BDl.PosBack,Назад,-
LV.BDl.PosLeft,Лево,-
LV.BDl.PosFloor,Пол,-
LV.BDl.KeyBindingCopy,Декали зданий: Копировать,-
LV.BDl.KeyBindingPaste,Декали зданий: Вставить,-
LV.BDl.CopyNotf,Декаль скопирована,-
LV.BDl.CopyOneNotf,"Это здание имеет несколько декалей. Скопирована только первая. Чтобы скопировать конкретную декаль, используйте кнопку «Копировать» в панели этой декали.",-
LV.BDl.CopyButton,Копировать,-
LV.BDl.PasteButton,Вставить,-
LV.BDl.NoDecal,Здание не имеет декаля для копирования.,-
Name_BuildingDecalFragment,Декали зданий,-
