ID,Text,Comment
LV.Hospt.DoubleBed,Двухместная медицинская кровать,-
LV.Hospt.DoubleBedDesc,"Место, где два раненых бобра приходят отдохнуть.",-
LV.Hospt.DoubleBedFlavor,"""Я забираю левую сторону!"" —Собак",-
LV.Hospt.Hospital,Больница,-
LV.Hospt.HospitalDesc,"Место, где бобры могут отдохнуть и восстановиться после травм.",-
LV.Hospt.HospitalFlavor,"""Сестра! Я думаю, у меня занозы... повсюду."" — Сплинти",-
