ID,Text,Comment
LV.BRe.SmallBuildingName,Небольшая реликвия чертежа,-
LV.BRe.MediumBuildingName,Средняя реликвия чертежа,-
LV.BRe.LargeBuildingName,Большая реликвия чертежа,-
LV.BRe.BuildingDesc,"Древняя технология, которую можно выкопать, чтобы открыть альтернативные рецепты.",-
LV.BRe.BuildingFlavor,"Очевидно, хомяки пронумеровали все.",-
LV.BRe.SpawnNotif,Обнаружен {0}!,-
LV.BRe.ExpiresIn,Реликвия истечет через {0}д,-
LV.BRe.ConnectPrompt,"Подключите этот реликт к районной дороге, чтобы его excavate.",-
LV.BRe.PauseExcavation,Пауза: не собирать ресурсы.,-
LV.BRe.Connected,Эта реликвия excavируется с использованием ресурсов из {0},-
LV.BRe.ExcSteps,{0}/{1} шагов завершено.,-
LV.BRe.CurrStep,Копка: {0}д осталось,-
LV.BRe.ExcInfo,Во время excavations реликвии таймер истечения времени приостанавливается. Каждый шаг требует:,-
LV.BRe.Negotiate,Условия переговоров,-
LV.BRe.NegotiateConfirm,"Вы уверены, что хотите <b>договориться</b> о требованиях к excavations?
Стоимость будет изменена, но <RedHighlight>вся достигнутая прогрессия будет потеряна</RedHighlight>.
После переговоров вы не сможете провести еще одни в течение {0} дней.",-
LV.BRe.NegotiateCooldown,Время восстановления переговоров: {0}ч,-
LV.BRe.RelicExpired,{0} истек.,-
LV.BRe.StatusNoMaterial,Отсутствуют необходимые материалы.,-
LV.BRe.StatusNoMaterialShort,Недостаточно материалов для excavation,-
LV.BRe.StatusExcavationFinished,"Раскопки завершены, вы можете забрать свою награду!",-
LV.BRe.StatusExcavationFinishedShort,Чертеж готов!,-
LV.BRe.ChooseReward,Выберите вашу награду,-
LV.BRe.DigMore,Копай глубже,-
LV.BRe.DigMoreDesc,"Откажитесь от текущих наград и проведите раскопки снова, чтобы открыть новые. <RedHighlight>Все этапы раскопок должны быть выполнены снова</RedHighlight>.",-
LV.BRe.DigConfirm,"Вы уверены, что хотите отказаться от текущих наград и снова начать раскопки? <RedHighlight>Весь прогресс раскопок будет сброшен</RedHighlight>.",-
LV.BRe.RewardUnlock,Новый рецепт,-
LV.BRe.RewardCapacity,Улучшение ёмкости,-
LV.BRe.RewardTimeReduction,Сокращение времени,-
LV.BRe.RewardOutput,Увеличение выхода,-
LV.BRe.RewardScience,Бонус Науки,-
LV.BRe.RecipeTitle,<b><YellowHighlight>[{0}]</YellowHighlight> {1}</b>,-
LV.BRe.ConfirmReward,Подтвердите вашу награду,-
LV.BRe.RecipeHours,🕘 {0}ч,-
LV.BRe.RecipeCapacity,Вместимость: {0} циклов:,-
LV.BRe.RecipeUpgrading,Улучшенный статус:,-
LV.BRe.RecipeCurrent,Текущий показатель:,-
LV.BRe.ScienceRewardDesc,Получите <YellowHighlight>{0} Науки</YellowHighlight>.,-
LV.BRe.CapacityUpgradeDesc,Увеличьте емкость рецепта на <b>{0:+0%}</b>.,-
LV.BRe.TimeReductionDesc,Сократите время рецепта на <b>{0:-0%}</b>.,-
LV.BRe.OutputIncreaseDesc,Увеличьте выход рецепта на <b>{0:+0}</b>.,-
LV.BRe.UnlockRecipes,Разблокированные рецепты,-
LV.BRe.UpgradedRecipes,Улучшенные рецепты,-
LV.BRe.FuelCapacity,Ёмкость топлива: {0},-
LV.BRe.OpenUpgradeDialog,Все разблокировано,-
LV.BRe.OpenUpgradeDialogHotKey,Просмотреть улучшения реликвий чертежей,-
LV.BRe.OpenUpgradeDialogTitle,Улучшения реликвий чертежей,-
LV.BRe.NoUpgrades,Улучшения не разблокированы,-
LV.BRe.NoRecipes,Рецепты не разблокированы,-
LV.BRe.Recipe.WetPlank,Мокрая Доска,-
LV.BRe.Recipe.PressurePressedExtract,Экстракт под давлением,-
LV.BRe.Recipe.RoughCutGears,Необработанные шестерни,-
LV.BRe.Recipe.DirectGear,Прямые шестерни,-
LV.BRe.Recipe.HardenedGears,Крепкие шестеренки из смолы,-
LV.BRe.Recipe.StarchAssistedPaper,Крахмально-усиленная бумага,-
LV.BRe.Recipe.ReclaimedLog,Вторичная бревно,-
LV.BRe.Recipe.KilnDriedPlanks,Сушёные в печи доски,-
LV.BRe.Recipe.FermentedCasting,Ферментированный отлив,-
LV.BRe.Recipe.ChemflameSmelting,Химическая плавка,-
LV.BRe.Recipe.LaminatedCasting,Ламинированное литье,-
LV.BRe.Recipe.GreaseInjectedCasting,Литьё с инъекцией смазки,-
LV.BRe.Recipe.VacuumConcentration,Вакуумная Концентрация,-
LV.BRe.Recipe.IntegratedChemicalProcessing,Интегрированная химическая переработка,-
LV.BRe.Recipe.BoilingExtract,Кипящий экстракт,-
LV.BRe.Recipe.ExtractFueledExplosives,Взрывчатые вещества на основе экстракта Голнора,-
LV.BRe.Recipe.IronchemPlank,Железохимическая доска,-
LV.BRe.Recipe.CarefulReclamation,Осторожное восстановление,-
LV.BRe.Recipe.MillworkIntegration,Интеграция столярных работ,-
LV.BRe.Recipe.CaffeinatedEggplantRation,Кофеиновые баклажанные пайки,-
LV.BRe.Recipe.CaffeinatedAlgaeRation,Кофеиновый водорослевый рацион,-
LV.BRe.Recipe.CaffeinatedCornRation,Кофеиновый кукурузный рацион,-
LV.BRe.Recipe.SawdustBread,Хлеб из опилок,-
LV.BRe.Recipe.FlatBread,Плоский хлеб,-
LV.BRe.Recipe.RoastedCattail,Жареный рогоз,-
LV.BRe.Recipe.GrandForestBarbecue,Большой Лесной Барбекю,-
LV.BRe.Recipe.MixedGrainBaking,Смешанное зерновое выпекание,-
LV.BRe.Recipe.CornBoostedCanolaOil,Кукурузное масло с добавлением,-
LV.BRe.Recipe.CornCutCoffee,Кофе из кукурузы и нарезки,-
LV.BRe.Recipe.DilutedCanolaOil,Разбавленное рапсовое масло,-
Name_BlueprintRelicFragment,Реликвия Чертежа,-
LV.BRe.Rarity_Common,Обычный,-
LV.BRe.Rarity_Uncommon,Необычный,-
LV.BRe.Rarity_Rare,Редкий,-
