ID,Text,Comment
Building.OverhangPowerShaft.Description,Вал с навесом,-
Building.OverhangPowerShaft.FlavorDescription,Вал с нависом,-
Building.OverhangPowerShaft2x1.DisplayName,Выносной энергетический вал 2x1,-
Building.OverhangPowerShaft3x1.DisplayName,Выносной вал мощностью 3x1,-
Building.OverhangPowerShaft4x1.DisplayName,Выносной силовой вал 4x1,-
Building.OverhangPowerShaft5x1.DisplayName,Выносной энергошафт 5x1,-
Building.OverhangPowerShaft6x1.DisplayName,Переходной силовой вал 6x1,-
