ID,Text,Comment
IgorZ.Automation.CancelTool.Description,"Используйте этот инструмент, чтобы очистить любую автоматизацию на зданиях или строительных площадках.",-
IgorZ.Automation.CancelTool.Title,Отменить автоматизацию,-
IgorZ.Automation.CheckAccessBlockCondition.Blocking.Description,<ЖелтыйВыделитель>блокирует путь</ЖелтыйВыделитель>,-
IgorZ.Automation.CheckAccessBlockCondition.NotBlocking.Description,<YellowHighlight>не блокирует путь</YellowHighlight>,-
IgorZ.Automation.CheckAccessBlockCondition.NotYetReachable,"Строители пока не могут добраться до него, но путь строится.",-
IgorZ.Automation.CheckAccessBlockCondition.UnreachableAlert,Недоступная строительная площадка,-
IgorZ.Automation.CheckAccessBlockCondition.UnreachableStatus,"Строители не могут найти путь к этому участку. Возможно, здесь ничего нельзя построить.",-
IgorZ.Automation.DebugPickTool.Description,Печатает компоненты на выбранном объекте.,-
IgorZ.Automation.DebugPickTool.DescriptionHint1,"Удерживайте <i>SHIFT</i>, чтобы напечатать ""Доступно"".",-
IgorZ.Automation.DebugPickTool.DescriptionHint2,"Удерживайте <i>CTRL</i>, чтобы напечатать границы NavMesh.",-
IgorZ.Automation.DebugPickTool.Title,Отладочный инструмент,-
IgorZ.Automation.ShowStatusAction.AutomationErrorAlert,Ошибка автоматизации,-
IgorZ.Automation.ShowStatusAction.AutomationErrorDescription,Некоторые правила автоматизации не могут быть выполнены.,-
IgorZ.Automation.ShowStatusAction.HoldCompletionStatusText,"Ждем, когда закончатся работы на других зданиях.",-
IgorZ.Automation.ShowStatusAction.HoldConstruction,<YellowHighlight>удержание завершения</YellowHighlight>,-
IgorZ.Automation.ShowStatusAction.ResumeConstruction,<YellowHighlight>создание резюме</YellowHighlight>,-
IgorZ.Automation.Tool.tmpl.2LevelsDynamite.DisplayName,Взрыв динамита 2 раза,-
IgorZ.Automation.Tool.tmpl.3LevelsDynamite.DisplayName,Взорвать динамит 3 раза,-
IgorZ.Automation.Tool.tmpl.4LevelsDynamite.DisplayName,Взрыв динамита 4 раза,-
IgorZ.Automation.Tool.tmpl.5LevelsDynamite.DisplayName,Взорвать динамит 5 раз,-
IgorZ.Automation.Tool.tmpl.6LevelsDynamite.DisplayName,Взорвать динамит 6 раз,-
IgorZ.Automation.Tool.tmpl.RunIf1PlusCollectables.DisplayName,"Запускать, если есть collectibles",-
IgorZ.Automation.Tool.tmpl.RunIf2PlusCollectables.DisplayName,"Запускать, если есть 2 или более собирателей",-
IgorZ.Automation.Tool.tmpl.RunIf3PlusCollectables.DisplayName,"Запустить, если есть 3 или более собирателей",-
IgorZ.Automation.Tool.tmpl.RunIf4PlusCollectables.DisplayName,"Запускать, если есть 4 или болееCollectables",-
IgorZ.Automation.Tool.tmpl.RunIf5PlusCollectables.DisplayName,"Запускать, если 5 или более предметов для сбора",-
IgorZ.Automation.Tool.tmpl.HasCollectables.Description,"Примените этот шаблон к зданиям, которые должны работать, пока в радиусе здания есть доступные для срезки или сбора предметы.",-
IgorZ.Automation.Tool.tmpl.BadtideCloseFloodgate.Description,"Примените этот шаблон к затворным дверям, которые необходимо закрыть, когда начинается плохая приливная волна.",-
IgorZ.Automation.Tool.tmpl.BadtideCloseFloodgate.DisplayName,Закройте затвор при начале плохого прилива.,-
IgorZ.Automation.Tool.tmpl.BadtideOpenFloodgate.Description,"Примените этот шаблон на шлюзах, которые необходимо открыть, когда начинается высокая волна.",-
IgorZ.Automation.Tool.tmpl.BadtideOpenFloodgate.DisplayName,Открыть затвор в начале отлива,-
IgorZ.Automation.Tool.tmpl.BadtidePause.Description,"Примените этот шаблон к зданиям, которые должны оставаться в паузе во время плохих приливов.",-
IgorZ.Automation.Tool.tmpl.BadtidePause.DisplayName,Пауза во время нехорошего времени,-
IgorZ.Automation.Tool.tmpl.BeaversAtMax.Description,"Примените этот шаблон к зданиям, которые должны функционировать, пока есть свободные места.",-
IgorZ.Automation.Tool.tmpl.BeaversAtMax.DisplayName,"Запустите, пока популяция бобров не достигнет максимума.",-
IgorZ.Automation.Tool.tmpl.BeaversAtMinus10.Description,"Примените этот шаблон к зданиям, которые должны оставаться приостановленными, пока популяция бобров не снизится на 10 бобров ниже текущего уровня.",-
IgorZ.Automation.Tool.tmpl.BeaversAtMinus10.DisplayName,Популяция бобров -10,-
IgorZ.Automation.Tool.tmpl.BeaversAtMinus20.Description,"Примените этот шаблон к зданиям, которые должны оставаться приостановленными до тех пор, пока популяция бобров не упадет на 20 бобров ниже текущего уровня.",-
IgorZ.Automation.Tool.tmpl.BeaversAtMinus20.DisplayName,Популяция бобров -20,-
IgorZ.Automation.Tool.tmpl.BeaversAtPlus10.Description,"Примените этот шаблон к зданиям, которые должны функционировать до тех пор, пока популяция бобров не превысит текущий уровень на 10 бобров.",-
IgorZ.Automation.Tool.tmpl.BeaversAtPlus10.DisplayName,Популяция бобров +10,-
IgorZ.Automation.Tool.tmpl.BeaversAtPlus20.Description,"Примените этот шаблон к зданиям, которые должны функционировать до тех пор, пока количество бобров не превысит текущий уровень на 20 бобров.",-
IgorZ.Automation.Tool.tmpl.BeaversAtPlus20.DisplayName,Популяция бобров +20,-
IgorZ.Automation.Tool.tmpl.BotsAtMinus10.Description,"Примените этот шаблон к зданиям, которые должны оставаться приостановленными, пока численность населения бобров не упадет на 10 особей ниже текущего уровня.",-
IgorZ.Automation.Tool.tmpl.BotsAtMinus10.DisplayName,Популяция ботов -10,-
IgorZ.Automation.Tool.tmpl.BotsAtMinus20.Description,"Примените этот шаблон к зданиям, которые должны оставаться на паузе до тех пор, пока численность популяции бобров не снизится на 20 ниже текущего уровня.",-
IgorZ.Automation.Tool.tmpl.BotsAtMinus20.DisplayName,Популяция ботов -20,-
IgorZ.Automation.Tool.tmpl.BotsAtPlus10.Description,"Примените этот шаблон к зданиям, которые должны работать до тех пор, пока население ботов не превысит текущий уровень на 10 ботов.",-
IgorZ.Automation.Tool.tmpl.BotsAtPlus10.DisplayName,Популяция ботов +10,-
IgorZ.Automation.Tool.tmpl.BotsAtPlus20.Description,"Примените этот шаблон к зданиям, которые должны работать до тех пор, пока население ботов не превысит текущий уровень на 20 ботов.",-
IgorZ.Automation.Tool.tmpl.BotsAtPlus20.DisplayName,Популяция ботов +20,-
IgorZ.Automation.Tool.tmpl.ChainedBuildings.Description,"Примените этот шаблон к строительным площадкам, которые могут блокировать пути строителей. Примечание: Результаты не гарантированы, особенно если здания не на одном уровне.",-
IgorZ.Automation.Tool.tmpl.ChainedBuildings.DisplayName,Не блокируйте строителей.,-
IgorZ.Automation.Tool.tmpl.DroughtCloseFloodgate.Description,"Примените этот шаблон к затворным устройствам, которые должны закрываться, когда начинается засуха.",-
IgorZ.Automation.Tool.tmpl.DroughtCloseFloodgate.DisplayName,Закрыть затвор при начале засухи,-
IgorZ.Automation.Tool.tmpl.DroughtOpenFloodgate.Description,"Примените этот шаблон к затворным дверям, которые должны открываться, когда начинается засуха.",-
IgorZ.Automation.Tool.tmpl.DroughtOpenFloodgate.DisplayName,Открыть шлюз при начале засухи,-
IgorZ.Automation.Tool.tmpl.DroughtOpenFlowControl.Description,"Примените этот шаблон для зданий контроля водного потока (например, <YellowHighlight>Купол Непригодной Воды</YellowHighlight> или <YellowHighlight>Шлюз</YellowHighlight>), чтобы держать их открытыми во время засухи.",-
IgorZ.Automation.Tool.tmpl.DroughtOpenFlowControl.DisplayName,Контроль открытого потока воды во время засухи,-
IgorZ.Automation.Tool.tmpl.DroughtPause.Description,"Примените этот шаблон на здания, которые должны оставаться в паузе во время засухи.",-
IgorZ.Automation.Tool.tmpl.DroughtPause.DisplayName,Пауза во время засухи,-
IgorZ.Automation.Tool.tmpl.DynamiteNow.Description,"Автоматически взрывает динамит, когда строительство завершено. Этот шаблон также можно применить к законченному динамиту.",-
IgorZ.Automation.Tool.tmpl.DynamiteNow.DisplayName,Взорвать динамит сейчас,-
IgorZ.Automation.Tool.tmpl.EmitSelectedGood.Description,"Примените этот шаблон к зданиям, которые должны излучать сигнал о выбранном количестве товаров в хранилище. Сигнал может использоваться в условиях других зданий.",-
IgorZ.Automation.Tool.tmpl.EmitSelectedGood.DisplayName,Выдать сигнал о выбранном товаре,-
IgorZ.Automation.Tool.tmpl.EmptyAt50pct.DisplayName,"Очистите хранилище, если его заполняемость превышает 50%.",-
IgorZ.Automation.Tool.tmpl.EmptyAt60pct.DisplayName,"Опорожните хранилище, если его заполняемость превышает 60%.",-
IgorZ.Automation.Tool.tmpl.EmptyAt70pct.DisplayName,"Освободите хранилище, если его заполняемость превышает 70%.",-
IgorZ.Automation.Tool.tmpl.EmptyAt80pct.DisplayName,"Освободите хранилище, если его заполненность превышает 80%.",-
IgorZ.Automation.Tool.tmpl.EmptyAt90pct.DisplayName,"Опустошите хранилище, если его заполняемость превышает 90%.",-
IgorZ.Automation.Tool.tmpl.EmptyAtXpct.Description,"Этот шаблон можно применить к зданиям, которые производят товары и не имеют запасов сырья. Если уровень запасов <i>выходного</i> продукта превышает заранее определенный порог, здание перейдет в режим ""пустое"", что облегчит быструю ликвидацию товаров.",-
IgorZ.Automation.Tool.tmpl.FloodgateGroup.Description,"Примените этот шаблон к затворным сооружениям, чтобы синхронизировать их высоту.",-
IgorZ.Automation.Tool.tmpl.FloodgateGroup.DisplayName,Группа затворов,-
IgorZ.Automation.Tool.tmpl.PauseConstruction.Description,"Примените этот шаблон к строительным площадкам, которые следует приостановить, как только прогресс строительства достигнет 100%.",-
IgorZ.Automation.Tool.tmpl.PauseConstruction.DisplayName,Приостановить строительство,-
IgorZ.Automation.Tool.tmpl.RunIfCanPlan.Description,"Примените этот шаблон к зданиям, которые должны работать, пока в пределах досягаемости здания есть места для посадки.",-
IgorZ.Automation.Tool.tmpl.RunIfCanPlan.DisplayName,"Запустить, если что-то можно посадить",-
IgorZ.Automation.Tool.tmpl.PrioritizeByHaulers.Description,"Примените этот шаблон к зданиям, которые должны иметь приоритет для грузчиков после завершения строительства.",-
IgorZ.Automation.Tool.tmpl.PrioritizeByHaulers.DisplayName,Приорitize по грузчикам,-
IgorZ.Automation.Tool.tmpl.StreamGauge.Description,"Примените этот шаблон к датчикам потока, которые должны выдавать сигнал о текущем состоянии воды. Сигналы можно использовать в условиях для других зданий.",-
IgorZ.Automation.Tool.tmpl.StreamGauge.DisplayName,Сигнал потока,-
IgorZ.Automation.Tool.tmpl.TemperateCloseFloodgate.Description,"Примените этот шаблон на потоковые ворота, которые нужно закрыть, когда начинается температурный сезон.",-
IgorZ.Automation.Tool.tmpl.TemperateCloseFloodgate.DisplayName,Закройте затвор при начале умеренной погоды.,-
IgorZ.Automation.Tool.tmpl.TemperateOpenFloodgate.Description,"Примените этот шаблон для затворов, которые необходимо открыть, когда начинается теплая пора года.",-
IgorZ.Automation.Tool.tmpl.TemperateOpenFloodgate.DisplayName,Откройте затвор в начале умеренной погоды.,-
IgorZ.Automation.Tool.tmpl.TemperatePause.Description,"Примените этот шаблон к зданиям, которые должны оставаться в паузе в умеренную погоду.",-
IgorZ.Automation.Tool.tmpl.TemperatePause.DisplayName,Пауза во время умеренной погоды,-
IgorZ.Automation.Tool.tmpl.TemperateSemiOpenFloodgate.Description,"Примените этот шаблон для затворов, которые должны открываться на 0,5 м от их максимальной высоты, когда начинается теплая пора года.",-
IgorZ.Automation.Tool.tmpl.TemperateSemiOpenFloodgate.DisplayName,Немного открытый шлюз в умеренную погоду,-
IgorZ.Automation.Tool.tmpl.XLevelsDynamite.Description,"Этот шаблон можно использовать для динамита, независимо от того, законченный он или все еще строится. После завершения динамит сработает автоматически, и будет размещен новый чертеж динамита для более глубокого копания.",-
IgorZ.Automation.ToolGroup.Main.DisplayName,Настройка автоматизации,-
IgorZ.Automation.ToolGroup.Planting.DisplayName,"Правила, относящиеся к посадке и сбору",-
IgorZ.Automation.ToolGroup.Population.DisplayName,"Правила, связанные с населением",-
IgorZ.Automation.ToolGroup.Power.DisplayName,Электрические правила,-
IgorZ.Automation.ToolGroup.Signals.DisplayName,"Правила, связанные с сигналами",-
IgorZ.Automation.ToolGroup.Storage.DisplayName,"Правила, связанные с хранением",-
IgorZ.Automation.ToolGroup.Terrain.DisplayName,Правила изменения рельефа,-
IgorZ.Automation.ToolGroup.Water.DisplayName,"Правила, связанные с погодой",-
=,"Ключевое имя: = - Новый текст для перевода: ""=""",-
IgorZ.Automation.Scripting.Error.ValueOutOfRange,ОШИБКА: Значение вне диапазона,-
IgorZ.Automation.Scripting.Error.DivisionByZero,ОШИБКА: Деление на ноль,-
IgorZ.Automation.Scripting.Error.BadValue,ОШИБКА: Неверное значение,-
IgorZ.Automation.Scripting.Error.InternalError,ОШИБКА: Внутренняя ошибка,-
IgorZ.Automation.AutomationFragment.AndMoreRow,...и еще {0} правил...,-
IgorZ.Automation.AutomationFragment.BuildingSignalSource,{0} ({1}),-
IgorZ.Automation.AutomationFragment.ClearRulesBtnHint,Очистить все правила,-
IgorZ.Automation.AutomationFragment.ClearSignalsBtnHint,Очистить все сопоставления сигналов,-
IgorZ.Automation.AutomationFragment.CopyRulesBtnHint,Скопировать правила в другое здание,-
IgorZ.Automation.AutomationFragment.CopySignalsBtnHint,Скопировать сопоставления сигналов на другое здание,-
IgorZ.Automation.AutomationFragment.ExportRulesBtnHint,Экспортировать правила и сигналы в виде текста,-
IgorZ.Automation.AutomationFragment.ImportRulesBtnHint,Импортировать правила и сигналы из текста,-
IgorZ.Automation.AutomationFragment.RuleActionText,Тогда {0},-
IgorZ.Automation.AutomationFragment.RuleConditionText,"Если {0},",-
IgorZ.Automation.AutomationFragment.RulesCountText,Правила: {0},-
IgorZ.Automation.AutomationFragment.SetupRulesBtnHint,Установить правила,-
IgorZ.Automation.AutomationFragment.SetupSignalsBtnHint,"Настройте сигналы, которые будут видны другим зданиям",-
IgorZ.Automation.AutomationFragment.SignalsCountText,Сигналы: {0}/{1},-
IgorZ.Automation.Tool.CopyRules.Text,Скопируйте {0} правила,-
IgorZ.Automation.Tool.CopyRules.Title,Скопировать правила автоматизации,-
IgorZ.Automation.Scriptable.Collectable.Signal.CollectableReady,готов к сбору,-
IgorZ.Automation.Scriptable.Constructable.Signal.Progress,прогресс строительства,-
IgorZ.Automation.Scriptable.Constructable.Signal.State,состояние строительства,-
IgorZ.Automation.Scriptable.Constructable.Signal.State.Finished,Завершено,-
IgorZ.Automation.Scriptable.Debug.Action.LogNum,записать число в логи: {0},-
IgorZ.Automation.Scriptable.Debug.Action.LogStr,запишите строку в логи: '{0}',-
IgorZ.Automation.Scriptable.Debug.Action.Log,записать в журнал: '{0}',-
IgorZ.Automation.Scriptable.Debug.Signal.Ticker,счетчик,-
IgorZ.Automation.Scriptable.District.Signal.Beavers,бобры в районе,-
IgorZ.Automation.Scriptable.District.Signal.Bots,боты в районе,-
IgorZ.Automation.Scriptable.District.Signal.NumberOfBeds,кровати в районе,-
IgorZ.Automation.Scriptable.District.Signal.ResourceCapacity,вместимость района: {0},-
IgorZ.Automation.Scriptable.District.Signal.ResourceStock,запас района: {0},-
IgorZ.Automation.Scriptable.Dynamite.Action.Detonate,взорвать динамит,-
IgorZ.Automation.Scriptable.Dynamite.Action.DetonateAndRepeat,подорвать динамит и добавить ещё <GreenHighlight>{0} раз</GreenHighlight>,-
IgorZ.Automation.Scriptable.Floodgate.Action.SetHeight,установите высоту ворот на {0},-
IgorZ.Automation.Scriptable.Floodgate.Signal.Height,высота затвора,-
IgorZ.Automation.Scriptable.FlowControl.Action.Close,отключить поток,-
IgorZ.Automation.Scriptable.FlowControl.Action.Open,включить поток,-
IgorZ.Automation.Scriptable.Inventory.Action.EmptyingStatus,Хранилище освобождается на приоритетной основе.,-
IgorZ.Automation.Scriptable.Inventory.Action.StartEmptyingStock,начните освобождать хранилище,-
IgorZ.Automation.Scriptable.Inventory.Action.StopEmptyingStock,остановите очистку памяти,-
IgorZ.Automation.Scriptable.Inventory.Signal.InputGood,ввод: {0},-
IgorZ.Automation.Scriptable.Inventory.Signal.OutputGood,вывод: {0},-
IgorZ.Automation.Scriptable.Manufactory.Action.SetRecipe,установить рецепт: {0},-
IgorZ.Automation.Scriptable.Pausable.Action.Pause,пауза в строительстве,-
IgorZ.Automation.Scriptable.Pausable.Action.Resume,создание резюме,-
IgorZ.Automation.Scriptable.Plantable.Signal.SpotsReady,готово к посадке,-
IgorZ.Automation.Scriptable.Prioritizable.Action.ResetHaulers,- приоритизировать по перевозчикам,-
IgorZ.Automation.Scriptable.Prioritizable.Action.SetHaulers,+ приоритизировать по грузчикам,-
IgorZ.Automation.Scriptable.Signals.Action.Set,установить сигнал: {0} = {1},-
IgorZ.Automation.Scriptable.Signals.Signal.Get,сигнал: {0},-
IgorZ.Automation.Scriptable.StreamGauge.Signal.Contamination,загрязнение,-
IgorZ.Automation.Scriptable.StreamGauge.Signal.Current,текущий,-
IgorZ.Automation.Scriptable.StreamGauge.Signal.Depth,глубина,-
IgorZ.Automation.Scriptable.Weather.Signal.Season,сезон,-
IgorZ.Automation.Scriptable.Workplace.Action.RemoveWorkers,удалить рабочих,-
IgorZ.Automation.Scriptable.Workplace.Action.SetWorkers,назначить {0} работников,-
IgorZ.Automation.Scripting.Expressions.AndOperator,и,-
IgorZ.Automation.Scripting.Expressions.OrOperator,или,-
IgorZ.Automation.Scripting.Expressions.NotOperator,НЕ,-
IgorZ.Automation.Scripting.Expressions.ParseError,ОШИБКА ПАРСИНГА,-
IgorZ.Automation.Scripting.Editor.ActionLabel,Затем,-
IgorZ.Automation.Scripting.Editor.ActionMustBeAction,Действие должно быть оператором 'действие',-
IgorZ.Automation.Scripting.Editor.AddRuleFromScriptBtn,Добавить сценарий,-
IgorZ.Automation.Scripting.Editor.AddRuleViaConstructorBtn,Создайте правило через конструктор.,-
IgorZ.Automation.Scripting.Editor.ArgumentMaxValueHint,(макс: {0}),-
IgorZ.Automation.Scripting.Editor.ConditionLabel,Error,-
IgorZ.Automation.Scripting.Editor.ConditionMustBeBoolean,Условие должно быть булевым выражением,-
IgorZ.Automation.Scripting.Editor.ConditionMustHaveSignals,Условие должно содержать хотя бы один сигнал.,-
IgorZ.Automation.Scripting.Editor.DeletedRule,Правило удалено,-
IgorZ.Automation.Scripting.Editor.DialogHeader,Правила автоматизации,-
IgorZ.Automation.Scripting.Editor.DiscardChangesBtn,Отменить изменения,-
IgorZ.Automation.Scripting.Editor.DiscardScriptBtn,Отказаться,-
IgorZ.Automation.Scripting.Editor.EditAsScriptBtn,Сценарий,-
IgorZ.Automation.Scripting.Editor.EditInConstructorBtn,Конструктор,-
IgorZ.Automation.Scripting.Editor.ExportRulesBtn,Экспорт правил,-
IgorZ.Automation.Scripting.Editor.ImportRulesBtn,Импортировать правила,-
IgorZ.Automation.Scripting.Editor.MoreInfoBtn,Читать о скриптировании,-
IgorZ.Automation.Scripting.Editor.NumberConstantType,номер,-
IgorZ.Automation.Scripting.Editor.PendingEditsNotification,Существуют правила в режиме редактирования. Сначала завершите их.,-
IgorZ.Automation.Scripting.Editor.ReadMoreLink,https://github.com/ihsoft/TimberbornMods/wiki/Automation-(scripting),-
IgorZ.Automation.Scripting.Editor.ResetChangesBtn,Сбросить изменения,-
IgorZ.Automation.Scripting.Editor.RulesWithErrorsNotification,Некоторые правила содержат ошибки! Исправьте их сначала.,-
IgorZ.Automation.Scripting.Editor.SaveRulesBtn,Сохранить и закрыть,-
IgorZ.Automation.Scripting.Editor.SaveScriptBtn,Сохранить,-
IgorZ.Automation.Scripting.Editor.StringConstantType,строка,-
IgorZ.Automation.Scripting.Editor.TemplateFamilyLabel,Шаблон группы: {0},-
IgorZ.Automation.Scripting.Editor.TestScriptBtn,Тест,-
IgorZ.Automation.Scripting.SignalsEditor.DialogHeader,Настройка сигналов зданий,-
IgorZ.Automation.Scripting.SignalsEditor.BadSignalNameMsg,"❌ Неправильное имя сигнала! Имя должно начинаться с буквы и содержать только буквы, цифры и точки.",-
IgorZ.Automation.Scripting.Editor.ExportDialogHeader,Экспорт правил автоматизации,-
IgorZ.Automation.Scripting.Editor.ImportDialogHeader,Импорт правил автоматизации,-
IgorZ.Automation.Scripting.ImportDialog.AllowErrors,Импорт с ошибками,-
IgorZ.Automation.Scripting.ImportDialog.DeleteExistingRules,Удалить существующие правила,-
IgorZ.Automation.Scripting.ImportDialog.ReadMore,Читать о импортировании,-
IgorZ.Automation.Scripting.ImportDialog.ReadMoreUrl,https://github.com/ihsoft/TimberbornMods/wiki/Automation-export-import-concept,-
IgorZ.Automation.Scripting.ImportDialog.SkipFailedRules,Пропустить неудачные правила,-
IgorZ.Automation.Scripting.ImportRules.ActionNotApplicableError,Действие не применимо: {0},-
IgorZ.Automation.Scripting.ImportRules.ConditionNotApplicableError,Условие не применимо: {0},-
IgorZ.Automation.Scripting.ImportRules.ExpectedActionError,Ожидаемое выражение действия,-
IgorZ.Automation.Scripting.ImportRules.ExpectedConditionError,Ожидаемое условное выражение,-
IgorZ.Automation.Scripting.ImportRules.ImportError,Ошибка на строке {0}: {1},-
IgorZ.Automation.Scripting.ImportRules.IncompleteDeclarationError,Неполное объявление правила,-
IgorZ.Automation.Scripting.ImportRules.UnclosedMultiLineComment,Несконченный многострочный комментарий,-
IgorZ.Automation.Settings.Debug.PathCheckingProfiling,Логирование статистики проверки пути двигателя,-
IgorZ.Automation.Settings.Debug.LogSignalSetting,Записывать значения сигналов настроек,-
IgorZ.Automation.Settings.Debug.LogSignalPropagating,Журнал сигналов распространения,-
IgorZ.Automation.Settings.Debug.ReevaluateRulesOnLoad,Переоценить правила при загрузке,-
IgorZ.Automation.Settings.Debug.ResetSignalsOnLoad,Сбросить пользовательские сигналы при загрузке,-
IgorZ.Automation.Settings.EntityPanel.Header,Управление на панели строительства,-
IgorZ.Automation.Settings.EntityPanel.RulesDescriptionStyle,Стиль описания правила,-
IgorZ.Automation.Settings.EntityPanel.RulesDescriptionStyle.HumanReadable,Текст,-
IgorZ.Automation.Settings.EntityPanel.RulesDescriptionStyle.Script,Скрипт,-
IgorZ.Automation.Settings.EntityPanel.RulesDescriptionStyle.ScriptShort,Псевдоскрипт,-
IgorZ.Automation.Settings.EntityPanel.EvalValuesInConditions,Оцените правильное значение в условиях,-
IgorZ.Automation.Settings.EntityPanel.EvalValuesInActionArguments,Оценить значения в аргументах действия,-
IgorZ.Automation.Settings.EntityPanel.MaxRulesShown,Количество правил для отображения в панели,-
IgorZ.Automation.Settings.ScriptEditor.Header,Редактор скриптов,-
IgorZ.Automation.Settings.ScriptEditor.DefaultScriptSyntax,Синтаксис выражений по умолчанию,-
IgorZ.Automation.Settings.ScriptEditor.DefaultScriptSyntaxLisp,в стиле Lisp,-
IgorZ.Automation.Settings.ScriptEditor.DefaultScriptSyntaxPython,Питон-стиль,-
IgorZ.Automation.Settings.ScriptEditor.DefaultScriptSyntaxTooltip,"Синтаксис можно переопределить в теле выражения, добавив префикс '#PY' для Python или '#LP' для Lisp.",-
IgorZ.Automation.Settings.ScriptEngine.Header,Настройки движка сценариев,-
IgorZ.Automation.Settings.ScriptEngine.CheckArgumentValues,Проверить значение аргумента во время выполнения,-
IgorZ.Automation.Settings.ScriptEngine.CheckOptionsArguments,Проверьте аргументы с фиксированным набором значений,-
IgorZ.Automation.Settings.ScriptEngine.SignalExecutionStackSize,Размер стека выполнения сигнала,-
TimberDev_Utils.Settings.Debug.VerboseLogging,Подробное ведение журнала,-
TimberDev_Utils.Settings.Debug.VerboseLoggingTooltip,"Логи будут содержать более полезные детали, но это может повлиять на производительность игры.",-
TimberDev_Utils.Settings.DebugSection,Отладка и устранение неисправностей,-
TimberDev_Utils.Tools.LockSelectTool.DescriptionHint,"Удерживайте <i>SHIFT</i>, чтобы выбрать только элементы одного типа.",-
TimberDev_Utils.Tools.LockSelectTool.SelectingNObjects,Выбор: {0} (x{1}),-
TimberDev_Utils.Tools.LockSelectTool.SelectingObject,Выбор: {0},-
TimberDev_Utils.Tools.LockSelectTool.StartObjectSelectingPrompt,"Нажмите, чтобы начать выбор: {0}",-
TimberDev_Utils.Tools.LockSelectTool.StartSelectingPrompt,"Укажите на объект и нажмите, чтобы начать выбор",-
TimberDev_UI.AbstractDialog.UnsavedChangesConfirmation,Есть несохранённые изменения. Вы хотите discard их?,-
IgorZ.Automation.Scripting.Editor.UnsavedChangesConfirmation,Есть несохраненные изменения. Вы хотите отменить их?,-
