ID,Text,Comment
KnatteTobbert.Tunnel.Description,帮助海狸穿过山岭。,-
KnatteTobbert.Tunnel.FlavorDiscription,“这里好黑呀！”——海狸宝宝,-
KnatteTobbert.Bridge.Description,帮助海狸跨过山岭。上面可以铺设道路，或者建造传动轴。,-
KnatteTobbert.BridgeF.Description,帮助海狸跨过山岭。上面可以铺设道路，或者建造传动轴。<br><color=#FFFF1A>末端可以继续建造钢桥，或者其他建筑。</color>,-
KnatteTobbert.Bridge.FlavorDiscription,“这里好高啊！”——海狸宝宝,-
Knatte.SmallGate.DisplayName,地区交汇门,-
Knatte.SmallGate.Description,平衡两个相连地区之间的货物。每个地区都有自己的劳工，在地区交汇门和地区的其他地方运送物品。,-
Knatte.SmallGate.FlavorDescription,地区交汇点，你的老祖宗回来了！,-
Knatte.DecoSmallGate.DisplayName,拱门,-
Knatte.DecoSmallGate.Description,一个装饰门，来自海狸的古老年代。,-
Knatte.MetalPillar.DisplayName,金属支柱,-
Knatte.MetalPillars.DisplayName,双重金属支柱,-
Knatte.MetalPillar.Description,用金属建造的平台支柱，可以作为其他建筑的支撑。,-
Knatte.MetalPillar.FlavorDescription,“来打桩吧！”——海狸建筑工,-
Knatte.MetalPlatform.DisplayName,金属平台,-
Knatte.MetalPlatform.Description,用金属建造的平台，可以作为桥梁，或者其他建筑的地基。,-
Knatte.MetalPlatform.FlavorDescription,为什么它的缩略图这么小？,-
Knatte.MiddleOverhang.Description,朝两个方向突出的平台，可以作为桥梁，或者其他建筑的地基。,-
Knatte.MiddleOverhang.FlavorDescription,你想去哪边，左边还是右边？,-
Knatte.ArcOverhang.Description,两侧都有支柱的平台，可以作为桥梁，或者其他建筑的地基。,-
Knatte.ArcOverhang.FlavorDescription,摇啊摇，摇到外婆桥。,-
Knatte.MetalBigPillarBase.DisplayName,金属支撑柱底座,-
Knatte.MetalBigPillarMid.DisplayName,金属支撑柱中段,-
Knatte.MetalBigPillarTop.DisplayName,金属支撑柱顶部,-
Knatte.MetalBigPillar.Description,坚固的柱子，根据需要分成了多个结构。<br><color=#FFFF1A>顶部结构可以容纳平台和悬挑的支柱部分。</color>,-
Knatte.MetalBigPillar.FlavorDescription,为什么它的缩略图这么小？,-
KnatteTobbert.Tunnel_1.DisplayName,隧道 1x1,-
KnatteTobbert.Tunnel_2.DisplayName,隧道 2x1,-
KnatteTobbert.Tunnel_3.DisplayName,隧道 3x1,-
KnatteTobbert.Tunnel_4.DisplayName,隧道 4x1,-
KnatteTobbert.Tunnel_5.DisplayName,隧道 5x1,-
KnatteTobbert.Tunnel_6.DisplayName,隧道 6x1,-
KnatteTobbert.Tunnel_7.DisplayName,隧道 7x1,-
KnatteTobbert.Tunnel_8.DisplayName,隧道 8x1,-
KnatteTobbert.Tunnel_9.DisplayName,隧道 9x1,-
KnatteTobbert.Tunnel_1L.DisplayName,穿堤隧道,-
KnatteTobbert.Tunnel_1L.Description,帮助海狸穿过防洪堤。,-
Knatte.Subgroup_MGMetalPlatform.DisplayName,金属平台,-
Knatte.Subgroup_MGMetalOverhang.DisplayName,金属悬挑,-
Knatte.SubGroup_PE_Tunnel.DisplayName,隧道,-
Knatte.SubGroup_PE_SBridges.DisplayName,钢桥,-
Knatte.SubGroup_PE_BigMetalPillar.DisplayName,金属支撑柱,-
KnatteTobbert.Bridge_1.DisplayName,钢桥 1x1,-
KnatteTobbert.Bridge_2.DisplayName,钢桥 2x1,-
KnatteTobbert.Bridge_3.DisplayName,钢桥 3x1,-
KnatteTobbert.Bridge_4.DisplayName,钢桥 4x1,-
KnatteTobbert.Bridge_5.DisplayName,钢桥 5x1,-
KnatteTobbert.Bridge_6.DisplayName,钢桥 6x1,-
KnatteTobbert.Bridge_7.DisplayName,钢桥 7x1,-
KnatteTobbert.Bridge_8.DisplayName,钢桥 8x1,-
KnatteTobbert.Bridge_9.DisplayName,钢桥 9x1,-
KnatteTobbert.Bridge_10.DisplayName,钢桥 10x1,-
Knatte.MetalPlatform5x3.DisplayName,金属平台 5x3,-
Knatte.MiddleOverhang3x1.DisplayName,双向悬挑 3x1,-
Knatte.MiddleOverhang4x1.DisplayName,双向悬挑 4x1,-
Knatte.MiddleOverhang5x1.DisplayName,双向悬挑 5x1,-
Knatte.MiddleOverhang7x1.DisplayName,双向悬挑 7x1,-
Knatte.ArcOverhang3x1.DisplayName,拱形悬挑 3x1,-
Knatte.ArcOverhang4x1.DisplayName,拱形悬挑 4x1,-
Knatte.ArcOverhang5x1.DisplayName,拱形悬挑 5x1,-
Knatte.ArcOverhang6x1.DisplayName,拱形悬挑 6x1,-
Knatte.Aque_MetalBigPillarBase.DisplayName,水渠支撑柱底座,-
Knatte.Aque_MetalBigPillarMid.DisplayName,水渠支撑柱中段,-
Knatte.Aque_MetalBigPillarTop.DisplayName,水渠支撑柱顶部,-
Knatte.Aque_MetalBigPillar.Description,坚固的柱子，根据需要分成了多个结构。使用了水渠材质。<br><color=#FFFF1A>顶部结构可以容纳平台和悬挑的支柱部分。</color><br><color=#FFA500>水渠在 Water Extention 模组内。</color>,-
Knatte.Aque_MetalBigPillar.FlavorDescription,为什么它的缩略图这么小？,-
Knatte.Subgroup_PE_MetalPlatform.DisplayName,金属平台,-
Knatte.Subgroup_PE_MetalOverhang.DisplayName,金属悬挑,-
