ID,Text,Comment
LV.RL.Title,多彩光源,-
LV.RL.ForceOff,关闭照明,-
LV.RL.ForceOffAll,关闭所有{0}的照明,-
LV.RL.ForceNightLight,白天开启照明,-
LV.RL.LightConfig,光源{0}：,-
LV.RL.Intensity,强度,-
LV.RL.Color,颜色,-
LV.RL.Range,范围,-
LV.RL.Reset,重置,-
LV.RL.Shadow,阴影,-
LV.RL.KeybindingCopy,复制光源设置,-
LV.RL.KeybindingPaste,粘贴光源设置,-
LV.RL.ChangeColor,更改颜色,-
LV.RL.MoreOptions,更多选项,-
Name_RealLightsFragment,多彩光源,-
