ID,Text,Comment
TerrainTools.ToolGroupButton.Label,拓展地形工具,-
TerrainTools.KeyBindingGroup.Label,拓展地形工具,-
TerrainTools.Keybinding.Undo,撤销,-
TerrainTools.Keybinding.FastUndo,撤销 5 次,-
TerrainTools.Keybinding.Redo,重做,-
TerrainTools.Keybinding.FastRedo,重做 5 次,-
TerrainTools.Keybinding.CycleMode,循环模式,-
TerrainTools.Keybinding.Selection.PosUp,升高选区,-
TerrainTools.Keybinding.Selection.PosDown,降低选区,-
TerrainTools.Keybinding.Selection.PosForward,向上移动选区,-
TerrainTools.Keybinding.Selection.PosBack,向下移动选区,-
TerrainTools.Keybinding.Selection.PosLeft,向左移动选区,-
TerrainTools.Keybinding.Selection.PosRight,向右移动选区,-
TerrainTools.Keybinding.Selection.HeightUp,增加选区高度,-
TerrainTools.Keybinding.Selection.HeightDown,减少选区高度,-
TerrainTools.Keybinding.Selection.Copy,复制选区,-
TerrainTools.Keybinding.Selection.Cut,剪切选区,-
TerrainTools.Keybinding.Selection.Paste,粘贴选区,-
TerrainTools.Keybinding.Selection.RotateCW,顺时针旋转选区,-
TerrainTools.Keybinding.Selection.RotateCCW,逆时针旋转选区,-
TerrainTools.Keybinding.Selection.Flip,翻转选区,-
TerrainTools.Keybinding.Selection.Reset,重置选区,-
TerrainTools.Common.Button.Apply,应用,-
TerrainTools.Common.Button.Reset,重置,-
TerrainTools.Heightmap.Tool.Title,地形生成工具,-
TerrainTools.Heightmap.Tool.Warning,此工具会影响整个地图。,-
TerrainTools.Heightmap.Button.Generate,生成,-
TerrainTools.Heightmap.Checkbox.ClearObjects,清除地图物体,-
TerrainTools.Heightmap.Generate.Hint,点击{0}更新地形。,-
TerrainTools.Heightmap.Generate.Warning,{0}将被清除。此操作不可撤销。,-
TerrainTools.Heightmap.Clear.WaterSourcesOnly,所有水源,-
TerrainTools.Heightmap.Clear.All,所有物体,-
TerrainTools.Heightmap.Status.Idle,等待生成,-
TerrainTools.Heightmap.Status.Generating,生成中,-
TerrainTools.Heightmap.Seed.Label,种子,-
TerrainTools.Heightmap.Seed.Lock.Label,锁定,-
TerrainTools.Heightmap.Slider.LOD,细节 (细微地形),-
TerrainTools.Heightmap.Slider.Amplitude,振幅 (陡峭程度),-
TerrainTools.Heightmap.Slider.Frequency,频率 (山峰数量),-
TerrainTools.Heightmap.Slider.Crest,峰顶形状,-
TerrainTools.Heightmap.Slider.Base,峰底形状,-
TerrainTools.Heightmap.Slider.Mean,平均高度,-
TerrainTools.Heightmap.Slider.Min,最小高度,-
TerrainTools.Heightmap.Slider.Max,最大高度,-
TerrainTools.Heightmap.Slider.PeriodX,噪声X轴周期,-
TerrainTools.Heightmap.Slider.PeriodY,噪声Y轴周期,-
TerrainTools.PathPainter.Tool.Title,路径绘制工具,-
TerrainTools.PathPainter.Tool.Description,沿着绘制的路径调整地形。,-
TerrainTools.PathPainter.Tip.AddMove,{0}：添加/移动点,-
TerrainTools.PathPainter.Tip.DeleteHovered,{0}：删除悬停点,-
TerrainTools.PathPainter.Tip.DeleteMultiple,{0} (按住)：删除多个点,-
TerrainTools.PathPainter.Curve.Button.Line,直线,-
TerrainTools.PathPainter.Curve.Button.Continuous,连续曲线,-
TerrainTools.PathPainter.Curve.Toggle.SingleSegment,单段模式,-
TerrainTools.PathPainter.Curve.Toggle.DrawEndCaps,平滑端点,-
TerrainTools.PathPainter.Curve.Slider.Distance,绘制距离,-
TerrainTools.PathPainter.ToggleText.Symmetry,对称模式,-
TerrainTools.PathPainter.ToggleText.Symmetry.On,已启用,-
TerrainTools.PathPainter.ToggleText.Symmetry.Off,已禁用,-
TerrainTools.PathPainter.Button.ClearAll,清除路径,-
TerrainTools.Smoothing.Tool.Title,平滑笔刷工具,-
TerrainTools.Smoothing.Slider.Brush.Size,笔刷大小,-
TerrainTools.Smoothing.Slider.Sample.Size,采样范围,-
TerrainTools.Smoothing.Slider.Force,笔刷硬度,-
TerrainTools.Smoothing.ToggleGroup.Shape,笔刷形状,-
TerrainTools.Smoothing.Shape.Square,方形,-
TerrainTools.Smoothing.Shape.Circle,圆形,-
TerrainTools.MoundMaker.Tool.Title,山丘生成工具,-
TerrainTools.MoundMaker.Hint.CycleSeed,{0}：更换种子,-
TerrainTools.MoundMaker.Hint.DigMode,{0} (按住)：挖掘模式,-
TerrainTools.MoundMaker.Header.Shape,形状,-
TerrainTools.MoundMaker.Slider.PeakHeight,峰顶高度,-
TerrainTools.MoundMaker.Slider.MaxChange,变化幅度,-
TerrainTools.MoundMaker.Header.RadialNoise,径向噪波,-
TerrainTools.MoundMaker.Slider.Radial.Scale,缩放,-
TerrainTools.MoundMaker.Slider.Radial.Frequency,频率,-
TerrainTools.MoundMaker.Slider.Radial.Detail,细节,-
TerrainTools.MoundMaker.Header.VerticalNoise,垂直噪波,-
TerrainTools.MoundMaker.Slider.Vertical.Amplitude,振幅,-
TerrainTools.MoundMaker.Slider.Vertical.Frequency,频率,-
TerrainTools.MoundMaker.Slider.Vertical.Detail,细节,-
TerrainTools.MoundMaker.Checkbox.Randomize,随机化,-
TerrainTools.MoundMaker.Seed.Label,种子,-
TerrainTools.CloneTool.Title,选区编辑工具,-
TerrainTools.CloneTool.Description,复制、剪切、旋转、翻转与粘贴。,-
TerrainTools.CloneTool.InputGroup.Select,选择区域,-
TerrainTools.CloneTool.InputGroup.Cancel,取消,-
TerrainTools.CloneTool.InputGroup.HeightSelect,选择高度,-
TerrainTools.CloneTool.InputGroup.Confirm,确认,-
TerrainTools.CloneTool.InputGroup.MoveSelection,移动,-
TerrainTools.CloneTool.InputGroup.Cut,剪切,-
TerrainTools.CloneTool.InputGroup.Copy,复制,-
TerrainTools.CloneTool.InputGroup.Paste,粘贴,-
TerrainTools.CloneTool.InputGroup.Rotate,旋转,-
TerrainTools.CloneTool.InputGroup.Flip,翻转,-
TerrainTools.CloneTool.InputGroup.PositionTrim,修改位置,-
TerrainTools.CloneTool.InputGroup.HeightTrim,修改高度,-
TerrainTools.CloneTool.InputGroup.Reset,重置,-
TerrainTools.CloneTool.InputDesciption.LeftClick,点击左键,-
TerrainTools.CloneTool.InputDesciption.RightClick,点击右键,-
TerrainTools.CloneTool.InputDesciption.ClickAndDrag,点击并拖动,-
TerrainTools.CloneTool.InputDesciption.MouseScroll,鼠标滚轮,-
TerrainTools.CloneTool.InputDesciption.Hold,按住,-
TerrainTools.CloneTool.ToolTip.Start,选区基底,-
TerrainTools.CloneTool.ToolTip.Base,选区基底,-
TerrainTools.CloneTool.ToolTip.Height,选区高度,-
TerrainTools.CloneTool.ToolTip.MoveApply,选区编辑,-
TerrainTools.CloneTool.Error.NoText,错误-无文本,-
TerrainTools.CloneTool.Option.IncludeAirBlocks,复制空方块,-
TerrainTools.CloneTool.Option.IncludeStackedBlocks,复制堆叠物体,-
TerrainTools.PathPainter.Curve.Button.3Points,三点曲线,-
TerrainTools.PathPainter.Curve.Button.4Points,四点曲线,-
