ID,Text,Comment
LV.CFac.RemoveDup,嘗試刪除重複項目（需要重新啟動）,-
LV.CFac.RemoveDupDesc,嘗試移除所有派系擁有相似名稱的建築（如小徑或平台）。,-
LV.CFac.AddPlants,添加植物（農作物和樹木）,-
LV.CFac.AddPlantsDesc,您可以種植其他派系的農作物和樹木。您必須將Folktails的水生農舍添加到所有其他派系以防止崩潰。,-
LV.CFac.AddPlantsNotif,您必須將水上農舍添加到鐵牙，否則在加載鐵牙時會崩潰。,-
LV.CFac.NoBotNeeds,不要添加機器人的需求,-
LV.CFac.NoBotNeedsDesc,"不要將機器人的需求加入其他派系（生物燃料和能源）。  
您必須不要將生物燃料生產建築（煉油廠）加入鐵牙派系，否則遊戲在建造時會崩潰。",-
LV.CFac.NoBotNeedsNotif,您不得將生物燃料生產建築（煉油廠）添加到鐵牙派系，否則在建造時遊戲將崩潰。,-
