ID,Text,Comment
LV.CBk.CameraSaved,相機位置已保存至槽位 {0}。,-
LV.CBk.NoBookmark,"槽位 {0} 沒有設置書籤。
使用儲存快速鍵來設置書籤。",-
LV.CBk.Save0,保存書籤 0,-
LV.CBk.Jump0,跳至書籤 0,-
LV.CBk.Save1,保存書籤1,-
LV.CBk.Jump1,跳到書籤 1,-
LV.CBk.Save2,保存書籤 2,-
LV.CBk.Jump2,跳至書籤 2,-
LV.CBk.Save3,保存書籤 3,-
LV.CBk.Jump3,跳至書籤3,-
LV.CBk.Save4,保存書籤4,-
LV.CBk.Jump4,跳至書籤 4,-
LV.CBk.Save5,儲存書籤 5,-
LV.CBk.Jump5,跳至書籤 5,-
LV.CBk.Save6,儲存書籤6,-
LV.CBk.Jump6,跳至書籤 6,-
LV.CBk.Save7,保存書籤 7,-
LV.CBk.Jump7,跳至書籤 7,-
LV.CBk.Save8,保存書籤 8,-
LV.CBk.Jump8,跳至書籤 8,-
LV.CBk.Save9,儲存書籤 9,-
LV.CBk.Jump9,“跳至書籤 9”,-
