ID,Text,Comment
evaporation.settings.enablemod,啟用模組,-
evaporation.settings.enablemod.desc,開關整個模組的開啟或關閉。,-
evaporation.settings.coveredevaporationrate,覆蓋蒸發率,-
evaporation.settings.coveredevaporationrate.desc,與香草相比，蓋住的水蒸發得多慢或多快。100% = 香草，1% 是 100 倍慢。,-
evaporation.settings.maxsearchheight,覆蓋搜尋高度,-
evaporation.settings.maxsearchheight.desc,搜索掩護的水面高度應為多高。較高的數值可以檢測到較高的結構，但可能會影響在大地圖上的性能。,-
evaporation.settings.updateinterval,檢查頻率,-
evaporation.settings.updateinterval.desc,更新覆蓋檢測的頻率應該如何？（1=較快，10=較慢）。大致上：1≈半天，5≈2天，10≈一週。,-
