ID,Text,Comment
GreedyEmbers.biofuel,生物燃料,-
GreedyEmbers.displayname,貪婪的火焰,-
GreedyEmbers.description,這些渴望樂趣的火焰毛皮對水的熱愛使他們加入了貪婪建造者的一個分支……他們隨即更名為貪婪火焰 :D,-
GreedyBots,貪婪機器人 #,-
GreedyEmbers.WonderCompletion.Message,做得好！,-
GreedyEmbers.WonderCompletion.Flavour,那真是一番努力，不是嗎？:D,-
GreedyEmbers.GameOver.Message,...你是怎麼做到的？,-
GreedyEmbers.GameOver.Flavour,來吧，你可以做得更好的！,-
GreedyEmberBots,貪婪的火焰機器人 #,-
GreedyEmbers.SoggyFur,濕透的毛皮,-
GreedyEmbers.SoakedFur,濕透的毛皮,-
