ID,Text,Comment
LV.WEdit.WeatherEditor,天氣編輯器,-
LV.WEdit.CurrentWeather,當前天氣,-
LV.WEdit.NoModdableWeather,無法修改的天氣,-
LV.WEdit.Duration,持續時間（天數）,-
LV.WEdit.HazardousWeather,危險天氣,-
LV.WEdit.NextCycle,下一個週期,-
LV.WEdit.SingleModeTemperate,單人模式天氣是溫和的,-
LV.WEdit.SaveWarning,在繼續之前請先備份存檔！,-
LV.WEdit.Edit,編輯天氣,-
LV.WEdit.DurationNonNeg,持續時間必須是非負數字,-
LV.WEdit.AskToLoad,"編輯的天氣已儲存。  
您想要載入該儲存檔嗎？  
（繼續在此會話中遊玩可能會導致問題）",-
LV.WEdit.NoWeather,[無天氣],-
