ID,Text,Comment
LV.BO.EnableBenchmark,啟用基準測試,-
LV.BO.EnableBenchmarkDesc,"顯示基準測試用戶界面（遊戲中：Esc -> 基準測試）。
某些代碼會被注入到遊戲中，並將導致遊戲運行變慢。
更改此設置後請重新啟動遊戲。",-
LV.BO.WellKnownTasks,知名任務,-
LV.BO.OtherTasks,其他任務,-
LV.BO.Benchmark,基準測試,-
LV.BO.BenchmarkRunning,"基準測試正在進行中（剩餘 {0} 秒）。
您不應該在完成之前暫停遊戲，以避免影響結果。
您現在可以停止它，稍後再試。",-
LV.BO.BmTime,基準測試持續時間（實際秒數）,-
LV.BO.StartBm,開始基準測試,-
LV.BO.BmInfo,"測量每個組件運行所需的時間。  
選擇收集數據的持續時間。  
在點擊「開始基準測試」後，<b>盡量不要暫停遊戲</b>，以避免影響結果。  
不過，你可以將遊戲速度改為任何你想知道性能的速度。  
如果遊戲已暫停，點擊此按鈕後將自動恢復。  
基準測試完成後，這個對話框將自動再次打開。",-
LV.BO.EndBm,立即結束基準測試,-
LV.BO.Import,導入,-
LV.BO.Export,出口,-
LV.BO.WellKnown_BehaviorManager,"控制角色的行動。這是性能消耗的主要原因之一。
延遲這個將導致角色無法立即改變行動。
我<b>不建議</b>在未經測試的情況下延遲這個，因為這可能會降低你的工作效率。",-
LV.BO.WellKnown_NavMeshObserver,"控制角色移動時的路徑尋找。
延遲此操作可能會導致角色無法立即對路徑尋找的變化做出反應。",-
LV.BO.WellKnown_ConstructionSite,控制您建築物建設的完成。延遲將導致本應立即完成的建築物未能及時完成。,-
LV.BO.WellKnown_BuilderJobReachabilityStatus,"控制建造者工作的可達性。
延遲這一點會導致建造者的狀態無法立即到達施工現場。",-
LV.BO.WellKnown_ResourceCountingService,控制遊戲中資源的計算。延遲此操作會導致資源計數器更新的頻率降低。,-
