ID,Text,Comment
GreedyCoats.biofuel,生物燃料,-
GreedyCoats.displayname,貪婪外套,-
GreedyCoats.description,這些葉皮因為過於渴望多樣性，學會了喜愛水域，並加入了貪婪建造者的分支……他們隨即改名為貪婪外套 :D,-
GreedyBots,貪婪機器人 #,-
GreedyCoats.WonderCompletion.Message,做得好！,-
GreedyCoats.WonderCompletion.Flavour,那真是一番努力，不是嗎？:D,-
GreedyCoats.GameOver.Message,「...你是怎麼做到的？」,-
GreedyCoats.GameOver.Flavour,來吧，你可以做得更好！,-
GreedyEmberBots,貪婪外套機器人 #,-
GreedyCoatBots,貪婪外套機器人 #,-
