ID,Text,Comment
LV.HNT.Title,顏色與轉向,-
LV.HNT.Reset,重置,-
LV.HNT.KeybindingCopy,複製色相與旋轉,-
LV.HNT.KeybindingPaste,粘貼色調與旋轉,-
LV.HNT.Color,顏色,-
LV.HNT.FluidColor,流體顏色,-
LV.HNT.Rotation,旋轉,-
LV.HNT.RotationPivot,旋轉樞紐,-
LV.HNT.Advanced,切換高級選項,-
LV.HNT.Translate,位置平移,-
LV.HNT.ToAll,致所有 {0}:,-
LV.HNT.AllConfirm,你確定嗎？,-
LV.HNT.ColorAll,使用這個顏色,-
LV.HNT.ApplyAll,使用這些設定,-
LV.HNT.RotateRandomAll,隨機旋轉,-
LV.HNT.ResetAll,重置,-
LV.HNT.Scale,規模,-
LV.HNT.RotationX,旋轉 X,-
LV.HNT.RotationZ,Z 旋轉,-
LV.HNT.Positioning,定位,-
LV.HNT.Transparency,透明度,-
