ID,Text,Comment
Building.Dispensary.DisplayName,配藥站,-
Building.Dispensary.Description,你想要嗨嗎？,-
Building.Dispensary.FlavorDescription,哈？什麼？兄弟，我的車在哪裡？,-
Building.Creamery.DisplayName,奶油廠,-
Building.Creamery.Description,「製造奶油的地方。」,-
Building.Creamery.FlavorDescription,奶油般的,-
Good.Dabs.DisplayName,濃縮液,-
Good.Dabs.PluralDisplayName,濃縮物,-
Good.Marijuana.DisplayName,大麻,-
Good.Marijuana.PluralDisplayName,大麻,-
Good.Weed.DisplayName,大麻煙卷,-
Good.Weed.PluralDisplayName,大麻煙捲,-
Good.WeedBrownies.DisplayName,大麻布朗尼,-
Good.WeedBrownies.PluralDisplayName,大麻布朗尼,-
Good.WeedButter.DisplayName,大麻牛油,-
Good.WeedButter.PluralDisplayName,大麻奶油,-
NatrualResources.Marijuana.DisplayName,大麻,-
NatrualResources.Marijuana.Description,甜葉,-
NatrualResources.Marijuana.FlavorDescription,甜葉,-
Need.Weed.DisplayName,嗨起來,-
Recipe.Dabs.DisplayName,「濃縮物」,-
Recipe.Weed.DisplayName,大麻煙捲,-
Recipe.WeedBrownies.DisplayName,大麻布朗尼,-
Recipe.WeedButter.DisplayName,大麻黃油,-
