ID,Text,Comment
Building.Brewery.Description,將水果、種子和作物釀造成美味的茶。,-
Building.Brewery.DisplayName,釀酒廠,-
Building.Brewery.FlavorDescription,大家都來喝茶時間。,-
Building.JamStove.Description,將漿果煮成果醬以便進一步加工。,-
Building.JamStove.DisplayName,果醬爐,-
Building.JamStove.FlavorDescription,鍋子必須蓋上，因為有太多愛吃甜食的海狸被美味的果醬所誘惑。,-
Building.MealPrepHut.Description,將食物分成特定的餐點組合。,-
Building.MealPrepHut.DisplayName,餐食準備小屋,-
Building.MealPrepHut.FlavorDescription,該準備大量餐點的時間了。,-
Building.MedicalBedBeeSting.Description,「提升蜜蜂叮咬的治療效果。」,-
Building.MedicalBedBeeSting.DisplayName,醫療床 - 蜜蜂螫,-
Building.MedicalBedBeeSting.FlavorDescription,被蜜蜂蛰到真是令人討厭。,-
Building.MedicalBedInjury.Description,提高受傷癒合速度。,-
Building.MedicalBedInjury.DisplayName,醫療床 - 受傷,-
Building.MedicalBedInjury.FlavorDescription,傷害確實會發生。,-
Good.BeeStingRemedy.DisplayName,蜜蜂蜇傷解藥,-
Good.BeeStingRemedy.PluralDisplayName,蜜蜂刺療法,-
Good.BerryBun.DisplayName,莓果包,-
Good.BerryBun.PluralDisplayName,莓果鬆餅,-
Good.BerryJam.DisplayName,莓果果醬,-
Good.BerryJam.PluralDisplayName,莓果醬,-
Good.BerryMuffin.DisplayName,莓果鬆餅,-
Good.BerryMuffin.PluralDisplayName,莓果瑪芬,-
Good.BerryPie.DisplayName,莓果派,-
Good.BerryPie.PluralDisplayName,莓果派,-
Good.BerryTea.DisplayName,莓果茶,-
Good.BerryTea.PluralDisplayName,莓果茶,-
Good.CBJSandwich.DisplayName,花生醬與果醬三明治,-
Good.CBJSandwich.PluralDisplayName,花生醬與果醬三明治,-
Good.CarrotCake.DisplayName,胡蘿蔔蛋糕,-
Good.CarrotCake.PluralDisplayName,胡蘿蔔蛋糕,-
Good.CarrotTea.DisplayName,胡蘿蔔茶,-
Good.CarrotTea.PluralDisplayName,胡蘿蔔茶,-
Good.CassavaCake.DisplayName,木薯蛋糕,-
Good.CassavaCake.PluralDisplayName,木薯蛋糕,-
Good.ChestnutButter.DisplayName,栗子奶油,-
Good.ChestnutButter.PluralDisplayName,栗子醬,-
Good.CornCoffee.DisplayName,玉米咖啡,-
Good.CornCoffee.PluralDisplayName,玉米咖啡,-
Good.DandelionTea.DisplayName,蒲公英茶,-
Good.DandelionTea.PluralDisplayName,蒲公英茶,-
Good.FermentedBerries.DisplayName,發酵漿果,-
Good.FermentedBerries.PluralDisplayName,發酵漿果,-
Good.FermentedCorn.DisplayName,發酵玉米,-
Good.FermentedCorn.PluralDisplayName,發酵玉米,-
Good.FermentedEggplant.DisplayName,醃製茄子,-
Good.FermentedEggplant.PluralDisplayName,發酵的茄子,-
Good.GrilledCarrot.DisplayName,烤胡蘿蔔,-
Good.GrilledCarrot.PluralDisplayName,烤胡蘿蔔,-
Good.GrilledSunflowerSeeds.DisplayName,烤向日葵種子,-
Good.GrilledSunflowerSeeds.PluralDisplayName,烤向日葵種子,-
Good.GrilledWaffle.DisplayName,烤華夫饼,-
Good.GrilledWaffle.PluralDisplayName,烤華夫餅,-
Good.HealingBandage.DisplayName,療傷繃帶,-
Good.HealingBandage.PluralDisplayName,療傷繃帶,-
Good.HealingBrew.DisplayName,療癒飲品,-
Good.HealingBrew.PluralDisplayName,療癒飲品,-
Good.MangroveFruitCoffee.DisplayName,紅樹果咖啡,-
Good.MangroveFruitCoffee.PluralDisplayName,紅樹林果咖啡,-
Good.MealBox.DisplayName,餐盒,-
Good.MealBox.PluralDisplayName,餐盒,-
Good.PotatoWedge.DisplayName,馬鈴薯角,-
Good.PotatoWedge.PluralDisplayName,馬鈴薯 wedges,-
Good.RoastedKohlrabi.DisplayName,烤蘿蔔,-
Good.RoastedKohlrabi.PluralDisplayName,烤甘藍菜,-
Good.RoastedMushroom.DisplayName,燒烤蘑菇,-
Good.RoastedMushroom.PluralDisplayName,烤香菇,-
Good.SoyCoffee.DisplayName,豆漿咖啡,-
Good.SoyCoffee.PluralDisplayName,豆漿咖啡,-
Good.SunflowerTea.DisplayName,向日葵茶,-
Good.SunflowerTea.PluralDisplayName,向日葵茶,-
Good.MealFTSet1.DisplayName,新鮮餐點套裝 1,-
Good.MealFTSet1.PluralDisplayName,新鮮餐點組 1,-
Good.MealFTSet2.DisplayName,新鮮餐點套裝 2,-
Good.MealFTSet2.PluralDisplayName,新鮮餐點套件2,-
Good.MealFTSet3.DisplayName,新鮮餐點套裝 3,-
Good.MealFTSet3.PluralDisplayName,新鮮餐點套裝 3,-
Good.MealFTSet4.DisplayName,新鮮餐點套裝 4,-
Good.MealFTSet4.PluralDisplayName,新鮮餐點套裝4,-
Good.MealFTSet5.DisplayName,新鮮餐點套裝5,-
Good.MealFTSet5.PluralDisplayName,新鮮餐點套裝 5,-
Good.MealITSet1.DisplayName,快餐套餐 1,-
Good.MealITSet1.PluralDisplayName,快速餐點套裝 1,-
Good.MealITSet2.DisplayName,速食餐套餐 2,-
Good.MealITSet2.PluralDisplayName,快速餐點套裝 2,-
Good.MealITSet3.DisplayName,快餐套餐3,-
Good.MealITSet3.PluralDisplayName,「速食餐組3」,-
Good.MealITSet4.DisplayName,快速餐點套裝 4,-
Good.MealITSet4.PluralDisplayName,快捷餐套餐4,-
Good.MealITSet5.DisplayName,快餐套餐5,-
Good.MealITSet5.PluralDisplayName,快餐套裝 5,-
Good.BakedPotatoFries.DisplayName,焗馬鈴薯條,-
Good.BakedPotatoFries.PluralDisplayName,烤馬鈴薯條,-
Good.RoastedCarrot.DisplayName,烤胡蘿蔔,-
Good.RoastedCarrot.PluralDisplayName,烤胡蘿蔔,-
Good.SpadderdockWaffle.DisplayName,斯帕德多克鬆餅,-
Good.SpadderdockWaffle.PluralDisplayName,斯帕德羅克華夫,-
